image_path,true_label,predicted_label
E:/8semproject/dataset_split/test\amala\-chyawanprash-chyavanprash-juice-amla-supari-mouth-freshner-powder-101573897.jpg,amala,gulbahar
E:/8semproject/dataset_split/test\amala\-chyawanprash-chyavanprash-juice-amla-supari-mouth-freshner-powder-101576310.jpg,amala,gulbahar
E:/8semproject/dataset_split/test\amala\-food-gooseberry-vegetable-amla-tomato-tropical-fruit-granny-smith-thumbnail.png,amala,amala
E:/8semproject/dataset_split/test\amala\-fruit-selective-focus-stock-photo-phyllanthus-emblica-cane-basket-101577569.jpg,amala,gulbahar
E:/8semproject/dataset_split/test\amala\-fruit-selective-focus-stock-photo-phyllanthus-emblica-cane-basket-101580379.jpg,amala,amala
E:/8semproject/dataset_split/test\amala\-fruit-selective-focus-stock-photo-phyllanthus-emblica-cane-basket-101583824.jpg,amala,amala
E:/8semproject/dataset_split/test\amala\-gooseberries-amla-many-leaves-background-amla-fruit-has-antiviral-200998039.jpg,amala,dandelion
E:/8semproject/dataset_split/test\amala\-gooseberry-fruit-basket-its-dried-seed-powder-clay-bowl-used-face-174028808.jpg,amala,gulbahar
E:/8semproject/dataset_split/test\amala\-gooseberry-fruit-basket-its-dried-seed-powder-clay-bowl-used-face-174028836.jpg,amala,gulbahar
E:/8semproject/dataset_split/test\amala\-green-background-one-indian-gooseberry-amla-shadow-isolated-green-213550692.jpg,amala,gulbahar
E:/8semproject/dataset_split/test\amala\-half-fresh-amla-indian-gooseberry-fruits-cut-half-leaves-isolated-211636076.jpg,amala,amala
E:/8semproject/dataset_split/test\amala\-hand-wooden-background-fruit-tree-asia-use-various-cuisine-herbal-232373267.jpg,amala,dandelion
E:/8semproject/dataset_split/test\amala\-hand-wooden-background-fruit-tree-asia-use-various-cuisine-herbal-233572156.jpg,amala,dandelion
E:/8semproject/dataset_split/test\amala\-indian-gooseberry-transparent-cup-wooden-surface-raw-fruit-basket-172997669.jpg,amala,amala
E:/8semproject/dataset_split/test\amala\-indian-gooseberry-transparent-cup-wooden-surface-raw-fruit-basket-172997795.jpg,amala,gulbahar
E:/8semproject/dataset_split/test\amala\-sale-bazaar-indian-phyllanthus-emblica-malacca-tree-emblic-fruits-180467697.jpg,amala,gulbahar
E:/8semproject/dataset_split/test\amala\00000000.jpg,amala,amala
E:/8semproject/dataset_split/test\amala\00000003.jpg,amala,gulbahar
E:/8semproject/dataset_split/test\amala\00000006.jpg,amala,amala
E:/8semproject/dataset_split/test\amala\00000007.jpg,amala,dandelion
E:/8semproject/dataset_split/test\amala\00000014.jpg,amala,gulbahar
E:/8semproject/dataset_split/test\amala\00000032.jpg,amala,gulbahar
E:/8semproject/dataset_split/test\amala\00000039.jpg,amala,gulbahar
E:/8semproject/dataset_split/test\amala\00000040.jpg,amala,tulsi
E:/8semproject/dataset_split/test\amala\00000063.jpg,amala,amala
E:/8semproject/dataset_split/test\amala\1-tLI6XegWXAs2K614_gJOw.png,amala,amala
E:/8semproject/dataset_split/test\amala\1.jpg,amala,gulbahar
E:/8semproject/dataset_split/test\amala\111016-fni-arjuna.jpg,amala,gulbahar
E:/8semproject/dataset_split/test\amala\11507.png,amala,amala
E:/8semproject/dataset_split/test\amala\13378-1519283671.jpg,amala,dandelion
E:/8semproject/dataset_split/test\amala\17151942-amla-fruits-with-selective-focus.jpg,amala,amala
E:/8semproject/dataset_split/test\amala\2-1024x728.jpg,amala,gulbahar
E:/8semproject/dataset_split/test\amala\2.jpeg,amala,gulbahar
E:/8semproject/dataset_split/test\amala\220px-Phyllanthus_emblica_BNC.jpg,amala,gulbahar
E:/8semproject/dataset_split/test\amala\413fmRZfmmL.jpg,amala,dandelion
E:/8semproject/dataset_split/test\amala\51Q3JV3wCRL.jpg,amala,gulbahar
E:/8semproject/dataset_split/test\amala\51TuYXNkr2S._AC_SX425_.jpg,amala,gulbahar
E:/8semproject/dataset_split/test\amala\637705150327501239.jpeg,amala,amala
E:/8semproject/dataset_split/test\amala\70319685.jpg,amala,amala
E:/8semproject/dataset_split/test\amala\78C2E6CA-D453-4F6F-9E62-7CF4E166074D.jpg,amala,gulbahar
E:/8semproject/dataset_split/test\amala\8.jpg,amala,gulbahar
E:/8semproject/dataset_split/test\amala\931e54fd8027a23a9ce2c8312cbc821c.jpg,amala,gulbahar
E:/8semproject/dataset_split/test\amala\Amala.jpg,amala,dandelion
E:/8semproject/dataset_split/test\amala\Amla-Juice-.jpeg,amala,amala
E:/8semproject/dataset_split/test\amala\Amla20Indian20gooseberries.jpg,amala,gulbahar
E:/8semproject/dataset_split/test\amala\Amla_-_main.jpg,amala,amala
E:/8semproject/dataset_split/test\amala\Amla_Indian_Gooseberry_plant_for_sale_620x.png,amala,dandelion
E:/8semproject/dataset_split/test\amala\Amloki.jpg,amala,gulbahar
E:/8semproject/dataset_split/test\amala\Aonla-640x480.jpg,amala,dandelion
E:/8semproject/dataset_split/test\amala\Baking-Indian-Gooseberries.jpg,amala,dandelion
E:/8semproject/dataset_split/test\amala\Figure-1-Photograph-showing-fruits-of-Phyllanthus-emblica-Amla.png,amala,amala
E:/8semproject/dataset_split/test\amala\GettyImages-amla-for-hair-care_1200.jpg,amala,gulbahar
E:/8semproject/dataset_split/test\amala\GooseBerry.jpg,amala,amala
E:/8semproject/dataset_split/test\amala\How-To-Use-Indian-Gooseberry-Amla-For-Diabetes.jpg,amala,gulbahar
E:/8semproject/dataset_split/test\amala\LRM_EXPORT_20170830_195842-1560x1170.jpg,amala,gulbahar
E:/8semproject/dataset_split/test\amala\Nellikka.jpg,amala,dandelion
E:/8semproject/dataset_split/test\amala\OIF.MUkwL3JxewXNiYJl9gmmpA.jpg,amala,gulbahar
E:/8semproject/dataset_split/test\amala\OIP.1QnfRQQ8VconvLj3fzpfnQHaEK.jpg,amala,gulbahar
E:/8semproject/dataset_split/test\amala\OIP.7GRnaJJfLgXOjFBXhiEwBwHaKW.jpg,amala,gulbahar
E:/8semproject/dataset_split/test\amala\OIP.8j0EtvoQduTfBvE-Sn49dQHaFQ.jpg,amala,gulbahar
E:/8semproject/dataset_split/test\amala\OIP.AVF5xRO03994gWv3_rKpIwHaFj.jpg,amala,dandelion
E:/8semproject/dataset_split/test\amala\OIP.KMMCHoDZjz7HteJOGjn2OgHaFL.jpg,amala,amala
E:/8semproject/dataset_split/test\amala\OIP.MMTq_k1wqNofpE33wXSzmAHaEd.jpg,amala,gulbahar
E:/8semproject/dataset_split/test\amala\OIP.QYomYVfSkxVZvjBQ3SpbiQHaJ5.jpg,amala,gulbahar
E:/8semproject/dataset_split/test\amala\OIP.Qnb-VIMrhu8wpiSSF-wf4QHaEc.jpg,amala,amala
E:/8semproject/dataset_split/test\amala\OIP.ULjXbSadCNdY1ZL3PgL_qQHaLF.jpg,amala,amala
E:/8semproject/dataset_split/test\amala\OIP.VcxMhTJlkxw0hnuka7d5DgHaGU.jpg,amala,amala
E:/8semproject/dataset_split/test\amala\OIP.XXZsu0C26x2jlTkO1ajdGwHaFd.jpg,amala,amala
E:/8semproject/dataset_split/test\amala\OIP.XsHVwfHm9NAdYLf8VP_qmgHaD2.jpg,amala,gulbahar
E:/8semproject/dataset_split/test\amala\OIP.ZYQ13MDOHoqk5Us92mCgCgHaD4.jpg,amala,gulbahar
E:/8semproject/dataset_split/test\amala\OIP._-u8Up0H_W50t1ue4YEZOAHaE8.jpg,amala,amala
E:/8semproject/dataset_split/test\amala\OIP._7JuF4A5SQeNpC9PdDf-cgHaEo.jpg,amala,dandelion
E:/8semproject/dataset_split/test\amala\OIP.b5GN2Q2uwraVabrUdsqaxgHaE8.jpg,amala,amala
E:/8semproject/dataset_split/test\amala\OIP.d-JH6E7i9ugZRLzZWnaB7AHaFL.jpg,amala,amala
E:/8semproject/dataset_split/test\amala\OIP.egxZqeJtBWfC9OzMBRKKRwHaFj.jpg,amala,amala
E:/8semproject/dataset_split/test\amala\OIP.fETQTw3hNMLxgo7zUf4ChgHaEv.jpg,amala,gulbahar
E:/8semproject/dataset_split/test\amala\OIP.kOjCp5pOkiVXDGmwsa_gGQAAAA.jpg,amala,amala
E:/8semproject/dataset_split/test\amala\OIP.kwIx5Hy9lFkDtsX6F1XFQwHaFt.jpg,amala,gulbahar
E:/8semproject/dataset_split/test\amala\OIP.mBqB135N4osnbGmaqdUi8gHaHa.jpg,amala,gulbahar
E:/8semproject/dataset_split/test\amala\OIP.niElIOEbHuO5kC9rBGCbigHaFh.jpg,amala,gulbahar
E:/8semproject/dataset_split/test\amala\OIP.qHaEei2dpbVPSrswQV4xsQAAAA.jpg,amala,amala
E:/8semproject/dataset_split/test\amala\OIP.s9vZJUE5LwBSKcAQaZxX_AHaKD.jpg,amala,gulbahar
E:/8semproject/dataset_split/test\amala\OIP.tSyxx_hEWyhak1krYqo6SwHaHa.jpg,amala,amala
E:/8semproject/dataset_split/test\amala\OIP.uPsGbvfe-0QXKZOrl_RMggHaHa.jpg,amala,gulbahar
E:/8semproject/dataset_split/test\amala\Stachelbeeren.jpg,amala,amala
E:/8semproject/dataset_split/test\amala\Turmeric-Amla-collage.jpg,amala,gulbahar
E:/8semproject/dataset_split/test\amala\Untitleddesign_59_570x570.png,amala,amala
E:/8semproject/dataset_split/test\amala\a-indian-gooseberry-fruits-amla-phyllanthus-emblica-isolated-white-220407188.jpg,amala,gulbahar
E:/8semproject/dataset_split/test\amala\aamala.jpg,amala,gulbahar
E:/8semproject/dataset_split/test\amala\ack-background-fruit-tree-asia-use-various-cuisine-herbal-medicine-235211787.jpg,amala,gulbahar
E:/8semproject/dataset_split/test\amala\akhampom-has-medicinal-properties-eating-will-moisten-throat-taste-194217216.jpg,amala,gulbahar
E:/8semproject/dataset_split/test\amala\akhampom-has-medicinal-properties-eating-will-moisten-throat-taste-194217232.jpg,amala,gulbahar
E:/8semproject/dataset_split/test\amala\akhampom-has-medicinal-properties-eating-will-moisten-throat-taste-194217981.jpg,amala,gulbahar
E:/8semproject/dataset_split/test\amala\akhampom-has-medicinal-properties-eating-will-moisten-throat-taste-194217983.jpg,amala,gulbahar
E:/8semproject/dataset_split/test\amala\akhampom-has-medicinal-properties-eating-will-moisten-throat-taste-194217992.jpg,amala,gulbahar
E:/8semproject/dataset_split/test\amala\akhampom-has-medicinal-properties-eating-will-moisten-throat-taste-194217999.jpg,amala,gulbahar
E:/8semproject/dataset_split/test\amala\amalaki-tree.jpg,amala,gulbahar
E:/8semproject/dataset_split/test\amala\amla-500x500.jpg,amala,amala
E:/8semproject/dataset_split/test\amala\amla-background-healthy-green-indian-gooseberry-amla-picture-id1185795713.jpg,amala,gulbahar
E:/8semproject/dataset_split/test\amala\amla-close-up-61604201.jpg,amala,gulbahar
E:/8semproject/dataset_split/test\amala\amla-emblica-officinalis-indian-gooseberries-growing-on-tree-picture-id480876199.jpg,amala,gulbahar
E:/8semproject/dataset_split/test\amala\amla-emblica-officinalis-indian-gooseberries-growing-on-tree-picture-id485191937.jpg,amala,gulbahar
E:/8semproject/dataset_split/test\amala\amla-emblica-officinalis-indian-gooseberries-picture-id514726991.jpg,amala,gulbahar
E:/8semproject/dataset_split/test\amala\amla-emblica-officinalis-indian-gooseberries-picture-id530527219.jpg,amala,gulbahar
E:/8semproject/dataset_split/test\amala\amla-emblica-officinalis-indian-gooseberries-picture-id530808271.jpg,amala,dandelion
E:/8semproject/dataset_split/test\amala\amla-emblica-officinalis-indian-gooseberries-picture-id530860163.jpg,amala,gulbahar
E:/8semproject/dataset_split/test\amala\amla-emblica-officinalis-indian-gooseberries-picture-id675913146.jpg,amala,gulbahar
E:/8semproject/dataset_split/test\amala\amla-fruit-1-1066x772.jpg,amala,amala
E:/8semproject/dataset_split/test\amala\amla-fruit-grafted-plant.jpg,amala,amala
E:/8semproject/dataset_split/test\amala\amla-fruit-picture-id179324612.jpg,amala,amala
E:/8semproject/dataset_split/test\amala\amla-fruit-picture-id820938026.jpg,amala,amala
E:/8semproject/dataset_split/test\amala\amla-fruit-selective-focus-over-white-background-33589629.jpg,amala,amala
E:/8semproject/dataset_split/test\amala\amla-fruit-tree-isolated-picture-id473190932.jpg,amala,gulbahar
E:/8semproject/dataset_split/test\amala\amla-fruit-vector-illustration-indian-gooseberry-malacca-tree-or-amalika-JE6RMX.jpg,amala,gulbahar
E:/8semproject/dataset_split/test\amala\amla-fruit-yellow-color-tree-fresh-healthy-better-digestion-152041138.jpg,amala,gulbahar
E:/8semproject/dataset_split/test\amala\amla-fruits-16596134.jpg,amala,gulbahar
E:/8semproject/dataset_split/test\amala\amla-fruits-dried-green-over-white-background-45875101.jpg,amala,gulbahar
E:/8semproject/dataset_split/test\amala\amla-fruits-glass-bowl-over-white-background-76925804.jpg,amala,amala
E:/8semproject/dataset_split/test\amala\amla-fruits-indian-open-market-close-up-56519160.jpg,amala,gulbahar
E:/8semproject/dataset_split/test\amala\amla-fruits-over-white-background-49193544.jpg,amala,amala
E:/8semproject/dataset_split/test\amala\amla-fruits-picture-id500829525.jpg,amala,gulbahar
E:/8semproject/dataset_split/test\amala\amla-fruits-picture-id533744525.jpg,amala,amala
E:/8semproject/dataset_split/test\amala\amla-fruits-pills-prescription-76903398.jpg,amala,gulbahar
E:/8semproject/dataset_split/test\amala\amla-fruits-prescribed-as-alternative-medicine-over-white-84292759.jpg,amala,gulbahar
E:/8semproject/dataset_split/test\amala\amla-fruits-prescription-closeup-76903641.jpg,amala,gulbahar
E:/8semproject/dataset_split/test\amala\amla-fruits-selective-focus-20643785.jpg,amala,amala
E:/8semproject/dataset_split/test\amala\amla-fuit-phyllanthus-emblica-primary_518x.jpg,amala,gulbahar
E:/8semproject/dataset_split/test\amala\amla-gooseberry.jpg,amala,amala
E:/8semproject/dataset_split/test\amala\amla-green-fruit-ndian-gooseberry-isolated-white-background-has-clipping-path-82127879.jpg,amala,gulbahar
E:/8semproject/dataset_split/test\amala\amla-green-fruit-ndian-gooseberry-isolated-white-background-has-clipping-path-82128181.jpg,amala,gulbahar
E:/8semproject/dataset_split/test\amala\amla-green-fruit-ndian-gooseberry-isolated-white-background-has-clipping-path-82136132.jpg,amala,gulbahar
E:/8semproject/dataset_split/test\amala\amla-green-fruits-isolated-on-white-background-picture-id623982230.jpg,amala,amala
E:/8semproject/dataset_split/test\amala\amla-green-fruits-isolated-white-background-196935089.jpg,amala,amala
E:/8semproject/dataset_split/test\amala\amla-green-fruits-phyllanthus-emblica-isolated-on-white-background-picture-id1180531654.jpg,amala,amala
E:/8semproject/dataset_split/test\amala\amla-icon-in-flat-style-isolated-on-white-vector-id1153865988.jpg,amala,amala
E:/8semproject/dataset_split/test\amala\amla-in-white-picture-id644197452.jpg,amala,amala
E:/8semproject/dataset_split/test\amala\amla-in-white-picture-id644198322.jpg,amala,amala
E:/8semproject/dataset_split/test\amala\amla-in-white-picture-id644198508.jpg,amala,amala
E:/8semproject/dataset_split/test\amala\amla-in-white-picture-id644199088.jpg,amala,amala
E:/8semproject/dataset_split/test\amala\amla-in-white-picture-id644199172.jpg,amala,amala
E:/8semproject/dataset_split/test\amala\amla-in-white-picture-id644201502.jpg,amala,gulbahar
E:/8semproject/dataset_split/test\amala\amla-indian-gooseberries-clay-bowl-white-background-46289983.jpg,amala,gulbahar
E:/8semproject/dataset_split/test\amala\amla-indian-gooseberries-plastic-bowl-white-background-83001715.jpg,amala,amala
E:/8semproject/dataset_split/test\amala\amla-indian-gooseberries-plastic-bowl-white-background-83027158.jpg,amala,amala
E:/8semproject/dataset_split/test\amala\amla-indian-gooseberry-powder-fresh-fruits-white-background-amla-powder-fresh-fruits-219788530.jpg,amala,gulbahar
E:/8semproject/dataset_split/test\amala\amla-indian-gooseberry-thumbnail.jpg,amala,dandelion
E:/8semproject/dataset_split/test\amala\amla-murabba-152999350.jpg,amala,gulbahar
E:/8semproject/dataset_split/test\amala\amla-murabba-picture-id1319567806.jpg,amala,gulbahar
E:/8semproject/dataset_split/test\amala\amla-murabba-picture-id1319567816.jpg,amala,gulbahar
E:/8semproject/dataset_split/test\amala\amla-murabba-picture-id1319567820.jpg,amala,gulbahar
E:/8semproject/dataset_split/test\amala\amla-murabba-picture-id1319567826.jpg,amala,gulbahar
E:/8semproject/dataset_split/test\amala\amla-murabba-picture-id1319568335.jpg,amala,gulbahar
E:/8semproject/dataset_split/test\amala\amla-murabba-picture-id601128318.jpg,amala,gulbahar
E:/8semproject/dataset_split/test\amala\amla-powder-fresh-fruits-indian-gooseberry-white-background-219831200.jpg,amala,gulbahar
E:/8semproject/dataset_split/test\amala\amla-ribes-uva-crispa-vegetable-fruit-basket-made-up-bamboo-wooden-172997746.jpg,amala,gulbahar
E:/8semproject/dataset_split/test\amala\amla-ribes-uva-crispa-vegetable-fruit-basket-made-up-bamboo-wooden-172997823.jpg,amala,amala
E:/8semproject/dataset_split/test\amala\amla-tree-closeup-green-healthy-medicine-natural-food-summer-india-139788016.jpg,amala,gulbahar
E:/8semproject/dataset_split/test\amala\amla-tree-closeup-green-healthy-medicine-natural-food-summer-india-139788019.jpg,amala,gulbahar
E:/8semproject/dataset_split/test\amala\amla-tree-closeup-green-healthy-medicine-natural-food-summer-india-139788040.jpg,amala,dandelion
E:/8semproject/dataset_split/test\amala\amla-tree-closeup-green-healthy-medicine-natural-food-summer-india-139788042.jpg,amala,gulbahar
E:/8semproject/dataset_split/test\amala\amla-tree-closeup-green-healthy-medicine-natural-food-summer-india-139788052.jpg,amala,daisy
E:/8semproject/dataset_split/test\amala\amla-tree-closeup-green-healthy-medicine-natural-food-summer-india-139788066.jpg,amala,dandelion
E:/8semproject/dataset_split/test\amala\amla-tree-closeup-green-healthy-medicine-natural-food-summer-india-139788067.jpg,amala,gulbahar
E:/8semproject/dataset_split/test\amala\amla-tree-closeup-green-healthy-medicine-natural-food-summer-india-139788086.jpg,amala,dandelion
E:/8semproject/dataset_split/test\amala\amla-tree-closeup-green-healthy-medicine-natural-food-summer-india-139788087.jpg,amala,dandelion
E:/8semproject/dataset_split/test\amala\amla-tree-closeup-green-healthy-medicine-natural-food-summer-india-139788109.jpg,amala,dandelion
E:/8semproject/dataset_split/test\amala\amla-tree-closeup-green-healthy-medicine-natural-food-summer-india-139788117.jpg,amala,gulbahar
E:/8semproject/dataset_split/test\amala\amla-tree-closeup-green-healthy-medicine-natural-food-summer-india-139788123.jpg,amala,dandelion
E:/8semproject/dataset_split/test\amala\amla-tree-leaf-background-texture-plants-157310620.jpg,amala,gulbahar
E:/8semproject/dataset_split/test\amala\amla3.jpg,amala,amala
E:/8semproject/dataset_split/test\amala\amla_620x350_51485759906.jpg,amala,gulbahar
E:/8semproject/dataset_split/test\amala\amlafruits.jpg,amala,dandelion
E:/8semproject/dataset_split/test\amala\amlaindiangooseberry.jpg,amala,amala
E:/8semproject/dataset_split/test\amala\an-gooseberry-phyllanthus-emblica-transparent-glass-wooden-surface-172997602.jpg,amala,amala
E:/8semproject/dataset_split/test\amala\an-gooseberry-phyllanthus-emblica-transparent-glass-wooden-surface-172997757.jpg,amala,amala
E:/8semproject/dataset_split/test\amala\an-gooseberry-phyllanthus-emblica-transparent-glass-wooden-surface-172997792.jpg,amala,amala
E:/8semproject/dataset_split/test\amala\anic-oil-amla-indian-gooseberry-transparent-bottle-raw-amla-basket-172997438.jpg,amala,gulbahar
E:/8semproject/dataset_split/test\amala\anic-oil-amla-indian-gooseberry-transparent-bottle-raw-amla-basket-172997479.jpg,amala,amala
E:/8semproject/dataset_split/test\amala\anic-oil-amla-indian-gooseberry-transparent-bottle-raw-amla-basket-172997670.jpg,amala,gulbahar
E:/8semproject/dataset_split/test\amala\anic-oil-amla-indian-gooseberry-transparent-bottle-raw-amla-basket-172997705.jpg,amala,gulbahar
E:/8semproject/dataset_split/test\amala\awanprash-stock-photo-amla-avla-aavla-s-products-like-chyawanprash-101576623.jpg,amala,gulbahar
E:/8semproject/dataset_split/test\amala\awanprash-stock-photo-amla-avla-aavla-s-products-like-chyawanprash-101577860.jpg,amala,amala
E:/8semproject/dataset_split/test\amala\ayurvedic-amla-indian-gooseberry-juice-spoon-healthy-diet-wooden-white-background-228213222.jpg,amala,amala
E:/8semproject/dataset_split/test\amala\berry-fruit-bowl-wooden-background-healthy-highest-vitamin-c-fruit-102606273.jpg,amala,amala
E:/8semproject/dataset_split/test\amala\berry-its-powder-wooden-surface-raw-fresh-ripe-phyllanthus-emblica-147316263.jpg,amala,dandelion
E:/8semproject/dataset_split/test\amala\berry-its-powder-wooden-surface-raw-fresh-ripe-phyllanthus-emblica-147316352.jpg,amala,dandelion
E:/8semproject/dataset_split/test\amala\berry-its-powder-wooden-surface-raw-fresh-ripe-phyllanthus-emblica-147316385.jpg,amala,gulbahar
E:/8semproject/dataset_split/test\amala\berry-its-powder-wooden-surface-raw-fresh-ripe-phyllanthus-emblica-147316409.jpg,amala,dandelion
E:/8semproject/dataset_split/test\amala\berry-its-powder-wooden-surface-raw-fresh-ripe-phyllanthus-emblica-147316423.jpg,amala,gulbahar
E:/8semproject/dataset_split/test\amala\bunch-of-fresh-gooseberry-fruits-picture-id1277558990.jpg,amala,gulbahar
E:/8semproject/dataset_split/test\amala\camera-shot-pile-amla-green-fruits-pile-amla-green-fruits-106759157.jpg,amala,amala
E:/8semproject/dataset_split/test\amala\chyawanprash-chyavanprash-juice-supari-mouth-freshner-powder-juicy-101577932.jpg,amala,dandelion
E:/8semproject/dataset_split/test\amala\close-up-of-gooseberries-in-a-line-picture-id959979074.jpg,amala,gulbahar
E:/8semproject/dataset_split/test\amala\close-up-of-indian-gooseberry-with-its-extracted-essence-or-in-a-picture-id1096491824.jpg,amala,amala
E:/8semproject/dataset_split/test\amala\close-up-of-ingredients-of-treatment-for-oily-skin-on-wooden-surface-picture-id1096491886.jpg,amala,gulbahar
E:/8semproject/dataset_split/test\amala\close-up-of-organic-raw-indian-gooseberry-or-amla-or-ribes-uvacrispa-picture-id1096491784.jpg,amala,gulbahar
E:/8semproject/dataset_split/test\amala\close-up-of-raw-amla-or-phyllanthus-emblica-or-indian-gooseberry-in-a-picture-id1096005260.jpg,amala,gulbahar
E:/8semproject/dataset_split/test\amala\close-up-of-raw-phyllanthus-emblica-or-indian-goose-berry-in-a-basket-picture-id900068458.jpg,amala,amala
E:/8semproject/dataset_split/test\amala\close-up-sliced-amla-fruits-20606116.jpg,amala,gulbahar
E:/8semproject/dataset_split/test\amala\crp_Let-food-be-your-medicineAMLA-Indian-Gooseberry.jpg,amala,amala
E:/8semproject/dataset_split/test\amala\d-amla-fruit-has-antiviral-antimicrobial-properties-used-ayurvedic-200995111.jpg,amala,amala
E:/8semproject/dataset_split/test\amala\d-amla-fruit-has-antiviral-antimicrobial-properties-used-ayurvedic-200998030.jpg,amala,dandelion
E:/8semproject/dataset_split/test\amala\d-fruit-tree-asia-use-various-cuisine-herbal-medicine-rich-vitamin-232373211.jpg,amala,gulbahar
E:/8semproject/dataset_split/test\amala\depositphotos_122726376-stock-photo-amla-fruits-in-a-glass.jpg,amala,amala
E:/8semproject/dataset_split/test\amala\dian-goosebeery-isolated-on-white-background-picture-id1313576020.jpg,amala,amala
E:/8semproject/dataset_split/test\amala\dry-fresh-amla-over-white-background-69327124.jpg,amala,gulbahar
E:/8semproject/dataset_split/test\amala\ed-white-backgro-background-herb-medical-fruit-health-care-concept-124701112.jpg,amala,amala
E:/8semproject/dataset_split/test\amala\ed-white-indian-gooseberry-amla-phyllanthus-emblica-isolated-white-180664184.jpg,amala,amala
E:/8semproject/dataset_split/test\amala\ee-green-leaf-phyllanthus-emblica-traditional-gooseberry-ayurvedic-221739850.jpg,amala,dandelion
E:/8semproject/dataset_split/test\amala\ee-green-leaf-phyllanthus-emblica-traditional-gooseberry-ayurvedic-221739854.jpg,amala,gulbahar
E:/8semproject/dataset_split/test\amala\ee-green-leaf-phyllanthus-emblica-traditional-gooseberry-ayurvedic-221739858.jpg,amala,gulbahar
E:/8semproject/dataset_split/test\amala\emblic_myrobalan_amla.jpg,amala,amala
E:/8semproject/dataset_split/test\amala\emblica-amla-green-fruits-basket-background-has-clipping-path-76822219.jpg,amala,gulbahar
E:/8semproject/dataset_split/test\amala\emblica-amla-green-fruits-basket-isolated-white-background-has-clipping-path-76822328.jpg,amala,amala
E:/8semproject/dataset_split/test\amala\emblica-amla-green-fruits-isolated-white-background-has-clipping-path-76822402.jpg,amala,amala
E:/8semproject/dataset_split/test\amala\emblica-amla-green-fruits-isolated-white-background-has-clipping-path-76822439.jpg,amala,amala
E:/8semproject/dataset_split/test\amala\emblica-amla-green-fruits-sack-bag-background-has-clipping-path-76822235.jpg,amala,amala
E:/8semproject/dataset_split/test\amala\emblica-amla-green-fruits-sack-bag-background-has-clipping-path-76822251.jpg,amala,amala
E:/8semproject/dataset_split/test\amala\emblica-amla-green-fruits-sack-bag-isolated-white-background-has-clipping-path-76822257.jpg,amala,gulbahar
E:/8semproject/dataset_split/test\amala\emblica-amla-green-fruits-white-background-76822392.jpg,amala,gulbahar
E:/8semproject/dataset_split/test\amala\emblica-amla-in-sack-bag-picture-id599683238.jpg,amala,gulbahar
E:/8semproject/dataset_split/test\amala\en-amla-indian-gooseberry-fruits-phyllanthus-emblica-capsule-glass-192395043.jpg,amala,gulbahar
E:/8semproject/dataset_split/test\amala\essential-oil-extract-amla-transparent-bottle-cut-lay-side-isolated-white-background-216617843.jpg,amala,amala
E:/8semproject/dataset_split/test\amala\fermented-gooseberry-tonic-picture-id1312646432.jpg,amala,gulbahar
E:/8semproject/dataset_split/test\amala\flat-lay-amla-powder-fresh-fruits-indian-gooseberry-isolated-white-background-219843702.jpg,amala,gulbahar
E:/8semproject/dataset_split/test\amala\fresh-amla-indian-gooseberry.jpg,amala,gulbahar
E:/8semproject/dataset_split/test\amala\fresh-amla-over-white-background-56112057.jpg,amala,gulbahar
E:/8semproject/dataset_split/test\amala\fresh-amla-small-bowl-table-32619986.jpg,amala,amala
E:/8semproject/dataset_split/test\amala\fresh-amla-small-brown-bowl-34380795.jpg,amala,amala
E:/8semproject/dataset_split/test\amala\fresh-amla-with-a-small-bowl-picture-id468439565.jpg,amala,amala
E:/8semproject/dataset_split/test\amala\fresh-and-dried-amla-picture-id480011742.jpg,amala,gulbahar
E:/8semproject/dataset_split/test\amala\fresh-gooseberry-fruits-picture-id1289664978.jpg,amala,amala
E:/8semproject/dataset_split/test\amala\fresh-indian-gooseberry-in-glass-bowl-on-wooden-background-picture-id1201784774.jpg,amala,amala
E:/8semproject/dataset_split/test\amala\fresh-indian-gooseberry-in-glass-bowl-on-wooden-background-picture-id1201784828.jpg,amala,amala
E:/8semproject/dataset_split/test\amala\fresh-indian-gooseberry-in-glass-bowl-on-wooden-background-picture-id1201785553.jpg,amala,amala
E:/8semproject/dataset_split/test\amala\fresh-indian-gooseberry-in-glass-bowl-on-wooden-background-picture-id1201787723.jpg,amala,amala
E:/8semproject/dataset_split/test\amala\fresh-indian-gooseberry-in-glass-bowl-on-wooden-background-picture-id1201787724.jpg,amala,amala
E:/8semproject/dataset_split/test\amala\fresh-indian-gooseberry-in-glass-bowl-picture-id1201786454.jpg,amala,gulbahar
E:/8semproject/dataset_split/test\amala\fresh-indian-gooseberry-in-glass-bowl-picture-id1201786822.jpg,amala,amala
E:/8semproject/dataset_split/test\amala\fresh-indian-gooseberry-in-glass-bowl-picture-id1201786999.jpg,amala,amala
E:/8semproject/dataset_split/test\amala\fresh-indian-gooseberry-in-wooden-bowl-picture-id1201784573.jpg,amala,amala
E:/8semproject/dataset_split/test\amala\fresh-indian-gooseberry-in-wooden-bowl-picture-id1201785706.jpg,amala,amala
E:/8semproject/dataset_split/test\amala\fresh-indian-gooseberry-in-wooden-bowl-picture-id1201785851.jpg,amala,amala
E:/8semproject/dataset_split/test\amala\fresh-indian-gooseberry-in-wooden-bowl-picture-id1201786599.jpg,amala,gulbahar
E:/8semproject/dataset_split/test\amala\fresh-indian-gooseberry-on-white-background-picture-id1209036156.jpg,amala,amala
E:/8semproject/dataset_split/test\amala\fresh-indian-gooseberry-on-white-background-picture-id1209045759.jpg,amala,amala
E:/8semproject/dataset_split/test\amala\fresh-indian-gooseberry-on-white-background-picture-id869170718.jpg,amala,gulbahar
E:/8semproject/dataset_split/test\amala\fresh-indian-gooseberry-on-white-background-picture-id869170806.jpg,amala,gulbahar
E:/8semproject/dataset_split/test\amala\fresh-indian-gooseberry-over-white-background-picture-id1201785719.jpg,amala,gulbahar
E:/8semproject/dataset_split/test\amala\ging-tree-branch-garden-phyllanthus-emblica-shiny-fresh-round-amla-206738665.jpg,amala,gulbahar
E:/8semproject/dataset_split/test\amala\gooseberries-isolated-on-white-background-picture-id462028103.jpg,amala,amala
E:/8semproject/dataset_split/test\amala\gooseberries-on-white-picture-id461806743.jpg,amala,amala
E:/8semproject/dataset_split/test\amala\gooseberries-picture-id512748047.jpg,amala,amala
E:/8semproject/dataset_split/test\amala\gooseberries-picture-id854246934.jpg,amala,gulbahar
E:/8semproject/dataset_split/test\amala\gooseberry-750x500.jpg,amala,amala
E:/8semproject/dataset_split/test\amala\gooseberry-amla-190744214.jpg,amala,amala
E:/8semproject/dataset_split/test\amala\gooseberry-amla-aonal-phyllanthus-emblica-fruits-tree-green-leaves-155028692.jpg,amala,gulbahar
E:/8semproject/dataset_split/test\amala\gooseberry-its-scientific-name-phyllanthus-emblica-amla-gooseberry-165086186.jpg,amala,dandelion
E:/8semproject/dataset_split/test\amala\gooseberry-picture-id512747405.jpg,amala,amala
E:/8semproject/dataset_split/test\amala\gooseberry-picture-id512747539.jpg,amala,amala
E:/8semproject/dataset_split/test\amala\green-amla-fruit-glass-bowl-very-healthy-frout-everyone-201304694.jpg,amala,gulbahar
E:/8semproject/dataset_split/test\amala\green-amla-fruits-17712657.jpg,amala,amala
E:/8semproject/dataset_split/test\amala\green-fresh-amla-141112659.jpg,amala,amala
E:/8semproject/dataset_split/test\amala\green-gooseberry-isolated-on-white-background-picture-id1257120509.jpg,amala,gulbahar
E:/8semproject/dataset_split/test\amala\green-gooseberry-isolated-on-white-background-picture-id1263937913.jpg,amala,gulbahar
E:/8semproject/dataset_split/test\amala\green-gooseberry-isolated-on-white-background-picture-id1263939076.jpg,amala,amala
E:/8semproject/dataset_split/test\amala\green-gooseberry-isolated-on-white-background-picture-id1263940271.jpg,amala,amala
E:/8semproject/dataset_split/test\amala\green-gooseberry-isolated-on-white-background-picture-id1264092887.jpg,amala,amala
E:/8semproject/dataset_split/test\amala\green-gooseberry-isolated-on-white-background-picture-id1264150932.jpg,amala,amala
E:/8semproject/dataset_split/test\amala\green-gooseberry-isolated-on-white-background-picture-id1264151095.jpg,amala,gulbahar
E:/8semproject/dataset_split/test\amala\green-gooseberry-isolated-on-white-background-picture-id1265646211.jpg,amala,amala
E:/8semproject/dataset_split/test\amala\green-gooseberry-isolated-on-white-background-picture-id1265646378.jpg,amala,dandelion
E:/8semproject/dataset_split/test\amala\green-gooseberry-isolated-on-white-background-picture-id1268884756.jpg,amala,amala
E:/8semproject/dataset_split/test\amala\green-gooseberry-isolated-on-white-background-picture-id1292286006.jpg,amala,gulbahar
E:/8semproject/dataset_split/test\amala\green-gooseberry-isolated-on-white-background-picture-id1292290482.jpg,amala,gulbahar
E:/8semproject/dataset_split/test\amala\green-gooseberry-isolated-on-white-background-picture-id1294389947.jpg,amala,gulbahar
E:/8semproject/dataset_split/test\amala\green-juicy-amla-white-background-contains-vitamin-c-162395690.jpg,amala,gulbahar
E:/8semproject/dataset_split/test\amala\green-juicy-amla-white-background-contains-vitamin-c-162395708.jpg,amala,gulbahar
E:/8semproject/dataset_split/test\amala\green-leaves-24977324.jpg,amala,amala
E:/8semproject/dataset_split/test\amala\haad-indian-gooseberry-tree-variety-sizes-gooseberries-which-vital-163810011.jpg,amala,gulbahar
E:/8semproject/dataset_split/test\amala\health-benefits-amla-indian-gooseberry-1-630x420.jpg,amala,amala
E:/8semproject/dataset_split/test\amala\health-benefits-amla-indian-gooseberry-1.jpg,amala,amala
E:/8semproject/dataset_split/test\amala\herbal-amla-juice-fresh-fruit-over-white-background-71106984.jpg,amala,amala
E:/8semproject/dataset_split/test\amala\herbal-amla-juice-fresh-fruits-over-white-background-61494489.jpg,amala,amala
E:/8semproject/dataset_split/test\amala\hooseberry-ripe-hanging-tree-small-green-leaves-ready-to-be-picked-201575960.jpg,amala,dandelion
E:/8semproject/dataset_split/test\amala\hooseberry-ripe-hanging-tree-small-green-leaves-ready-to-be-picked-201576047.jpg,amala,dandelion
E:/8semproject/dataset_split/test\amala\hooseberry-ripe-hanging-tree-small-green-leaves-ready-to-be-picked-201576098.jpg,amala,gulbahar
E:/8semproject/dataset_split/test\amala\ic-lemon-juice-wooden-surface-glass-bowl-to-get-rid-blemishes-acne-174028761.jpg,amala,gulbahar
E:/8semproject/dataset_split/test\amala\ic-lemon-juice-wooden-surface-glass-bowl-to-get-rid-blemishes-acne-174028783.jpg,amala,gulbahar
E:/8semproject/dataset_split/test\amala\ic-lemon-juice-wooden-surface-glass-bowl-to-get-rid-blemishes-acne-174028831.jpg,amala,gulbahar
E:/8semproject/dataset_split/test\amala\ic-lemon-juice-wooden-surface-glass-bowl-to-get-rid-blemishes-acne-174028833.jpg,amala,gulbahar
E:/8semproject/dataset_split/test\amala\image10.jpeg,amala,amala
E:/8semproject/dataset_split/test\amala\image12.jpeg,amala,amala
E:/8semproject/dataset_split/test\amala\image18.jpeg,amala,amala
E:/8semproject/dataset_split/test\amala\image2.jpeg,amala,amala
E:/8semproject/dataset_split/test\amala\image24.png,amala,gulbahar
E:/8semproject/dataset_split/test\amala\image25.jpeg,amala,dandelion
E:/8semproject/dataset_split/test\amala\image26.jpeg,amala,gulbahar
E:/8semproject/dataset_split/test\amala\image5.jpeg,amala,amala
E:/8semproject/dataset_split/test\amala\image6.jpeg,amala,amala
E:/8semproject/dataset_split/test\amala\images102.jpg,amala,amala
E:/8semproject/dataset_split/test\amala\images11.jpg,amala,gulbahar
E:/8semproject/dataset_split/test\amala\images113.jpg,amala,gulbahar
E:/8semproject/dataset_split/test\amala\images115.jpg,amala,amala
E:/8semproject/dataset_split/test\amala\images21.jpg,amala,dandelion
E:/8semproject/dataset_split/test\amala\images23.jpg,amala,dandelion
E:/8semproject/dataset_split/test\amala\images24.jpg,amala,amala
E:/8semproject/dataset_split/test\amala\images27.jpg,amala,amala
E:/8semproject/dataset_split/test\amala\images28.jpg,amala,gulbahar
E:/8semproject/dataset_split/test\amala\images30.jpg,amala,amala
E:/8semproject/dataset_split/test\amala\images32.jpg,amala,amala
E:/8semproject/dataset_split/test\amala\images35.jpg,amala,amala
E:/8semproject/dataset_split/test\amala\images36.jpg,amala,amala
E:/8semproject/dataset_split/test\amala\images37.jpg,amala,amala
E:/8semproject/dataset_split/test\amala\images39.jpg,amala,gulbahar
E:/8semproject/dataset_split/test\amala\images4.jpg,amala,dandelion
E:/8semproject/dataset_split/test\amala\images40.jpg,amala,gulbahar
E:/8semproject/dataset_split/test\amala\images42.jpg,amala,gulbahar
E:/8semproject/dataset_split/test\amala\images48.jpg,amala,amala
E:/8semproject/dataset_split/test\amala\images49.jpg,amala,gulbahar
E:/8semproject/dataset_split/test\amala\images5.jpg,amala,gulbahar
E:/8semproject/dataset_split/test\amala\images55.jpg,amala,amala
E:/8semproject/dataset_split/test\amala\images58.jpg,amala,amala
E:/8semproject/dataset_split/test\amala\images59.jpg,amala,amala
E:/8semproject/dataset_split/test\amala\images6.jpg,amala,amala
E:/8semproject/dataset_split/test\amala\images64.jpg,amala,dandelion
E:/8semproject/dataset_split/test\amala\images67.jpg,amala,amala
E:/8semproject/dataset_split/test\amala\images68.jpg,amala,gulbahar
E:/8semproject/dataset_split/test\amala\images74.jpg,amala,amala
E:/8semproject/dataset_split/test\amala\images80.jpg,amala,amala
E:/8semproject/dataset_split/test\amala\images82.jpg,amala,amala
E:/8semproject/dataset_split/test\amala\images89.jpg,amala,amala
E:/8semproject/dataset_split/test\amala\images98.jpg,amala,amala
E:/8semproject/dataset_split/test\amala\images99.jpg,amala,amala
E:/8semproject/dataset_split/test\amala\indian-gooseberries-amla-fruit-extract-decrease-the-blood-glucosehas-picture-id1208480962.jpg,amala,dandelion
E:/8semproject/dataset_split/test\amala\indian-gooseberries-on-white-background-picture-id1131542708.jpg,amala,amala
E:/8semproject/dataset_split/test\amala\indian-gooseberries-or-amla-fruit-on-tree-with-green-leaf-phyllanthus-picture-id1170191453.jpg,amala,gulbahar
E:/8semproject/dataset_split/test\amala\indian-gooseberries-or-amla-fruit-on-tree-with-green-leaf-phyllanthus-picture-id1221320436.jpg,amala,dandelion
E:/8semproject/dataset_split/test\amala\indian-gooseberry-1200x628-facebook-1200x628.jpg,amala,gulbahar
E:/8semproject/dataset_split/test\amala\indian-gooseberry-337445_1280.jpg,amala,dandelion
E:/8semproject/dataset_split/test\amala\indian-gooseberry-337445__480.jpg,amala,dandelion
E:/8semproject/dataset_split/test\amala\indian-gooseberry-6229061_960_720.jpg,amala,gulbahar
E:/8semproject/dataset_split/test\amala\indian-gooseberry-amla-background-green-healthy-food-162104852.jpg,amala,gulbahar
E:/8semproject/dataset_split/test\amala\indian-gooseberry-amla-fresh-fruits-260nw-1309408591.jpg,amala,amala
E:/8semproject/dataset_split/test\amala\indian-gooseberry-amla-green-fruits-isolated-white-background-clipping-path-178360786.jpg,amala,amala
E:/8semproject/dataset_split/test\amala\indian-gooseberry-amla-green-fruits-isolated-white-background-clipping-path-178360935.jpg,amala,amala
E:/8semproject/dataset_split/test\amala\indian-gooseberry-amla-indian-gooseberry-amla-wooden-vintage-background-207176960.jpg,amala,amala
E:/8semproject/dataset_split/test\amala\indian-gooseberry-amla-isolated-white-background-top-view-flat-lay-213717399.jpg,amala,amala
E:/8semproject/dataset_split/test\amala\indian-gooseberry-amla-nature-fruit-96178205.jpg,amala,gulbahar
E:/8semproject/dataset_split/test\amala\indian-gooseberry-amla-phyllanthus-emblica-isolated-white-193858954.jpg,amala,amala
E:/8semproject/dataset_split/test\amala\indian-gooseberry-amla-phyllanthus-emblica-isolated-white-193868293.jpg,amala,amala
E:/8semproject/dataset_split/test\amala\indian-gooseberry-amla-wooden-vintage-background-207176947.jpg,amala,amala
E:/8semproject/dataset_split/test\amala\indian-gooseberry-amla-wooden-vintage-background-207176969.jpg,amala,amala
E:/8semproject/dataset_split/test\amala\indian-gooseberry-amla-wooden-vintage-background-indian-gooseberry-amla-207176932.jpg,amala,gulbahar
E:/8semproject/dataset_split/test\amala\indian-gooseberry-benefits.jpg,amala,gulbahar
E:/8semproject/dataset_split/test\amala\indian-gooseberry-fruits-amla-phyllanthus-emblica-sliced-isolated-white-background-202596300.jpg,amala,amala
E:/8semproject/dataset_split/test\amala\indian-gooseberry-green-herbal-freshness-with-leaves-on-tree-picture-id892388246.jpg,amala,gulbahar
E:/8semproject/dataset_split/test\amala\indian-gooseberry-in-wood-bowl-on-white-background-top-view-picture-id1215672729.jpg,amala,amala
E:/8semproject/dataset_split/test\amala\indian-gooseberry-isolated-on-white-background-picture-id1071033118.jpg,amala,amala
E:/8semproject/dataset_split/test\amala\indian-gooseberry-isolated-on-white-background-picture-id1071979978.jpg,amala,amala
E:/8semproject/dataset_split/test\amala\indian-gooseberry-isolated-on-white-background-picture-id1072355924.jpg,amala,amala
E:/8semproject/dataset_split/test\amala\indian-gooseberry-isolated-on-white-background-picture-id1130417387.jpg,amala,amala
E:/8semproject/dataset_split/test\amala\indian-gooseberry-isolated-on-white-background-picture-id1221387317.jpg,amala,amala
E:/8semproject/dataset_split/test\amala\indian-gooseberry-isolated-on-white-background-picture-id962748102.jpg,amala,amala
E:/8semproject/dataset_split/test\amala\indian-gooseberry-isolated-on-white-background-picture-id966768828.jpg,amala,amala
E:/8semproject/dataset_split/test\amala\indian-gooseberry-isolated-on-white-background-picture-id973025782.jpg,amala,gulbahar
E:/8semproject/dataset_split/test\amala\indian-gooseberry-isolated-on-white-background-picture-id976446598.jpg,amala,amala
E:/8semproject/dataset_split/test\amala\indian-gooseberry-isolated-on-white-background-picture-id982285832.jpg,amala,amala
E:/8semproject/dataset_split/test\amala\indian-gooseberry-isolated-on-white-background-picture-id982288030.jpg,amala,amala
E:/8semproject/dataset_split/test\amala\indian-gooseberry-isolated-on-white-background-picture-id983075352.jpg,amala,amala
E:/8semproject/dataset_split/test\amala\indian-gooseberry-isolated-on-white-background-picture-id999037666.jpg,amala,amala
E:/8semproject/dataset_split/test\amala\indian-gooseberry-oill-picture-id1347810667.jpg,amala,gulbahar
E:/8semproject/dataset_split/test\amala\indian-gooseberry-on-bamboo-table-picture-id1075677994.jpg,amala,gulbahar
E:/8semproject/dataset_split/test\amala\indian-gooseberry-on-white-background-picture-id1163962352.jpg,amala,amala
E:/8semproject/dataset_split/test\amala\indian-gooseberry-on-wooden-background-picture-id1310828315.jpg,amala,amala
E:/8semproject/dataset_split/test\amala\indian-gooseberry-on-wooden-table-picture-id950523222.jpg,amala,amala
E:/8semproject/dataset_split/test\amala\indian-gooseberry-on-wooden-table-picture-id957785974.jpg,amala,amala
E:/8semproject/dataset_split/test\amala\indian-gooseberry-on-wooden-table-picture-id957786234.jpg,amala,amala
E:/8semproject/dataset_split/test\amala\indian-gooseberry-on-wooden-table-picture-id982284808.jpg,amala,gulbahar
E:/8semproject/dataset_split/test\amala\indian-gooseberry-on-wooden-table-picture-id993987490.jpg,amala,amala
E:/8semproject/dataset_split/test\amala\indian-gooseberry-or-amla-fruit-on-tree-stock-image_csp86701666.jpg,amala,gulbahar
E:/8semproject/dataset_split/test\amala\indian-gooseberry-or-amla-isolated-on-white-background-picture-id690728066.jpg,amala,amala
E:/8semproject/dataset_split/test\amala\indian-gooseberry-or-amla-on-white-picture-id620968232.jpg,amala,amala
E:/8semproject/dataset_split/test\amala\indian-gooseberry-or-amla-slice-isolated-on-white-background-with-picture-id1026770378.jpg,amala,gulbahar
E:/8semproject/dataset_split/test\amala\indian-gooseberry-phyllanthus-emblica-fruits-nature_313215-1213.jpg,amala,amala
E:/8semproject/dataset_split/test\amala\indian-gooseberry-phyllanthus-emblica-picture-id469085862.jpg,amala,dandelion
E:/8semproject/dataset_split/test\amala\indian-gooseberry-picture-id1017625430.jpg,amala,amala
E:/8semproject/dataset_split/test\amala\indian-gooseberry-picture-id1017625524.jpg,amala,amala
E:/8semproject/dataset_split/test\amala\indian-gooseberry-picture-id181893993.jpg,amala,amala
E:/8semproject/dataset_split/test\amala\indian-gooseberry-picture-id485807868.jpg,amala,amala
E:/8semproject/dataset_split/test\amala\indian-gooseberry-picture-id501193509.jpg,amala,gulbahar
E:/8semproject/dataset_split/test\amala\indian-gooseberry-picture-id502725968.jpg,amala,gulbahar
E:/8semproject/dataset_split/test\amala\indian-gooseberry-picture-id502725996.jpg,amala,gulbahar
E:/8semproject/dataset_split/test\amala\indian-gooseberry-picture-id502726026.jpg,amala,gulbahar
E:/8semproject/dataset_split/test\amala\indian-gooseberry-with-drops-water-isolated-on-white-background-picture-id1221387426.jpg,amala,amala
E:/8semproject/dataset_split/test\amala\indian-gooseberry-with-leaf-and-juice-on-white-background-top-view-picture-id1215948253.jpg,amala,amala
E:/8semproject/dataset_split/test\amala\indian-gooseberry-with-leaf-isolated-on-white-background-picture-id1201622908.jpg,amala,amala
E:/8semproject/dataset_split/test\amala\indian-gooseberry-with-leaf-on-white-background-top-view-picture-id1215890345.jpg,amala,amala
E:/8semproject/dataset_split/test\amala\istockphoto-1007197964-612x612.jpg,amala,amala
E:/8semproject/dataset_split/test\amala\istockphoto-1012426766-612x612.jpg,amala,amala
E:/8semproject/dataset_split/test\amala\istockphoto-1012426772-612x612.jpg,amala,tulsi
E:/8semproject/dataset_split/test\amala\istockphoto-1012426776-612x612.jpg,amala,amala
E:/8semproject/dataset_split/test\amala\istockphoto-1012426810-612x612.jpg,amala,amala
E:/8semproject/dataset_split/test\amala\istockphoto-1012426816-612x612.jpg,amala,amala
E:/8semproject/dataset_split/test\amala\istockphoto-1047390068-612x612.jpg,amala,gulbahar
E:/8semproject/dataset_split/test\amala\istockphoto-1207674068-612x612.jpg,amala,gulbahar
E:/8semproject/dataset_split/test\amala\istockphoto-1207674117-612x612.jpg,amala,gulbahar
E:/8semproject/dataset_split/test\amala\istockphoto-1207674125-612x612.jpg,amala,gulbahar
E:/8semproject/dataset_split/test\amala\istockphoto-1249246267-612x612.jpg,amala,amala
E:/8semproject/dataset_split/test\amala\istockphoto-1310998518-612x612.jpg,amala,amala
E:/8semproject/dataset_split/test\amala\istockphoto-1324553423-612x612.jpg,amala,amala
E:/8semproject/dataset_split/test\amala\istockphoto-178770684-612x612.jpg,amala,amala
E:/8semproject/dataset_split/test\amala\istockphoto-185621218-612x612.jpg,amala,amala
E:/8semproject/dataset_split/test\amala\istockphoto-468439561-612x612.jpg,amala,amala
E:/8semproject/dataset_split/test\amala\istockphoto-479283232-612x612.jpg,amala,amala
E:/8semproject/dataset_split/test\amala\istockphoto-479283234-612x612.jpg,amala,amala
E:/8semproject/dataset_split/test\amala\istockphoto-485807868-612x612.jpg,amala,amala
E:/8semproject/dataset_split/test\amala\istockphoto-530614951-612x612.jpg,amala,gulbahar
E:/8semproject/dataset_split/test\amala\istockphoto-614833238-612x612.jpg,amala,amala
E:/8semproject/dataset_split/test\amala\istockphoto-892388246-612x612.jpg,amala,gulbahar
E:/8semproject/dataset_split/test\amala\istockphoto-983075352-612x612.jpg,amala,amala
E:/8semproject/dataset_split/test\amala\it-health-juice-bunch-of-fruits-with-wicker-basket-H6pJs6waGz4hXsYXkDgcyadn6.jpg,amala,gulbahar
E:/8semproject/dataset_split/test\amala\ket-indian-gooseberry-phyllanthus-emblica-malacca-tree-or-amla-fruit-2BHCAJ5.jpg,amala,amala
E:/8semproject/dataset_split/test\amala\lan-myrobalan-indian-gooseberry-malacca-tree-amla-sanskrit-amalaki-155676904.jpg,amala,dandelion
E:/8semproject/dataset_split/test\amala\lan-myrobalan-indian-gooseberry-malacca-tree-amla-sanskrit-amalaki-155677083.jpg,amala,dandelion
E:/8semproject/dataset_split/test\amala\le-essential-oil-extract-amla-transparent-bottle-amla-cut-lay-side-216617893.jpg,amala,amala
E:/8semproject/dataset_split/test\amala\llanthus-emblica-isolated-on-white-background-this-has-clipping-path-2AXGEMG.jpg,amala,amala
E:/8semproject/dataset_split/test\amala\local-tasty-fruit-called-amla-191624585.jpg,amala,amala
E:/8semproject/dataset_split/test\amala\local-tasty-fruit-called-amla-191624630.jpg,amala,gulbahar
E:/8semproject/dataset_split/test\amala\local-tasty-fruit-called-amla-picture-id1269449363.jpg,amala,amala
E:/8semproject/dataset_split/test\amala\loseup-image-indian-gooseberry-amla-phyllanthus-emblica-background-164606206.jpg,amala,gulbahar
E:/8semproject/dataset_split/test\amala\makhampom-on-a-white-background-is-a-medicinal-herb-used-to-treat-picture-id1012426776.jpg,amala,amala
E:/8semproject/dataset_split/test\amala\maxresdefault3.jpg,amala,gulbahar
E:/8semproject/dataset_split/test\amala\maxresdefault6.jpg,amala,dandelion
E:/8semproject/dataset_split/test\amala\mblica-amla-also-used-various-medicines-authentic-indian-ayurvedic-227873985.jpg,amala,gulbahar
E:/8semproject/dataset_split/test\amala\n-gooseberries-phyllanthus-emblic-myrobalan-garden-beautiful-green-155393129.jpg,amala,dandelion
E:/8semproject/dataset_split/test\amala\n-leaf-phyllanthus-emblica-traditional-gooseberry-ayurvedic-herbal-156878970.jpg,amala,gulbahar
E:/8semproject/dataset_split/test\amala\nce-concentration-transparent-bottle-wooden-surface-raw-amla-fruit-172997641.jpg,amala,amala
E:/8semproject/dataset_split/test\amala\nce-concentration-transparent-bottle-wooden-surface-raw-amla-fruit-172997696.jpg,amala,gulbahar
E:/8semproject/dataset_split/test\amala\nce-concentration-transparent-bottle-wooden-surface-raw-amla-fruit-172997743.jpg,amala,gulbahar
E:/8semproject/dataset_split/test\amala\nce-concentration-transparent-bottle-wooden-surface-raw-amla-fruit-172997800.jpg,amala,gulbahar
E:/8semproject/dataset_split/test\amala\nce-concentration-transparent-bottle-wooden-surface-raw-amla-fruit-172997817.jpg,amala,amala
E:/8semproject/dataset_split/test\amala\ndian-gooseberry-fruit-basket-its-dried-seed-powder-clay-bowl-used-172998095.jpg,amala,dandelion
E:/8semproject/dataset_split/test\amala\ndian-gooseberry-fruit-basket-its-dried-seed-powder-clay-bowl-used-172998164.jpg,amala,gulbahar
E:/8semproject/dataset_split/test\amala\ndian-gooseberry-fruit-basket-its-dried-seed-powder-clay-bowl-used-174028792.jpg,amala,gulbahar
E:/8semproject/dataset_split/test\amala\ndian-gooseberry-fruit-basket-its-dried-seed-powder-clay-bowl-used-174028813.jpg,amala,gulbahar
E:/8semproject/dataset_split/test\amala\ndian-gooseberry-fruit-basket-its-dried-seed-powder-clay-bowl-used-174028880.jpg,amala,gulbahar
E:/8semproject/dataset_split/test\amala\ndian-gooseberry-fruit-food-extract-health-amla-nutrition-medicine-thumbnail.png,amala,amala
E:/8semproject/dataset_split/test\amala\nurserylive-amla-tree-indian-gooseberry-big-fruit-grown-through-seeds-plant_520x520.jpg,amala,dandelion
E:/8semproject/dataset_split/test\amala\one-half-and-a-slice-of-organic-indian-gooseberry-picture-id578091536.jpg,amala,gulbahar
E:/8semproject/dataset_split/test\amala\one-indian-gooseberry-or-amla-with-shadow-isolated-on-green-picture-id1307584759.jpg,amala,gulbahar
E:/8semproject/dataset_split/test\amala\organic-indian-gooseberry-amla-organic-indian-gooseberry-amla-phyllanthus-emblica-98609854.jpg,amala,gulbahar
E:/8semproject/dataset_split/test\amala\own-as-emblic-myrobalan-indian-gooseberry-malacca-amla-branch-tree-197292462.jpg,amala,gulbahar
E:/8semproject/dataset_split/test\amala\phyllanthus-emblica-8076162.jpg,amala,dandelion
E:/8semproject/dataset_split/test\amala\phyllanthus-emblica-an-appearance-colorful-of-round-hard-fruit-picture-id1184542017.jpg,amala,amala
E:/8semproject/dataset_split/test\amala\phyllanthus-emblica-colloquially-known-as-theindian-gooseberry-is-picture-id1292729410.jpg,amala,gulbahar
E:/8semproject/dataset_split/test\amala\phyllanthus-emblica-colloquially-known-as-theindian-gooseberry-is-picture-id1292729698.jpg,amala,gulbahar
E:/8semproject/dataset_split/test\amala\phyllanthus-emblica-colloquially-known-as-theindian-gooseberry-is-picture-id1292729766.jpg,amala,gulbahar
E:/8semproject/dataset_split/test\amala\phyllanthusacidus2.jpg,amala,amala
E:/8semproject/dataset_split/test\amala\pile-of-indian-gooseberry-fruit-with-green-leaves-isolated-on-white-picture-id875499428.jpg,amala,amala
E:/8semproject/dataset_split/test\amala\product-500x500.jpeg,amala,amala
E:/8semproject/dataset_split/test\amala\r-tree-amla-fruit-yellow-color-tree-fresh-healthy-better-digestion-152042539.jpg,amala,gulbahar
E:/8semproject/dataset_split/test\amala\r-tree-amla-fruit-yellow-color-tree-fresh-healthy-better-digestion-152042554(1).jpg,amala,amala
E:/8semproject/dataset_split/test\amala\r-tree-amla-fruit-yellow-color-tree-fresh-healthy-better-digestion-152042554.jpg,amala,gulbahar
E:/8semproject/dataset_split/test\amala\r-tree-fresh-healthy-better-digestion-amla-fruit-yellow-color-tree-152041763.jpg,amala,gulbahar
E:/8semproject/dataset_split/test\amala\r-tree-fresh-healthy-better-digestion-amla-fruit-yellow-color-tree-152042032.jpg,amala,gulbahar
E:/8semproject/dataset_split/test\amala\rabolan-asian-local-high-vitamin-c-fruit-isolated-white-background-199047964.jpg,amala,amala
E:/8semproject/dataset_split/test\amala\rash-stock-photo-aavla-s-products-like-chyavanprash-mouth-freshner-101579593.jpg,amala,dandelion
E:/8semproject/dataset_split/test\amala\rash-stock-photo-aavla-s-products-like-chyavanprash-mouth-freshner-101628563.jpg,amala,gulbahar
E:/8semproject/dataset_split/test\amala\rash-stock-photo-aavla-s-products-like-chyavanprash-mouth-freshner-101634607.jpg,amala,gulbahar
E:/8semproject/dataset_split/test\amala\rash-stock-photo-aavla-s-products-like-chyavanprash-mouth-freshner-101636368.jpg,amala,gulbahar
E:/8semproject/dataset_split/test\amala\raw-amla-28indian-gooseberry-29-500x500-jpg-500x500.jpg,amala,amala
E:/8semproject/dataset_split/test\amala\raw-amla-fruit-basket-raw-amla-fruit-basket-nature-juicy-180788179.jpg,amala,gulbahar
E:/8semproject/dataset_split/test\amala\ripe-green-and-red-gooseberries-on-a-wooden-background-picture-id1131434866.jpg,amala,daisy
E:/8semproject/dataset_split/test\amala\ry-amla-phyllanthus-emblica-cane-basket-selective-focus-avla-fruit-101583250.jpg,amala,gulbahar
E:/8semproject/dataset_split/test\amala\ry-phyllanthus-emblica-green-leaf-sliced-isolated-white-background-229956587.jpg,amala,gulbahar
E:/8semproject/dataset_split/test\amala\ry-phyllanthus-emblica-green-leaf-sliced-isolated-white-background-230105344.jpg,amala,amala
E:/8semproject/dataset_split/test\amala\slice-indian-gooseberry-amla-green-fruits-isolated-white-background-clipping-path-178360613.jpg,amala,amala
E:/8semproject/dataset_split/test\amala\slice-indian-gooseberry-amla-green-fruits-isolated-white-background-clipping-path-178360632.jpg,amala,amala
E:/8semproject/dataset_split/test\amala\slice-indian-gooseberry-amla-green-fruits-isolated-white-background-clipping-path-178360712.jpg,amala,amala
E:/8semproject/dataset_split/test\amala\slice-indian-gooseberry-amla-green-fruits-isolated-white-background-clipping-path-178360837.jpg,amala,amala
E:/8semproject/dataset_split/test\amala\slice-indian-gooseberry-amla-green-fruits-isolated-white-background-clipping-path-178360842.jpg,amala,amala
E:/8semproject/dataset_split/test\amala\slice-indian-gooseberry-amla-green-fruits-isolated-white-background-clipping-path-178360892.jpg,amala,amala
E:/8semproject/dataset_split/test\amala\sliced-amla-picture-id182297664.jpg,amala,amala
E:/8semproject/dataset_split/test\amala\sliced-amla-with-green-leaves-picture-id170596131.jpg,amala,amala
E:/8semproject/dataset_split/test\amala\sliced-medicinal-amla-fruit-20597371.jpg,amala,gulbahar
E:/8semproject/dataset_split/test\amala\solated-white-background-indian-gooseberry-fruits-amla-phyllanthus-220407163.jpg,amala,amala
E:/8semproject/dataset_split/test\amala\solated-white-background-indian-gooseberry-fruits-amla-phyllanthus-220407214.jpg,amala,amala
E:/8semproject/dataset_split/test\amala\t-leaves-indian-gooseberry-amla-fruit-cut-half-put-leaves-isolated-216617852.jpg,amala,amala
E:/8semproject/dataset_split/test\amala\te-white-background-makhampom-has-medicinal-properties-eating-will-194217233.jpg,amala,gulbahar
E:/8semproject/dataset_split/test\amala\te-white-background-makhampom-has-medicinal-properties-eating-will-194217982.jpg,amala,gulbahar
E:/8semproject/dataset_split/test\amala\th10.jpg,amala,amala
E:/8semproject/dataset_split/test\amala\th13.jpg,amala,dandelion
E:/8semproject/dataset_split/test\amala\th18.jpg,amala,amala
E:/8semproject/dataset_split/test\amala\th28.jpg,amala,gulbahar
E:/8semproject/dataset_split/test\amala\th32.jpg,amala,amala
E:/8semproject/dataset_split/test\amala\th4.jpg,amala,amala
E:/8semproject/dataset_split/test\amala\th50.jpg,amala,amala
E:/8semproject/dataset_split/test\amala\th61.jpg,amala,gulbahar
E:/8semproject/dataset_split/test\amala\th68.jpg,amala,dandelion
E:/8semproject/dataset_split/test\amala\th69.jpg,amala,gulbahar
E:/8semproject/dataset_split/test\amala\th75.jpg,amala,gulbahar
E:/8semproject/dataset_split/test\amala\th84.jpg,amala,amala
E:/8semproject/dataset_split/test\amala\th85.jpg,amala,gulbahar
E:/8semproject/dataset_split/test\amala\th88.jpg,amala,amala
E:/8semproject/dataset_split/test\amala\th93.jpg,amala,amala
E:/8semproject/dataset_split/test\amala\the-indian-gooseberry-or-phyllanthus-emblica-image-close-up-for-picture-id1047389620.jpg,amala,gulbahar
E:/8semproject/dataset_split/test\amala\the-indian-gooseberry-or-phyllanthus-emblica-image-close-up-for-picture-id1047389746.jpg,amala,gulbahar
E:/8semproject/dataset_split/test\amala\the-indian-gooseberry-or-phyllanthus-emblica-image-close-up-for-picture-id1047389756.jpg,amala,amala
E:/8semproject/dataset_split/test\amala\three-fresh-green-indian-gooseberries-on-white-background-picture-id475523536.jpg,amala,gulbahar
E:/8semproject/dataset_split/test\amala\thus-emblica-fruit-white-emblic-background-cosmetics-mediacl-palnt-187695809.jpg,amala,amala
E:/8semproject/dataset_split/test\amala\thy-tasty-gooseberry-amla-boiled-amla-indian-gooseberry-nutritious-227874091.jpg,amala,gulbahar
E:/8semproject/dataset_split/test\amala\top-view-of-indian-gooseberries-or-amlas-with-shadows-isolated-on-red-picture-id1307584768.jpg,amala,japakusum
E:/8semproject/dataset_split/test\amala\uit-local-market-necessary-vegetables-sold-street-dhaka-bangladesh-229729376.jpg,amala,dandelion
E:/8semproject/dataset_split/test\amala\uit-tree-green-leaf-indian-gooseberries-amla-fruit-tree-green-leaf-172738643.jpg,amala,dandelion
E:/8semproject/dataset_split/test\amala\us-emblica-cane-basket-selective-focus-indian-gooseberry-amla-avla-101578474.jpg,amala,gulbahar
E:/8semproject/dataset_split/test\amala\us-historical-essential-herbal-amla-healthy-peoples-good-digestive-165377422.jpg,amala,gulbahar
E:/8semproject/dataset_split/test\amala\whole-gooseberries.jpg,amala,amala
E:/8semproject/dataset_split/test\amala\y-fruits-amla-phyllanthus-emblica-green-leaf-sliced-isolated-white-192142855.jpg,amala,amala
E:/8semproject/dataset_split/test\amala\y-fruits-phyllanthus-emblica-amla-in-wooden-bowl-with-green-leaf-and-sliced-.jpg,amala,gulbahar
E:/8semproject/dataset_split/test\amala\yllanthus-emblica-green-leaf-sliced-white-background-clipping-path-201408436.jpg,amala,amala
E:/8semproject/dataset_split/test\amala\yllanthus-emblica-white-background-closeup-image-indian-gooseberry-164606144.jpg,amala,gulbahar
E:/8semproject/dataset_split/test\baganbilas\0003a1d44fc770e7ca6fb351547f3c926be802d5.jpg,baganbilas,baganbilas
E:/8semproject/dataset_split/test\baganbilas\00095e37893134460d08eef06de746d480c63a13.jpg,baganbilas,japakusum
E:/8semproject/dataset_split/test\baganbilas\000aa54115af25f63175a7f384c31a8dbd8e8fb8.jpg,baganbilas,japakusum
E:/8semproject/dataset_split/test\baganbilas\000b7b15bc3f0b9c7c809a5cbf51c1ecf4d9a030.jpg,baganbilas,baganbilas
E:/8semproject/dataset_split/test\baganbilas\007bd48dd968727b8e1ff64b39cc5565368abdbf.jpg,baganbilas,japakusum
E:/8semproject/dataset_split/test\baganbilas\00a2a0b6cdc2a7785842c6abe6cc0d16daff4b95.jpg,baganbilas,japakusum
E:/8semproject/dataset_split/test\baganbilas\0101e64f162293829582b660c6343a552c9f5b60.jpg,baganbilas,japakusum
E:/8semproject/dataset_split/test\baganbilas\01ac95baa6b4b771d755a62222ab045e72ca1bd8.jpg,baganbilas,gulbahar
E:/8semproject/dataset_split/test\baganbilas\01f390159d82579cf7ab4902523c936f20ebb6c8.jpg,baganbilas,japakusum
E:/8semproject/dataset_split/test\baganbilas\022bab260e6487f0994c0b08cd46d5e3ad4671d5.jpg,baganbilas,japakusum
E:/8semproject/dataset_split/test\baganbilas\024dff27b8df94aabd2fa62c34f385e173b603a0.jpg,baganbilas,japakusum
E:/8semproject/dataset_split/test\baganbilas\02fb5bd9030e26dca5d9daffd28ff8e7e40a97ed.jpg,baganbilas,japakusum
E:/8semproject/dataset_split/test\baganbilas\030ee8d41f7062c919363f4d6208fb3461f6b8d5.jpg,baganbilas,gulbahar
E:/8semproject/dataset_split/test\baganbilas\03a21add675665bbe888fbe20dce03ff0e8b8873.jpg,baganbilas,japakusum
E:/8semproject/dataset_split/test\baganbilas\03c6ca3cedb14796daaf088a1f5d5e92f8dc346b.jpg,baganbilas,japakusum
E:/8semproject/dataset_split/test\baganbilas\03ded5b8e6f57eb65e47d489b1cc61a4df54b228.jpg,baganbilas,japakusum
E:/8semproject/dataset_split/test\baganbilas\03e79e0ad2096266348cd5772eb01fa9d7245ec6.jpg,baganbilas,japakusum
E:/8semproject/dataset_split/test\baganbilas\04b9d58c5d26fa8c913e68a04b9ff7f7cf882cac.jpg,baganbilas,baganbilas
E:/8semproject/dataset_split/test\baganbilas\04ee4035d67d539d9982a63dab0a7b3bb8075b49.jpg,baganbilas,japakusum
E:/8semproject/dataset_split/test\baganbilas\058ca2e24d7bb3a1bd1d7d29e5a88ad076ce46b5.jpg,baganbilas,japakusum
E:/8semproject/dataset_split/test\baganbilas\05a38b077f6ff171bc4bd3ea18e3d243c0e18068.jpg,baganbilas,japakusum
E:/8semproject/dataset_split/test\baganbilas\064d3d561c36a2bfe0860c07d4933912b1a1a7ad.jpg,baganbilas,japakusum
E:/8semproject/dataset_split/test\baganbilas\065fb9a328e86be57234e566ca380d2d14f26d3d.jpg,baganbilas,rhododendron
E:/8semproject/dataset_split/test\baganbilas\069a60a4d35960ecfcc9293643d2fdcd6da3610b.jpg,baganbilas,gulbahar
E:/8semproject/dataset_split/test\baganbilas\06bdc8adac23329822de6c0107b9a4f0ef624855.jpg,baganbilas,gulbahar
E:/8semproject/dataset_split/test\baganbilas\06fb56389a701b78f91a33fd31e6e3f9b377c9eb.jpg,baganbilas,japakusum
E:/8semproject/dataset_split/test\baganbilas\070bb65caa60ba63efb5654703aec2a4c960522e.jpg,baganbilas,baganbilas
E:/8semproject/dataset_split/test\baganbilas\073a26afd091e1d3261ba1f626617184ebd5da26.jpg,baganbilas,japakusum
E:/8semproject/dataset_split/test\baganbilas\076c18c913c2bdf7597df83bd3478e7729e61d44.jpg,baganbilas,japakusum
E:/8semproject/dataset_split/test\baganbilas\07bdc21e790958c6f8780512eff48ea878db1795.jpg,baganbilas,japakusum
E:/8semproject/dataset_split/test\baganbilas\07e6024a26ae5e2707b80d52e86c97d2e4372ad4.jpg,baganbilas,gulbahar
E:/8semproject/dataset_split/test\baganbilas\07f805b866602be2db246d0d936e3a170e3f8d4d.jpg,baganbilas,japakusum
E:/8semproject/dataset_split/test\baganbilas\080c401ea427c992166726df80ed640f04d7c8ff.jpg,baganbilas,rhododendron
E:/8semproject/dataset_split/test\baganbilas\080f3e632e82754b3bd27f66c3bdf849665c89f8.jpg,baganbilas,japakusum
E:/8semproject/dataset_split/test\baganbilas\086ad7de028f7e1dadeb30c9813698692acc1d12.jpg,baganbilas,gulbahar
E:/8semproject/dataset_split/test\baganbilas\08a4921859da05818340be5add973e5d1dbc90e7.jpg,baganbilas,japakusum
E:/8semproject/dataset_split/test\baganbilas\08b6c39fec33a84eb6494d096fc0690f335520d0.jpg,baganbilas,japakusum
E:/8semproject/dataset_split/test\baganbilas\093ad727da778553945a10b916e622ad2258c403.jpg,baganbilas,japakusum
E:/8semproject/dataset_split/test\baganbilas\098acac5b30d7bb35fe2a26671c57a54aea0c8f0.jpg,baganbilas,japakusum
E:/8semproject/dataset_split/test\baganbilas\09b71c0a35bf3aa1aedfb9d27ebe26d2408d3c3a.jpg,baganbilas,japakusum
E:/8semproject/dataset_split/test\baganbilas\09c73ff2a71884efc5dc33fb21435da537afba96.jpg,baganbilas,japakusum
E:/8semproject/dataset_split/test\baganbilas\09d42528644f32a93399da32bb4e0054ea40c859.jpg,baganbilas,rhododendron
E:/8semproject/dataset_split/test\baganbilas\09d8b92fd4246cd3163ace37e112e9fbedbec697.jpg,baganbilas,japakusum
E:/8semproject/dataset_split/test\baganbilas\09e9fa324bd1ebc5541b5eaaa6782255c50fb54f.jpg,baganbilas,japakusum
E:/8semproject/dataset_split/test\baganbilas\0a141078b9c2683fbda1ffe88ca49fc9797c2112.jpg,baganbilas,japakusum
E:/8semproject/dataset_split/test\baganbilas\0a154f6637de7315901b40a49bf635190278dfbb.jpg,baganbilas,baganbilas
E:/8semproject/dataset_split/test\baganbilas\0a3e3962ff8a1f3021a48b5a795ffe281ab00f01.jpg,baganbilas,baganbilas
E:/8semproject/dataset_split/test\baganbilas\0a53c9fd70be606f0386b919e77f706981e82208.jpg,baganbilas,japakusum
E:/8semproject/dataset_split/test\baganbilas\0a829e1483c5bbc7419d9c1e12ac239d90ea798a.jpg,baganbilas,japakusum
E:/8semproject/dataset_split/test\baganbilas\0a9c1eed527cf9573c90802baecb86bb6e8a29d3.jpg,baganbilas,baganbilas
E:/8semproject/dataset_split/test\baganbilas\0ae9769299eded25d0583d1fddc869aa2e5504a5.jpg,baganbilas,japakusum
E:/8semproject/dataset_split/test\baganbilas\0af8e4607cf0b8e817ab2a12908ba7e254763620.jpg,baganbilas,dandelion
E:/8semproject/dataset_split/test\baganbilas\0b1c3dd09dd78323c1ef516be6f665238bf0ed9c.jpg,baganbilas,japakusum
E:/8semproject/dataset_split/test\baganbilas\0b3868acb1df8a51dc74eb1ce4b3882f7d26f114.jpg,baganbilas,japakusum
E:/8semproject/dataset_split/test\baganbilas\0b418543eba1801407b4c97e867e1c3459250156.jpg,baganbilas,japakusum
E:/8semproject/dataset_split/test\baganbilas\0b4cbdce9e13ac2debfc594eafb8060eae5c3400.jpg,baganbilas,rhododendron
E:/8semproject/dataset_split/test\baganbilas\0b4fb4d3feaec082d3d723741135ac6ae016931b.jpg,baganbilas,gulbahar
E:/8semproject/dataset_split/test\baganbilas\0b691a9e4e25d15d220895af89ecc33b8c3743fc.jpg,baganbilas,japakusum
E:/8semproject/dataset_split/test\baganbilas\0b8cd6b2cde2831193faadb0435581b070170582.jpg,baganbilas,japakusum
E:/8semproject/dataset_split/test\baganbilas\0c2e2bd1001d9438bfdffe1521dfe3e4af90bb36.jpg,baganbilas,japakusum
E:/8semproject/dataset_split/test\baganbilas\0c7e44bd16045a57c151f8a71b95df7bf0beae00.jpg,baganbilas,gulbahar
E:/8semproject/dataset_split/test\baganbilas\0c8aab9d8632f2564b1a42cb3255e03371823732.jpg,baganbilas,japakusum
E:/8semproject/dataset_split/test\baganbilas\0cba7ba309aaeb53879082d936ebc18cea18a7f5.jpg,baganbilas,japakusum
E:/8semproject/dataset_split/test\baganbilas\0cc6a6c39a3d6475c099bd3f215b375bc7a0ae33.jpg,baganbilas,japakusum
E:/8semproject/dataset_split/test\baganbilas\0cdacf3dadbe79dc13e2874992135fefcab89faa.jpg,baganbilas,japakusum
E:/8semproject/dataset_split/test\baganbilas\0cdb3e24cfd8421e90a874907539c245039b5bd6.jpg,baganbilas,baganbilas
E:/8semproject/dataset_split/test\baganbilas\0d139956c65fc25f22e5db2e1501719c90c5012f.jpg,baganbilas,baganbilas
E:/8semproject/dataset_split/test\baganbilas\0d3ded2c6d4b3957714e1a6783d4aed324088565.jpg,baganbilas,japakusum
E:/8semproject/dataset_split/test\baganbilas\0d407d8dca6833d113ad9f843b7fb477092b49d2.jpg,baganbilas,japakusum
E:/8semproject/dataset_split/test\baganbilas\0d4b437ad6dad257b021a9293de50a4c6ac1a0d7.jpg,baganbilas,japakusum
E:/8semproject/dataset_split/test\baganbilas\0d7e3e080308b903267d56a85ebfd5c8a366aff8.jpg,baganbilas,japakusum
E:/8semproject/dataset_split/test\baganbilas\0d80db8d6434f3a7bea93d33fd1821861b053e39.jpg,baganbilas,japakusum
E:/8semproject/dataset_split/test\baganbilas\0da071e368da484e1ecca78421160f91881423cb.jpg,baganbilas,japakusum
E:/8semproject/dataset_split/test\baganbilas\0e162c60f23720031824aa6f0641796107e4d677.jpg,baganbilas,japakusum
E:/8semproject/dataset_split/test\baganbilas\0e21e7d493eb800291a844c53a63367c9531bd67.jpg,baganbilas,gulbahar
E:/8semproject/dataset_split/test\baganbilas\0e2c58173464d91b559cb5eb79683bd9e626f5f8.jpg,baganbilas,japakusum
E:/8semproject/dataset_split/test\baganbilas\0e4ea3dec7ae172b5f7b36af21a6e8e7d2f7806f.jpg,baganbilas,japakusum
E:/8semproject/dataset_split/test\baganbilas\0e66b5692c89868f8ec82f45e64d0124a6430686.jpg,baganbilas,japakusum
E:/8semproject/dataset_split/test\baganbilas\0e67171f808a4b0ebd18828db21297b672227d96.jpg,baganbilas,japakusum
E:/8semproject/dataset_split/test\baganbilas\0ebad8c7679df80e16534a1363f421fd4a81f429.jpg,baganbilas,baganbilas
E:/8semproject/dataset_split/test\baganbilas\0ef23a679b7bae6b528c26187c24569a3ff60311.jpg,baganbilas,gulbahar
E:/8semproject/dataset_split/test\baganbilas\0f1b37ddf8c3e2d08226b82ca6446c898207f5df.jpg,baganbilas,gulbahar
E:/8semproject/dataset_split/test\baganbilas\0f408a06be809a2ece4b3e92cdb1fe50a9155431.jpg,baganbilas,japakusum
E:/8semproject/dataset_split/test\baganbilas\0fa4096a35036e92f370b97b2a044cf9ad5cd9f7.jpg,baganbilas,japakusum
E:/8semproject/dataset_split/test\baganbilas\0fa912933576a558b2f549e1b2046a743e2fdcfb.jpg,baganbilas,japakusum
E:/8semproject/dataset_split/test\baganbilas\0fdf18a013506972a93adad3b794e56a0723e8eb.jpg,baganbilas,japakusum
E:/8semproject/dataset_split/test\baganbilas\0feb11e9799deab3b9f4815b580af74e4d97cb6a.jpg,baganbilas,japakusum
E:/8semproject/dataset_split/test\baganbilas\102f3726bc504aeda05a6320894a17dfd2663d7f.jpg,baganbilas,japakusum
E:/8semproject/dataset_split/test\baganbilas\10a7e1d252ba5c257e4c3c5829874eeff1d74d19.jpg,baganbilas,japakusum
E:/8semproject/dataset_split/test\baganbilas\10c3e79ce5592f025e77772db41828e1008999f3.jpg,baganbilas,baganbilas
E:/8semproject/dataset_split/test\baganbilas\11e6f6c5ca89e6815d7a4dc036db4a5bbbc5ed3c.jpg,baganbilas,baganbilas
E:/8semproject/dataset_split/test\baganbilas\11eb2614e5d04f9e1e1d727cd41f26638b5fdd47.jpg,baganbilas,gulbahar
E:/8semproject/dataset_split/test\baganbilas\1200px-Starr_030418-0058_Bougainvillea_spectabilis.jpg,baganbilas,baganbilas
E:/8semproject/dataset_split/test\baganbilas\122a4ba32290c3ed111dd088f6f058e13d22a9d2.jpg,baganbilas,japakusum
E:/8semproject/dataset_split/test\baganbilas\124fd7bbcfe135f61706bab04a8951613783f7e6.jpg,baganbilas,gulbahar
E:/8semproject/dataset_split/test\baganbilas\125e6a958693eccb21694fb0ab86ec0ed4670297.jpg,baganbilas,gulbahar
E:/8semproject/dataset_split/test\baganbilas\128107675-red-flowers-and-bracts-of-bougainvillea-liana.jpg,baganbilas,japakusum
E:/8semproject/dataset_split/test\baganbilas\12890658-bougainvillea-paper-flower.jpg,baganbilas,tulip
E:/8semproject/dataset_split/test\baganbilas\12b9848fefe4be9c02bce2eb28eac04b236b96b4.jpg,baganbilas,japakusum
E:/8semproject/dataset_split/test\baganbilas\12c317229e4341b6aaaf94238f61560c72e82abb.jpg,baganbilas,baganbilas
E:/8semproject/dataset_split/test\baganbilas\134bd6fa4b1849b98c30f20c80bccdf7a2f36dcf.jpg,baganbilas,japakusum
E:/8semproject/dataset_split/test\baganbilas\13a2d2a2683d79465f771c58462b1acb6713d2c1.jpg,baganbilas,baganbilas
E:/8semproject/dataset_split/test\baganbilas\13a4ff812df3b120965bebeec7d5906df9fba17b.jpg,baganbilas,japakusum
E:/8semproject/dataset_split/test\baganbilas\13ee0db2a35623217771b5da5441b9eb938eee46.jpg,baganbilas,japakusum
E:/8semproject/dataset_split/test\baganbilas\143ce3c6e22cbabb4a21dd04923644b70138495b.jpg,baganbilas,japakusum
E:/8semproject/dataset_split/test\baganbilas\143ebca5a35b5d238e594236975dcd6ccc674fe8.jpg,baganbilas,baganbilas
E:/8semproject/dataset_split/test\baganbilas\146d65d2a7173d111467d3148bb6c6ba29a026d7.jpg,baganbilas,japakusum
E:/8semproject/dataset_split/test\baganbilas\14b082e7789381a30aea5fb9e6c4da09933d80a3.jpg,baganbilas,gulbahar
E:/8semproject/dataset_split/test\baganbilas\14b192193d90763e3037ee71c934fe38befe6809.jpg,baganbilas,gulbahar
E:/8semproject/dataset_split/test\baganbilas\14baf912b7465d66681327be70a59e1189f9d32d.jpg,baganbilas,baganbilas
E:/8semproject/dataset_split/test\baganbilas\14c6b35875009b1061448ed7daf4b556e67d5369.jpg,baganbilas,gulbahar
E:/8semproject/dataset_split/test\baganbilas\14e9773fe4f8d1cccddfefcf7044c5590ddbe143.jpg,baganbilas,japakusum
E:/8semproject/dataset_split/test\baganbilas\150a4cb1e07ca9aa44725f6e27dc36fe9d9d1873.jpg,baganbilas,baganbilas
E:/8semproject/dataset_split/test\baganbilas\158f09843abf26099cbd58e3bd4594001dc5b296.jpg,baganbilas,gulbahar
E:/8semproject/dataset_split/test\baganbilas\159a1803337037de7be5e24b4ef380589bba56d4.jpg,baganbilas,japakusum
E:/8semproject/dataset_split/test\baganbilas\15c72f9c0ee31b1a29aeeb12e6d98b3aec04a2c2.jpg,baganbilas,rhododendron
E:/8semproject/dataset_split/test\baganbilas\166e6a1383a33aff3f90f74f58f4694944efb69c.jpg,baganbilas,dandelion
E:/8semproject/dataset_split/test\baganbilas\16a32492adbe10e7df753a896994dbb590f46f7a.jpg,baganbilas,gulbahar
E:/8semproject/dataset_split/test\baganbilas\16b24e2368318d28b5521409233c4ce895efd024.jpg,baganbilas,gulbahar
E:/8semproject/dataset_split/test\baganbilas\16d9d214e32ec9d867322e9ad7f6a7b394faf570.jpg,baganbilas,japakusum
E:/8semproject/dataset_split/test\baganbilas\17d031cdcce0b9c1d04f748cfad45da77d524b6d.jpg,baganbilas,gulbahar
E:/8semproject/dataset_split/test\baganbilas\17e9163156700a90966dc6d60cc921007fd2e9c7.jpg,baganbilas,japakusum
E:/8semproject/dataset_split/test\baganbilas\187241-640x480r1-bougainvillea.jpg,baganbilas,baganbilas
E:/8semproject/dataset_split/test\baganbilas\18b6299d20cd26689ebd8371e98d2fdb1fc94b1b.jpg,baganbilas,gulbahar
E:/8semproject/dataset_split/test\baganbilas\18d789d7a9268ee207496e618d146103b9f27a9b.jpg,baganbilas,gulbahar
E:/8semproject/dataset_split/test\baganbilas\190cf45706d76892fc7674a746889b7543dde325.jpg,baganbilas,japakusum
E:/8semproject/dataset_split/test\baganbilas\194f5e20ee6176b90fdf5b0261839221dcfe8e76.jpg,baganbilas,gulbahar
E:/8semproject/dataset_split/test\baganbilas\19bcf36c93258293ccee6b084ba7738ed2f96f6f.jpg,baganbilas,japakusum
E:/8semproject/dataset_split/test\baganbilas\19e9aac5cc7d6af5481151c11ac219e8004e68ee.jpg,baganbilas,japakusum
E:/8semproject/dataset_split/test\baganbilas\1a27282fad1e27b35df6516c2c237ae11aa2c90a.jpg,baganbilas,japakusum
E:/8semproject/dataset_split/test\baganbilas\1acffaa8613e33076b0a87df73135e1caffb877f.jpg,baganbilas,japakusum
E:/8semproject/dataset_split/test\baganbilas\1b0013061ac2e38d55cc81c540a8cf21bfcae79b.jpg,baganbilas,japakusum
E:/8semproject/dataset_split/test\baganbilas\1b1a157a99f7f0f1fa7718a5dd72d97057564ccf.jpg,baganbilas,gulbahar
E:/8semproject/dataset_split/test\baganbilas\1b27886e07b91e59a379b32d9a1ab98a092c5514.jpg,baganbilas,baganbilas
E:/8semproject/dataset_split/test\baganbilas\1b6b8ae391da818aef40646fa74c78a380cb1161.jpg,baganbilas,japakusum
E:/8semproject/dataset_split/test\baganbilas\1b6c24123c3b9a73de1077ab41187aed6d4743dd.jpg,baganbilas,gulbahar
E:/8semproject/dataset_split/test\baganbilas\1ba23a6df1f6f93d0bab2aa55adc5c39c416cf67.jpg,baganbilas,gulbahar
E:/8semproject/dataset_split/test\baganbilas\1baf2bc78035d7c3ee7c0bcc3bc0407780ccfe7e.jpg,baganbilas,rose
E:/8semproject/dataset_split/test\baganbilas\1c018a8b99be70b3aa6cedb852a3c4f44a233217.jpg,baganbilas,gulbahar
E:/8semproject/dataset_split/test\baganbilas\1c2c3df184a30b7bf6b9ff3093b4d2cb4cf91fc3.jpg,baganbilas,rhododendron
E:/8semproject/dataset_split/test\baganbilas\1c2fc47a900818143b3de07c00ba41154ed03685.jpg,baganbilas,japakusum
E:/8semproject/dataset_split/test\baganbilas\1c363eb2b2b2051bff37b7dbc7958e2ee8416343.jpg,baganbilas,japakusum
E:/8semproject/dataset_split/test\baganbilas\1c6959508f68972c332a232c1974b58a58f7715b.jpg,baganbilas,gulbahar
E:/8semproject/dataset_split/test\baganbilas\1c9ecccffadde40fc059687745fefee8fe64ffae.jpg,baganbilas,japakusum
E:/8semproject/dataset_split/test\baganbilas\1cc3926c398fd89890a1ce78d7af8a46a1183ff2.jpg,baganbilas,japakusum
E:/8semproject/dataset_split/test\baganbilas\1cf580f49d05819104c335ff61a8ca36381f19f9.jpg,baganbilas,baganbilas
E:/8semproject/dataset_split/test\baganbilas\1d05d2e2f127171cbee3f1f8fce9cc5ca0d5aa4e.jpg,baganbilas,rhododendron
E:/8semproject/dataset_split/test\baganbilas\1d156666c70464136f43f499174b01252418121e.jpg,baganbilas,japakusum
E:/8semproject/dataset_split/test\baganbilas\1d4767b401e00f5ed93d4bf85f70c66953431390.jpg,baganbilas,baganbilas
E:/8semproject/dataset_split/test\baganbilas\1d7ee065728550791da2fc31f63822a46bdf6ad0.jpg,baganbilas,rhododendron
E:/8semproject/dataset_split/test\baganbilas\1d8d7c140406e7d98da18b75bb778c87755d150d.jpg,baganbilas,japakusum
E:/8semproject/dataset_split/test\baganbilas\1dd9ace0dd20d09d41a30a4e81c2deb3306b5e86.jpg,baganbilas,japakusum
E:/8semproject/dataset_split/test\baganbilas\1e630504c9b1dc888c5b261702aacb073b151229.jpg,baganbilas,japakusum
E:/8semproject/dataset_split/test\baganbilas\1e6605e659d1240ccb93d9404f2287dcd8c8d616.jpg,baganbilas,japakusum
E:/8semproject/dataset_split/test\baganbilas\1e7489e4b6006363ed4be400f560cbf7f17f9283.jpg,baganbilas,japakusum
E:/8semproject/dataset_split/test\baganbilas\1e9bf45c4cbc995b704da405b933e9f085e63466.jpg,baganbilas,japakusum
E:/8semproject/dataset_split/test\baganbilas\1ea5935a424ed716b429f1c34b3cd4d95d5f7c29.jpg,baganbilas,japakusum
E:/8semproject/dataset_split/test\baganbilas\1eb44ca40bae1605efa0b1ba5180d22d8f589eb3.jpg,baganbilas,japakusum
E:/8semproject/dataset_split/test\baganbilas\1eff6ffa9039b6bffaffb1e7e86781821dc5903b.jpg,baganbilas,japakusum
E:/8semproject/dataset_split/test\baganbilas\1f01353ba8bb01c9fc528dc87a09e4d190fec658.jpg,baganbilas,gulbahar
E:/8semproject/dataset_split/test\baganbilas\1f88f4454297b251c659006e8a8cccd0c6f6e405.jpg,baganbilas,japakusum
E:/8semproject/dataset_split/test\baganbilas\1fb7d74144f7e7c073fd94dd33b1ccd6ba993054.jpg,baganbilas,japakusum
E:/8semproject/dataset_split/test\baganbilas\1fd799bb0b15d713996055bf856c3012be961af6.jpg,baganbilas,japakusum
E:/8semproject/dataset_split/test\baganbilas\1fe9ec1521a8879f5d0c302ebd2420b60cbfeb3c.jpg,baganbilas,japakusum
E:/8semproject/dataset_split/test\baganbilas\1ff174368a85917ef08b6bf89d8a14b6f666c580.jpg,baganbilas,japakusum
E:/8semproject/dataset_split/test\baganbilas\20b1d633a614a73742c83dccd2d890fdf56efe3d.jpg,baganbilas,japakusum
E:/8semproject/dataset_split/test\baganbilas\20c76c3e6179ab97cc99e9e2a391dc12b7560a72.jpg,baganbilas,japakusum
E:/8semproject/dataset_split/test\baganbilas\20fb31d99f52393cefce16d3e1693f75462cf4c8.jpg,baganbilas,gulbahar
E:/8semproject/dataset_split/test\baganbilas\215df5e1a9f0b1cead67ea2a174b1113cbc0cad6.jpg,baganbilas,japakusum
E:/8semproject/dataset_split/test\baganbilas\21d1c1608608f67ae5b738b0e459424c32f0c923.jpg,baganbilas,japakusum
E:/8semproject/dataset_split/test\baganbilas\21f4f5cc9b9908c0832f0157222fc74c450bb403.jpg,baganbilas,japakusum
E:/8semproject/dataset_split/test\baganbilas\224cb415bb758f96cee7a281874cb6c256b38f14.jpg,baganbilas,japakusum
E:/8semproject/dataset_split/test\baganbilas\22b90c5461b6b8474dde97c90ef1c3de5a0f7daa.jpg,baganbilas,japakusum
E:/8semproject/dataset_split/test\baganbilas\235bbe064b481f3ce0aafc5dc3bfbc47fdbf91ef.jpg,baganbilas,japakusum
E:/8semproject/dataset_split/test\baganbilas\23b07e6344c29468e0fb4c48ea2d632ef5f37817.jpg,baganbilas,japakusum
E:/8semproject/dataset_split/test\baganbilas\23c0c0988f333cd3d9319edd5f04e7fe71fdba7b.jpg,baganbilas,japakusum
E:/8semproject/dataset_split/test\baganbilas\23d922821f95f9e232982692d6794006ae8b37c4.jpg,baganbilas,japakusum
E:/8semproject/dataset_split/test\baganbilas\240fcecbce3b309e5408a5ceb85d7320817d28f9.jpg,baganbilas,japakusum
E:/8semproject/dataset_split/test\baganbilas\241d1050cc0c0ee13b0d795bcdbc5bc3a3675d71.jpg,baganbilas,japakusum
E:/8semproject/dataset_split/test\baganbilas\24b19666cb7be9a2545234bfc6cfd40d18db4367.jpg,baganbilas,baganbilas
E:/8semproject/dataset_split/test\baganbilas\24b599a7a6cf69bffb01d64ffa9f47e4ce367e7f.jpg,baganbilas,japakusum
E:/8semproject/dataset_split/test\baganbilas\24c9b28cd2c462ec63c49b86ac6f3c99641af21d.jpg,baganbilas,japakusum
E:/8semproject/dataset_split/test\baganbilas\24e98325bb6eced83790d4f898d22afbdcae9cc4.jpg,baganbilas,baganbilas
E:/8semproject/dataset_split/test\baganbilas\25a6fe64c087e5823d6ec6e9ab8c2e493481d5d4.jpg,baganbilas,japakusum
E:/8semproject/dataset_split/test\baganbilas\25e7432819cc84a6d599e32bf3cba694ca7e7ddf.jpg,baganbilas,japakusum
E:/8semproject/dataset_split/test\baganbilas\25f32512b1e45dda1f43aa5afcf771093d802a35.jpg,baganbilas,japakusum
E:/8semproject/dataset_split/test\baganbilas\262a20162144f04aed96e22f60113ae171b37a0c.jpg,baganbilas,rhododendron
E:/8semproject/dataset_split/test\baganbilas\264bd7ad304ddfeeada7393568a333b385a3fa56.jpg,baganbilas,japakusum
E:/8semproject/dataset_split/test\baganbilas\26a5288e4f9e2ef977ce16ca3153e868994e00bf.jpg,baganbilas,gulbahar
E:/8semproject/dataset_split/test\baganbilas\26c1a7eb6cec092d5e460b0876fd2b3a918e497c.jpg,baganbilas,japakusum
E:/8semproject/dataset_split/test\baganbilas\26cdfac45d3cdcbd6c6bce06b6f868870903947c.jpg,baganbilas,gulbahar
E:/8semproject/dataset_split/test\baganbilas\26d3666132b36583eb08ded666b515a36f1166fc.jpg,baganbilas,japakusum
E:/8semproject/dataset_split/test\baganbilas\27b744e359e2738b2a774a22dea865ca9857483e.jpg,baganbilas,japakusum
E:/8semproject/dataset_split/test\baganbilas\27d6289e55beeaf26190451c17550aa25d41774a.jpg,baganbilas,gulbahar
E:/8semproject/dataset_split/test\baganbilas\27fc5a347a2b1ad93b43ee7c19ada6638ed2da06.jpg,baganbilas,japakusum
E:/8semproject/dataset_split/test\baganbilas\28ada06cbab642948a12bf439eb57ccbbf18672d.jpg,baganbilas,gulbahar
E:/8semproject/dataset_split/test\baganbilas\28cc752f4bc78e60d26e7f9989b699b08b023587.jpg,baganbilas,gulbahar
E:/8semproject/dataset_split/test\baganbilas\28de5387e43c670a49708fbd66d03cc973a3c53f.jpg,baganbilas,japakusum
E:/8semproject/dataset_split/test\baganbilas\29b2f24f73961a152bf13e31a326789d38874d0b.jpg,baganbilas,japakusum
E:/8semproject/dataset_split/test\baganbilas\29d4ee31334588580701de114d14b628c5ac0b6f.jpg,baganbilas,rhododendron
E:/8semproject/dataset_split/test\baganbilas\29e5d951c974b34763e96f6e08b1b7340c8fce10.jpg,baganbilas,japakusum
E:/8semproject/dataset_split/test\baganbilas\2a6fc279ac5ae3def16dd02f3035232092ae3d87.jpg,baganbilas,japakusum
E:/8semproject/dataset_split/test\baganbilas\2a76f8579928fab2993b98feac1f405e3be2eec9.jpg,baganbilas,japakusum
E:/8semproject/dataset_split/test\baganbilas\2a7c34b542d92c7ddfe6b5a009e1edd9da31d8c6.jpg,baganbilas,japakusum
E:/8semproject/dataset_split/test\baganbilas\2a9ae5da088e76a9a81f6cf38791dac0fd9ab917.jpg,baganbilas,japakusum
E:/8semproject/dataset_split/test\baganbilas\2b32d8e4c8bb3842c06e5631220c93c3b046974f.jpg,baganbilas,japakusum
E:/8semproject/dataset_split/test\baganbilas\2b54d77a398f6fad93fce5fdae0c0d801d22b008.jpg,baganbilas,baganbilas
E:/8semproject/dataset_split/test\baganbilas\2b891d43eb0fba161dd74a074e6f295d528a125e.jpg,baganbilas,japakusum
E:/8semproject/dataset_split/test\baganbilas\2b9ac3a67622b507b0f63105102a078eab0c5c71.jpg,baganbilas,japakusum
E:/8semproject/dataset_split/test\baganbilas\2baacf65b1aa5be8773ffa8596c8870d39e153d9.jpg,baganbilas,baganbilas
E:/8semproject/dataset_split/test\baganbilas\2bad7661e27a7b77a5d745e3c31cb81a84d640c4.jpg,baganbilas,japakusum
E:/8semproject/dataset_split/test\baganbilas\2bcd07bcb4a74eb6b542f61096aea267ba5d01d9.jpg,baganbilas,rhododendron
E:/8semproject/dataset_split/test\baganbilas\2c3e8c9934a4a5f79cccfa3f35d966bc2b5c7370.jpg,baganbilas,gulbahar
E:/8semproject/dataset_split/test\baganbilas\2c6628ded50b33b1c6bd125678b85a77eef5c061.jpg,baganbilas,japakusum
E:/8semproject/dataset_split/test\baganbilas\2cd17bd231944a444b313be770b8418fd7d77f64.jpg,baganbilas,japakusum
E:/8semproject/dataset_split/test\baganbilas\2ced02b3e4aac177cb28b1cb2a2f3d6dc958c3be.jpg,baganbilas,japakusum
E:/8semproject/dataset_split/test\baganbilas\2d415887314093005aa103679ad125a107bf796b.jpg,baganbilas,japakusum
E:/8semproject/dataset_split/test\baganbilas\2d4b90a53bd98acccf2417d79dadde79e783aca2.jpg,baganbilas,gulbahar
E:/8semproject/dataset_split/test\baganbilas\2d6df31b4d2acd9f333d050591ae6e78b7314b1e.jpg,baganbilas,japakusum
E:/8semproject/dataset_split/test\baganbilas\2d6fc964c34da26659d841ae49121a07788ad034.jpg,baganbilas,japakusum
E:/8semproject/dataset_split/test\baganbilas\2d975135704230e373a18133a0dda891a443a274.jpg,baganbilas,japakusum
E:/8semproject/dataset_split/test\baganbilas\2d998e7669d1404a10b74e7a32520a8cb3f23565.jpg,baganbilas,japakusum
E:/8semproject/dataset_split/test\baganbilas\2dd7074139fa5c2d3d624ff78191cc4726d2bc6e.jpg,baganbilas,gulbahar
E:/8semproject/dataset_split/test\baganbilas\2dd95bab5cff8f51487bcb432ec3a523f2b15110.jpg,baganbilas,gulbahar
E:/8semproject/dataset_split/test\baganbilas\2dd9862c5d8ae1c7c3f39b84d12e817cd2fbf3eb.jpg,baganbilas,japakusum
E:/8semproject/dataset_split/test\baganbilas\2df8503f7021ce7b1455b5520023f40c35c10dad.jpg,baganbilas,gulbahar
E:/8semproject/dataset_split/test\baganbilas\2e04f235e7ece4d9de2d0d1e0d7773579371a649.jpg,baganbilas,japakusum
E:/8semproject/dataset_split/test\baganbilas\2e0ee6a447417b4528d6fca342fe08ec5639bf4d.jpg,baganbilas,japakusum
E:/8semproject/dataset_split/test\baganbilas\2e107c284a14af3b3f12da66f8055dfe34795de3.jpg,baganbilas,tulip
E:/8semproject/dataset_split/test\baganbilas\2e4d212694f3960dd598672a57158affc6b33d72.jpg,baganbilas,japakusum
E:/8semproject/dataset_split/test\baganbilas\2e4e0f88428af6cb3cc3f2231bffa7bae057d47e.jpg,baganbilas,baganbilas
E:/8semproject/dataset_split/test\baganbilas\2e58c61a1d4a868adfde52e1157bb4f73f3e2b31.jpg,baganbilas,japakusum
E:/8semproject/dataset_split/test\baganbilas\2ebf5e7148f337182b6819ac59493f4965577727.jpg,baganbilas,baganbilas
E:/8semproject/dataset_split/test\baganbilas\2ec4e92abd4ce9d39d4e121ce727d74a8bac744a.jpg,baganbilas,japakusum
E:/8semproject/dataset_split/test\baganbilas\2ec64848d945ceb4f7c612808957281aa8907fff.jpg,baganbilas,japakusum
E:/8semproject/dataset_split/test\baganbilas\2f050fb542af42f7778980f8708c141a43fb2476.jpg,baganbilas,gulbahar
E:/8semproject/dataset_split/test\baganbilas\2f557a03aecea6b3cd8994334753236249c1f4a1.jpg,baganbilas,gulbahar
E:/8semproject/dataset_split/test\baganbilas\2f8ae4d4a71aaa0a1df4687326d1dbb66b74cc53.jpg,baganbilas,gulbahar
E:/8semproject/dataset_split/test\baganbilas\2f973f11b4adace80d5ef2e986395f41cabefe8f.jpg,baganbilas,baganbilas
E:/8semproject/dataset_split/test\baganbilas\2fa0d6833763207d4c3781b15eaa2e6b4ff6d6f5.jpg,baganbilas,japakusum
E:/8semproject/dataset_split/test\baganbilas\30ce2ed0caba6d000e3a707727bc7724122ea2f1.jpg,baganbilas,japakusum
E:/8semproject/dataset_split/test\baganbilas\30db651464b36591ea56bcb42ed50aae605b2b65.jpg,baganbilas,japakusum
E:/8semproject/dataset_split/test\baganbilas\30e6d75b565f525f475a4be5b5dd6c90e49ec38e.jpg,baganbilas,japakusum
E:/8semproject/dataset_split/test\baganbilas\31a9222826b827d0a798cd1ae581b9581e905460.jpg,baganbilas,japakusum
E:/8semproject/dataset_split/test\baganbilas\31c08647da7ec87d928aee0a433c314947ff3095.jpg,baganbilas,japakusum
E:/8semproject/dataset_split/test\baganbilas\31d0ce4209e928b678e2a8f1e25065565ca1345f.jpg,baganbilas,japakusum
E:/8semproject/dataset_split/test\baganbilas\31d345ec077d8a66079e84f2fab96f931b86a9ca.jpg,baganbilas,japakusum
E:/8semproject/dataset_split/test\baganbilas\31dfd703d6704cf886fb09180a0bd06a1742ca1a.jpg,baganbilas,baganbilas
E:/8semproject/dataset_split/test\baganbilas\31f8e4d767df5c0eef6d245ab8affb5e1e047dff.jpg,baganbilas,baganbilas
E:/8semproject/dataset_split/test\baganbilas\33a429022dd5e9d8f2efeca5fee314ac5e191d45.jpg,baganbilas,gulbahar
E:/8semproject/dataset_split/test\baganbilas\33dec79ae2c5bf2e551e5a5fa75a7b0aed6cfa80.jpg,baganbilas,japakusum
E:/8semproject/dataset_split/test\baganbilas\34ba03b277575387524a9086327962f81b1e6980.jpg,baganbilas,japakusum
E:/8semproject/dataset_split/test\baganbilas\34caba0e3692f7c71c116130f00c5b27ed82764c.jpg,baganbilas,gulbahar
E:/8semproject/dataset_split/test\baganbilas\34cd7d0371e087f72ee1724e53fe6e8ac65241b2.jpg,baganbilas,gulbahar
E:/8semproject/dataset_split/test\baganbilas\35a81a2e0f674aab1464061e762f02a2c4784c82.jpg,baganbilas,baganbilas
E:/8semproject/dataset_split/test\baganbilas\35f450e0bd169f4bd80e2e7a95f0a62221f5407f.jpg,baganbilas,gulbahar
E:/8semproject/dataset_split/test\baganbilas\36a1d2c6f44fc5fb36a32e26250a7ed0f7a018da.jpg,baganbilas,baganbilas
E:/8semproject/dataset_split/test\baganbilas\36b2147a8806145e6c0049f570438b5a4964d848.jpg,baganbilas,japakusum
E:/8semproject/dataset_split/test\baganbilas\37f5da2dece8983a248109791d932005927f5c63.jpg,baganbilas,gulbahar
E:/8semproject/dataset_split/test\baganbilas\37ff5a5d2a938eea686f05b2be2860da4d94e111.jpg,baganbilas,gulbahar
E:/8semproject/dataset_split/test\baganbilas\38a6dc1851255403162b3d0b7da2b9afbe6a45ba.jpg,baganbilas,japakusum
E:/8semproject/dataset_split/test\baganbilas\38cee86c0fb3b307ad897e2c1e554a8962687f2d.jpg,baganbilas,japakusum
E:/8semproject/dataset_split/test\baganbilas\38e334361f18fd3c008d3c61dbb27d5907883b55.jpg,baganbilas,baganbilas
E:/8semproject/dataset_split/test\baganbilas\39e4e902662f6a3efb0781d856e433f9ec6133a6.jpg,baganbilas,japakusum
E:/8semproject/dataset_split/test\baganbilas\39f97b1574ee7cd5e513d08c79a2044489f27532.jpg,baganbilas,gulbahar
E:/8semproject/dataset_split/test\baganbilas\3a2767dd0192d96ab78c177100b1137b1397566e.jpg,baganbilas,japakusum
E:/8semproject/dataset_split/test\baganbilas\3a38aedc62a12996ad97d805dce670004727e7f6.jpg,baganbilas,gulbahar
E:/8semproject/dataset_split/test\baganbilas\3a3fc66edd5be9900b7249e44ab17c49e6d7e232.jpg,baganbilas,gulbahar
E:/8semproject/dataset_split/test\baganbilas\3a510c9b2795f20642a7c24fb3b6e9206c7dbcad.jpg,baganbilas,japakusum
E:/8semproject/dataset_split/test\baganbilas\3a6fc7fc6b9aa41e3bdea0906df88ff50234ab6c.jpg,baganbilas,japakusum
E:/8semproject/dataset_split/test\baganbilas\3a8bde54636e1dd64f816781329ad8aee49a0943.jpg,baganbilas,baganbilas
E:/8semproject/dataset_split/test\baganbilas\3a9de4c21b5f4acc8ecb6bab8bc4e054a029efec.jpg,baganbilas,japakusum
E:/8semproject/dataset_split/test\baganbilas\3aa370af1adab6970bf2a8d257fa392deb513cbd.jpg,baganbilas,japakusum
E:/8semproject/dataset_split/test\baganbilas\3aa695f74434060e040338f8d4185abf7a5962c2.jpg,baganbilas,gulbahar
E:/8semproject/dataset_split/test\baganbilas\3abe5d9b696ef747e2911e72937902c381c6807e.jpg,baganbilas,rose
E:/8semproject/dataset_split/test\baganbilas\3ac8c9a26d1f4ef63bac70905e9b73d8986946ab.jpg,baganbilas,japakusum
E:/8semproject/dataset_split/test\baganbilas\3ad51691ddd253124945fd84d31ba18de987f772.jpg,baganbilas,japakusum
E:/8semproject/dataset_split/test\baganbilas\3ae9735892f147da7cbd214a23ec9bf6d1d9d17f.jpg,baganbilas,japakusum
E:/8semproject/dataset_split/test\baganbilas\3b74ccb7765fcb15b3c4eec569d853ed8871403c.jpg,baganbilas,japakusum
E:/8semproject/dataset_split/test\baganbilas\3b8f70ec013b1e41019ae5fced67c985c11338a0.jpg,baganbilas,baganbilas
E:/8semproject/dataset_split/test\baganbilas\3b9b36830b6042d303b99422b9b76b6e52498e9c.jpg,baganbilas,rhododendron
E:/8semproject/dataset_split/test\baganbilas\3bd1d111eb2c0bb0a18ec972cbbee4dd32dde904.jpg,baganbilas,japakusum
E:/8semproject/dataset_split/test\baganbilas\3bec3d23ef336894288dd8b6f1ac170aa425f06a.jpg,baganbilas,japakusum
E:/8semproject/dataset_split/test\baganbilas\3c315de0788644d995a13d8975beb6c56f3a93b0.jpg,baganbilas,japakusum
E:/8semproject/dataset_split/test\baganbilas\3c3a2ce8777d26e8461f5094ad033e8ec5f4843d.jpg,baganbilas,baganbilas
E:/8semproject/dataset_split/test\baganbilas\3c88f687a01cb5c7b5b062dd58c6e29116b57a01.jpg,baganbilas,baganbilas
E:/8semproject/dataset_split/test\baganbilas\3caee26ccbb05314d5c78a2a370dc320c8bd9253.jpg,baganbilas,gulbahar
E:/8semproject/dataset_split/test\baganbilas\3cb8688e65ca03ab29500bee365b9b2bf6500eb5.jpg,baganbilas,japakusum
E:/8semproject/dataset_split/test\baganbilas\3cd43c4702994a040237e2a3cc7c149cb7c6a3b7.jpg,baganbilas,japakusum
E:/8semproject/dataset_split/test\baganbilas\3cdb60c3eb69e730db55dfb1fa481ec5d4768b7e.jpg,baganbilas,japakusum
E:/8semproject/dataset_split/test\baganbilas\3d3a650a181b425c58b07d030a326d8460142c54.jpg,baganbilas,japakusum
E:/8semproject/dataset_split/test\baganbilas\3d3b892503b00a4ce5a559a6e784aa3adc2eabb5.jpg,baganbilas,japakusum
E:/8semproject/dataset_split/test\baganbilas\3d7c5119458ef3a64a793ccdbd9f421e270d7868.jpg,baganbilas,japakusum
E:/8semproject/dataset_split/test\baganbilas\3d99a9831d5ff9bcc46a1246d51c256210ec22d3.jpg,baganbilas,japakusum
E:/8semproject/dataset_split/test\baganbilas\3dacd5ffe1f5c63190ccbd94c06e0ee360cfca68.jpg,baganbilas,japakusum
E:/8semproject/dataset_split/test\baganbilas\3dbc71f3a7d7e4dca10ded419d306f1f85a931ba.jpg,baganbilas,gulbahar
E:/8semproject/dataset_split/test\baganbilas\3dd2556a91e5682ca3d1a0fd3c68ac1a2d8903d3.jpg,baganbilas,japakusum
E:/8semproject/dataset_split/test\baganbilas\3de0d545f967805440a8b6e6de026ce37a015439.jpg,baganbilas,baganbilas
E:/8semproject/dataset_split/test\baganbilas\3de6e93e0a983687018cb7c39880312bad359170.jpg,baganbilas,baganbilas
E:/8semproject/dataset_split/test\baganbilas\3dee2898a6a531850f3d96294534dc5c5b3565a9.jpg,baganbilas,gulbahar
E:/8semproject/dataset_split/test\baganbilas\3e074480ab404da48620035fc18e3e8d8bf5c96c.jpg,baganbilas,japakusum
E:/8semproject/dataset_split/test\baganbilas\3e57541710a608109da7c0bf62faaff450b81819.jpg,baganbilas,japakusum
E:/8semproject/dataset_split/test\baganbilas\3e667f073ca4d4048142e2c2cc159e0e09f55b9f.jpg,baganbilas,japakusum
E:/8semproject/dataset_split/test\baganbilas\3ea78145ba2c995566c63477f95677ca69dca663.jpg,baganbilas,japakusum
E:/8semproject/dataset_split/test\baganbilas\3eac3d29267afc55306cd1cbdd3ad412b21470ed.jpg,baganbilas,japakusum
E:/8semproject/dataset_split/test\baganbilas\3ed31315f723a094055b8d3fd0c983419753a3ac.jpg,baganbilas,gulbahar
E:/8semproject/dataset_split/test\baganbilas\3ee67965c642d3bc57b789f720f57d443f52c2ed.jpg,baganbilas,japakusum
E:/8semproject/dataset_split/test\baganbilas\3ef29298f7a0bc34820465ce082a513144dd81df.jpg,baganbilas,japakusum
E:/8semproject/dataset_split/test\baganbilas\3f6bab6655385a505790e1ea1c3b0cd4893ee7a0.jpg,baganbilas,japakusum
E:/8semproject/dataset_split/test\baganbilas\3f6e0f60121e79ca00575f0d7dfa21d5f9afd418.jpg,baganbilas,gulbahar
E:/8semproject/dataset_split/test\baganbilas\3f9c9db2f09f4f7f985a86a1d740afd04aba2f10.jpg,baganbilas,japakusum
E:/8semproject/dataset_split/test\baganbilas\3fce0759bbbf0a85129a9cf38f333a8742918e14.jpg,baganbilas,gulbahar
E:/8semproject/dataset_split/test\baganbilas\40a36e05de4e7e39825bced138b141bad888a7a1.jpg,baganbilas,gulbahar
E:/8semproject/dataset_split/test\baganbilas\40a78161fe7114a5ab75ce26d9896dabb1dc3262.jpg,baganbilas,baganbilas
E:/8semproject/dataset_split/test\baganbilas\40b8a86337a57da9c7f502a98909bbcbfd678f01.jpg,baganbilas,japakusum
E:/8semproject/dataset_split/test\baganbilas\40bd367944ed1b06d4e06004b5097174f166dbf5.jpg,baganbilas,japakusum
E:/8semproject/dataset_split/test\baganbilas\40c30e87fda5cb6c19f452a21e3b1216c4fdb0ab.jpg,baganbilas,baganbilas
E:/8semproject/dataset_split/test\baganbilas\41a057724491de6fbee7b72e0bc6899071bed479.jpg,baganbilas,japakusum
E:/8semproject/dataset_split/test\baganbilas\41b39c07dd0dbed7e5103740d5cb8485cd051853.jpg,baganbilas,japakusum
E:/8semproject/dataset_split/test\baganbilas\41f96206537de149108385a20b6380ce27709b0b.jpg,baganbilas,japakusum
E:/8semproject/dataset_split/test\baganbilas\42fb40cc4a8baace2059ae6e0a05d784e0976a43.jpg,baganbilas,japakusum
E:/8semproject/dataset_split/test\baganbilas\43ac9f72956d6c7b280490866eb06e35f01e5f2b.jpg,baganbilas,japakusum
E:/8semproject/dataset_split/test\baganbilas\43baaffa9c106dedee7ab32bfad09aa44cefbbe8.jpg,baganbilas,japakusum
E:/8semproject/dataset_split/test\baganbilas\43bd0e9fcbfd2f6f0cf2cafb083927a96234a660.jpg,baganbilas,gulbahar
E:/8semproject/dataset_split/test\baganbilas\43c6c839c302934386fa568d8c26ed69736b0870.jpg,baganbilas,japakusum
E:/8semproject/dataset_split/test\baganbilas\43cb0a1a687f757b3d0dd3238c100ff908187d0a.jpg,baganbilas,baganbilas
E:/8semproject/dataset_split/test\baganbilas\43d5e63eb9b86607802bbf0f13835c814e270a4b.jpg,baganbilas,japakusum
E:/8semproject/dataset_split/test\baganbilas\43e1a0e6443454188f5e923ff2b7e9304ec500d8.jpg,baganbilas,japakusum
E:/8semproject/dataset_split/test\baganbilas\44afa0103a2a01bb8652a576422863d0a5b731a4.jpg,baganbilas,japakusum
E:/8semproject/dataset_split/test\baganbilas\44e4d14bc4184f3ff5f59d366d2f42b2f07ade8f.jpg,baganbilas,gulbahar
E:/8semproject/dataset_split/test\baganbilas\44fc3f15db7cb0085bfe9c371f4761482a90d783.jpg,baganbilas,japakusum
E:/8semproject/dataset_split/test\baganbilas\45a5cb509a52c4ee246b3f3a041f007d436e9a9d.jpg,baganbilas,japakusum
E:/8semproject/dataset_split/test\baganbilas\45af99007ecdb908e9108120d7fe7e328c3a08c6.jpg,baganbilas,gulbahar
E:/8semproject/dataset_split/test\baganbilas\45c4836846c4116b7874d60b06bec050fbabbf58.jpg,baganbilas,japakusum
E:/8semproject/dataset_split/test\baganbilas\45e44337576ab6f7cedf377d16962e2b65c0b6b8.jpg,baganbilas,gulbahar
E:/8semproject/dataset_split/test\baganbilas\46a2da6b96daf007c7eb23e6bd2a3719c6783336.jpg,baganbilas,gulbahar
E:/8semproject/dataset_split/test\baganbilas\46db426a8c8771d331165959ee6389af5206ace4.jpg,baganbilas,japakusum
E:/8semproject/dataset_split/test\baganbilas\47c26b057919e4b3b74fa367d9df3f66e30b7118.jpg,baganbilas,japakusum
E:/8semproject/dataset_split/test\baganbilas\47f70578671da68bbc7c783df280382383a69f2a.jpg,baganbilas,japakusum
E:/8semproject/dataset_split/test\baganbilas\48d35372fe83436f89a686fe6bba12d164c9241a.jpg,baganbilas,japakusum
E:/8semproject/dataset_split/test\baganbilas\48d7672137a5336a11b2b94d27700f0203029c38.jpg,baganbilas,japakusum
E:/8semproject/dataset_split/test\baganbilas\48f0c0baf6f619a7c9d4693127e0d60d38b8e3f9.jpg,baganbilas,japakusum
E:/8semproject/dataset_split/test\baganbilas\49b3b52606b3d7acde0550a69f47625d0c7e13f9.jpg,baganbilas,japakusum
E:/8semproject/dataset_split/test\baganbilas\49c5fb426a7d4938a91896b366e528f395d1c944.jpg,baganbilas,japakusum
E:/8semproject/dataset_split/test\baganbilas\49ec1233442efe76b138b893fab05da61307187d.jpg,baganbilas,japakusum
E:/8semproject/dataset_split/test\baganbilas\49f89e17e531613091c7aed3b5d954cd2ca279d7.jpg,baganbilas,rhododendron
E:/8semproject/dataset_split/test\baganbilas\49fbedfa3f1aa6c5332fcaa9887975293ef0797f.jpg,baganbilas,gulbahar
E:/8semproject/dataset_split/test\baganbilas\4a34887c6e05799922cd6ea9eb7629be6e9f6c6f.jpg,baganbilas,japakusum
E:/8semproject/dataset_split/test\baganbilas\4a5a0a366bc55bb50aaaa5f5e057bfa6e4e87005.jpg,baganbilas,japakusum
E:/8semproject/dataset_split/test\baganbilas\4a7bd995709b8c14ca8b4b8b5d85b265b8f68c5a.jpg,baganbilas,baganbilas
E:/8semproject/dataset_split/test\baganbilas\4ace61354337fa80c31c57b4a9efb79b0064a621.jpg,baganbilas,gulbahar
E:/8semproject/dataset_split/test\baganbilas\4adde82266693152f7b017906fa9b1e8775115d0.jpg,baganbilas,baganbilas
E:/8semproject/dataset_split/test\baganbilas\4b166950c40f43746ebebb827ed5bfe9d10705c7.jpg,baganbilas,baganbilas
E:/8semproject/dataset_split/test\baganbilas\4b27d2f82b30c2035c0b89923a85e6001046088e.jpg,baganbilas,japakusum
E:/8semproject/dataset_split/test\baganbilas\4b3c90e6bb6621058dc0b1f2bf74cc3662dbe6bc.jpg,baganbilas,baganbilas
E:/8semproject/dataset_split/test\baganbilas\4b46d71f90e374541d74d6e093ae32d134850c5f.jpg,baganbilas,gulbahar
E:/8semproject/dataset_split/test\baganbilas\4b6161c14caf171881a7dfe0003c70be0ba7cfdc.jpg,baganbilas,japakusum
E:/8semproject/dataset_split/test\baganbilas\4ba0d5845eb1a9614f34cc080b14aba29f0b821c.jpg,baganbilas,japakusum
E:/8semproject/dataset_split/test\baganbilas\4bb4f55d68c12764be52583517671ad340bef8f8.jpg,baganbilas,japakusum
E:/8semproject/dataset_split/test\baganbilas\4bbfba38404c227b2829a83b297ebccd3491dc71.jpg,baganbilas,japakusum
E:/8semproject/dataset_split/test\baganbilas\4bf9924048393636152c57d204f457a005a05871.jpg,baganbilas,baganbilas
E:/8semproject/dataset_split/test\baganbilas\4c0045c97cf98760e80e27c8e25165cb01ffd122.jpg,baganbilas,japakusum
E:/8semproject/dataset_split/test\baganbilas\4c2e6fe92dc273c611e0f553f815154003d8a495.jpg,baganbilas,japakusum
E:/8semproject/dataset_split/test\baganbilas\4c3819c700f34165fb135ccd8f3b8ce7579d7ac1.jpg,baganbilas,japakusum
E:/8semproject/dataset_split/test\baganbilas\4c4320a3ca29a6511c2af17d94b6b749e7d2777e.jpg,baganbilas,rose
E:/8semproject/dataset_split/test\baganbilas\4c4b4be70c5c343b5201db3d33d073438d6661c7.jpg,baganbilas,baganbilas
E:/8semproject/dataset_split/test\baganbilas\4cbc018e3f8bde5c02b456fc2e04cd3a12c207cd.jpg,baganbilas,japakusum
E:/8semproject/dataset_split/test\baganbilas\4cdb6802330bba5b043ce21c73a351273d134316.jpg,baganbilas,gulbahar
E:/8semproject/dataset_split/test\baganbilas\4cfe596bdae4b5faa522f717709947ac82ac4cf5.jpg,baganbilas,japakusum
E:/8semproject/dataset_split/test\baganbilas\4d1698c119d8fb82d26daf7093ed20efefdbf852.jpg,baganbilas,japakusum
E:/8semproject/dataset_split/test\baganbilas\4d38b09ed4e8b6409b76c127bb90b0a9199cd1ab.jpg,baganbilas,japakusum
E:/8semproject/dataset_split/test\baganbilas\4d515798bbfef9eabd82ae7b78ace6ef776d8535.jpg,baganbilas,gulbahar
E:/8semproject/dataset_split/test\baganbilas\4d548c8f63865cc097f11dab96c472f8db0c7743.jpg,baganbilas,gulbahar
E:/8semproject/dataset_split/test\baganbilas\4d5bf650441828203d81501ee856946a705e8c7d.jpg,baganbilas,japakusum
E:/8semproject/dataset_split/test\baganbilas\4d8ff57c12d74af9cf8d114f1203353bdac43a67.jpg,baganbilas,japakusum
E:/8semproject/dataset_split/test\baganbilas\4dababb2c2d50146b0c752323d794436b6378313.jpg,baganbilas,japakusum
E:/8semproject/dataset_split/test\baganbilas\4dcf458617b4995fc7b338ca79c9862ce7b22866.jpg,baganbilas,japakusum
E:/8semproject/dataset_split/test\baganbilas\4de5ddb969f48250a3b5067b88879c88d335b56e.jpg,baganbilas,baganbilas
E:/8semproject/dataset_split/test\baganbilas\4dff89b5ce8b6fae5b6b3bf0416391ac5dd61325.jpg,baganbilas,baganbilas
E:/8semproject/dataset_split/test\baganbilas\4e2dc1ebae1706c4b58c6c9777048b77c6cf2e6e.jpg,baganbilas,japakusum
E:/8semproject/dataset_split/test\baganbilas\4e360711302e90a08a885d2b3b5f0f44a600de22.jpg,baganbilas,japakusum
E:/8semproject/dataset_split/test\baganbilas\4e462154c3ae1348e14ea1c5239d0a1f41c29dfe.jpg,baganbilas,japakusum
E:/8semproject/dataset_split/test\baganbilas\4e49c190ce8dde27b2a14d13b27a0a6c42150007.jpg,baganbilas,baganbilas
E:/8semproject/dataset_split/test\baganbilas\4e4d7b6795b749ccd766a8e0280cc19af212b9fe.jpg,baganbilas,gulbahar
E:/8semproject/dataset_split/test\baganbilas\4e746618568139d1c6f4358999bbf8614edf9572.jpg,baganbilas,japakusum
E:/8semproject/dataset_split/test\baganbilas\4e7bc196bf323437dc215fdf9c0ad2faaa99c4d1.jpg,baganbilas,japakusum
E:/8semproject/dataset_split/test\baganbilas\4e862b48f61cb27167c6b5b5148f8b1c6baa6a27.jpg,baganbilas,japakusum
E:/8semproject/dataset_split/test\baganbilas\4ec2392b1f80888a6325d20a55a7165455082e65.jpg,baganbilas,gulbahar
E:/8semproject/dataset_split/test\baganbilas\4ede92c2d6becc1cc0c978c7e124c499fae3f8d2.jpg,baganbilas,gulbahar
E:/8semproject/dataset_split/test\baganbilas\4ef9fdcee9ba7db648ffa3b8ed95a7ed83af5a14.jpg,baganbilas,japakusum
E:/8semproject/dataset_split/test\baganbilas\4f18d63be6e4827789124185d247f36e1f3761d6.jpg,baganbilas,japakusum
E:/8semproject/dataset_split/test\baganbilas\4f278dd8599f3a7c4a4119d91e5851e4835b9ee3.jpg,baganbilas,japakusum
E:/8semproject/dataset_split/test\baganbilas\4f35c9fb71b5e4ead2a556691fa5d785c568f64d.jpg,baganbilas,gulbahar
E:/8semproject/dataset_split/test\baganbilas\4f57f0d56a34ef7cef6cdf437492321c7b06395e.jpg,baganbilas,japakusum
E:/8semproject/dataset_split/test\baganbilas\4f589aa35630b3c4dcd4c40c26d5bdef4d1ae9db.jpg,baganbilas,baganbilas
E:/8semproject/dataset_split/test\baganbilas\4f5db006b1bd26b04a1ed02f64648620dfa56c48.jpg,baganbilas,gulbahar
E:/8semproject/dataset_split/test\baganbilas\4f79311bd9efbe0990e2962d5ea375b3ceafe3de.jpg,baganbilas,japakusum
E:/8semproject/dataset_split/test\baganbilas\4fc3f0c39a12e27486d4029ced683a57c2395563.jpg,baganbilas,japakusum
E:/8semproject/dataset_split/test\baganbilas\4fc4a1e92ff2b9c9c6d02f27b90d898dbaf3132b.jpg,baganbilas,japakusum
E:/8semproject/dataset_split/test\baganbilas\4fce003001ff66ef24d8574c0cc99ca638d97583.jpg,baganbilas,gulbahar
E:/8semproject/dataset_split/test\baganbilas\4fd7b061918ca2b2f38bf9567805b1a3f472dd1e.jpg,baganbilas,gulbahar
E:/8semproject/dataset_split/test\baganbilas\4fd7f80eee5535214a4e137b535935173d68a798.jpg,baganbilas,baganbilas
E:/8semproject/dataset_split/test\baganbilas\4fd832c2323302aaff9bcc6a23a2b1755ddc22ad.jpg,baganbilas,gulbahar
E:/8semproject/dataset_split/test\baganbilas\4fe5f0eca6d2b27096e36a20cc12d4f99e8a2637.jpg,baganbilas,baganbilas
E:/8semproject/dataset_split/test\baganbilas\50c787a7a27e89287e2ca371ccd50fdc0169b4b0.jpg,baganbilas,baganbilas
E:/8semproject/dataset_split/test\baganbilas\50e7ca6b584d6402795a9f80a4d82d4861c8cf0f.jpg,baganbilas,japakusum
E:/8semproject/dataset_split/test\baganbilas\55aebf5ec01fa0e186e56bf0a1cc67aca62d575c.jpg,baganbilas,baganbilas
E:/8semproject/dataset_split/test\baganbilas\55b2d6dfc1d1a48868404c5139a557a7d4d0bd98.jpg,baganbilas,baganbilas
E:/8semproject/dataset_split/test\baganbilas\55d2867632582f7de0ded9cce68cf91b22ee7f41.jpg,baganbilas,japakusum
E:/8semproject/dataset_split/test\baganbilas\55d2e11cfd1bbda8a014741e0c087637b5cab639.jpg,baganbilas,japakusum
E:/8semproject/dataset_split/test\baganbilas\55f44252acba59c600efd69a26b13d50bc7aa5dd.jpg,baganbilas,japakusum
E:/8semproject/dataset_split/test\baganbilas\56b7edb33a681e7d5b69a821b99af1a56474c48c.jpg,baganbilas,gulbahar
E:/8semproject/dataset_split/test\baganbilas\57aeb3b3964b91c132702ebed9e8ee065fd02b6a.jpg,baganbilas,gulbahar
E:/8semproject/dataset_split/test\baganbilas\57af5ebaa14d9e6559627993d7c00130a70a025d.jpg,baganbilas,japakusum
E:/8semproject/dataset_split/test\baganbilas\57b395ff7c68c07bda9cab0c15aef41a673ab1ec.jpg,baganbilas,japakusum
E:/8semproject/dataset_split/test\baganbilas\57b3daee98a115780399bfd4e4b2a74a1abc78d8.jpg,baganbilas,japakusum
E:/8semproject/dataset_split/test\baganbilas\58a261d9de6158b6b7cf901ccd75ddc06278307b.jpg,baganbilas,japakusum
E:/8semproject/dataset_split/test\baganbilas\58a8d6e507e957ab54903b13e4dacf4de67339d3.jpg,baganbilas,baganbilas
E:/8semproject/dataset_split/test\baganbilas\58ba6f9676505eeeaf905fe7265afbf8fa56f85b.jpg,baganbilas,japakusum
E:/8semproject/dataset_split/test\baganbilas\58c4d052ade2780a58c977339f436bcf8d0eb875.jpg,baganbilas,japakusum
E:/8semproject/dataset_split/test\baganbilas\58f31b01db8e24874f14d10e46cf5ba2f0fd22c5.jpg,baganbilas,japakusum
E:/8semproject/dataset_split/test\baganbilas\58fbda5ade79bf17d003cb4dadc57f8800501a74.jpg,baganbilas,japakusum
E:/8semproject/dataset_split/test\baganbilas\59b022c445aead67bd8835c90f12ccea5ec2980c.jpg,baganbilas,japakusum
E:/8semproject/dataset_split/test\baganbilas\59be4c4d158b9eda430420436e9274b016d5fba7.jpg,baganbilas,japakusum
E:/8semproject/dataset_split/test\baganbilas\59f5a5ff60041561343bb3be08c79c725c5dd150.jpg,baganbilas,japakusum
E:/8semproject/dataset_split/test\baganbilas\5a4d3e9aebfaaa57f96f431354fd5a5cffd300ba.jpg,baganbilas,gulbahar
E:/8semproject/dataset_split/test\baganbilas\5a758f6527a9cb87966cca26244664f44e46b451.jpg,baganbilas,japakusum
E:/8semproject/dataset_split/test\baganbilas\5a7ed9710dd522da4fd7773d0fa19dbca69d02fa.jpg,baganbilas,japakusum
E:/8semproject/dataset_split/test\baganbilas\5a848c4c7eb08a2c1b0c0ae0378f29fc26c7ada5.jpg,baganbilas,japakusum
E:/8semproject/dataset_split/test\baganbilas\5ab0bfd590e9ae24762092c741099a8e6520b33a.jpg,baganbilas,japakusum
E:/8semproject/dataset_split/test\baganbilas\5aed27a183f542464b4559991f83d194e3509048.jpg,baganbilas,rose
E:/8semproject/dataset_split/test\baganbilas\5af3cfcd2074c24a4e8889cb31b24ac9ba3b67b0.jpg,baganbilas,japakusum
E:/8semproject/dataset_split/test\baganbilas\5b071892f67794b4c26c0a0d91272293d9f7c5a7.jpg,baganbilas,japakusum
E:/8semproject/dataset_split/test\baganbilas\5b1fb83711ff393f746b555505beabefbf5d85f7.jpg,baganbilas,gulbahar
E:/8semproject/dataset_split/test\baganbilas\5b79af2efe779b129481b277b2ea98e9824141e5.jpg,baganbilas,japakusum
E:/8semproject/dataset_split/test\baganbilas\5b94c82a27d5f3502e8ddb504bcc84ad46cc3d42.jpg,baganbilas,japakusum
E:/8semproject/dataset_split/test\baganbilas\5bab20c81edb428cd7bf5149effeb808113b390e.jpg,baganbilas,baganbilas
E:/8semproject/dataset_split/test\baganbilas\5bb15253ea52973d13f90cb48689fc99ec9ddff9.jpg,baganbilas,gulbahar
E:/8semproject/dataset_split/test\baganbilas\5cc3e13df0c52783f6b7946c0e4c21633d2c851e.jpg,baganbilas,baganbilas
E:/8semproject/dataset_split/test\baganbilas\5cce0cd2a7739d75f691734f08bfab2646a0123c.jpg,baganbilas,japakusum
E:/8semproject/dataset_split/test\baganbilas\5d0a774fe6f349a028e70e14fa901d6b1b44913a.jpg,baganbilas,japakusum
E:/8semproject/dataset_split/test\baganbilas\5d1bff33caaee5d35422a2e7711161ab7e71c4a5.jpg,baganbilas,japakusum
E:/8semproject/dataset_split/test\baganbilas\5d3e546c30714e08358813239eeb98d65c538db1.jpg,baganbilas,japakusum
E:/8semproject/dataset_split/test\baganbilas\5d6e103500443e6c48e5137c5da4d0c4541cc62d.jpg,baganbilas,japakusum
E:/8semproject/dataset_split/test\baganbilas\5dc05a629b91b4610d6376dbf8287e991a942956.jpg,baganbilas,rose
E:/8semproject/dataset_split/test\baganbilas\5de3c48a74ade5d8d2e57a7306be9934301b5983.jpg,baganbilas,japakusum
E:/8semproject/dataset_split/test\baganbilas\5df3d52c31593ff5eb467667b76082c7cd19567e.jpg,baganbilas,japakusum
E:/8semproject/dataset_split/test\baganbilas\5e068bdf143807b05814c939c6769c605f8bcd99.jpg,baganbilas,japakusum
E:/8semproject/dataset_split/test\baganbilas\5e58d250abdcca5aa5198ac27c03c7e33d2c3de9.jpg,baganbilas,baganbilas
E:/8semproject/dataset_split/test\baganbilas\5e8ef9785b0f196e8ad7f7d928ebf0809def32b4.jpg,baganbilas,japakusum
E:/8semproject/dataset_split/test\baganbilas\5eb09ed1659586dbfde97acf2cbf1e5b5050e347.jpg,baganbilas,gulbahar
E:/8semproject/dataset_split/test\baganbilas\5ed80d0838a769e46a12fbc4b5e8d32cedf423c6.jpg,baganbilas,baganbilas
E:/8semproject/dataset_split/test\baganbilas\5ed8703a81d54ffd7cf910aebc7f8931b3280ac9.jpg,baganbilas,baganbilas
E:/8semproject/dataset_split/test\baganbilas\5ef6470516a4a143692a2391ffd3d96549e4d0ab.jpg,baganbilas,japakusum
E:/8semproject/dataset_split/test\baganbilas\5f056fd6b28ee9bb4ce57df7ec31819cbe9819ad.jpg,baganbilas,japakusum
E:/8semproject/dataset_split/test\baganbilas\5f101f038dab7cc9e9176d62f6d726c0ebb2a8bf.jpg,baganbilas,japakusum
E:/8semproject/dataset_split/test\baganbilas\5f1e28c69db43115e52f74e62707a127d6f955ce.jpg,baganbilas,japakusum
E:/8semproject/dataset_split/test\baganbilas\5f3833116fab3b3142d58c05017b0fb0235482f1.jpg,baganbilas,japakusum
E:/8semproject/dataset_split/test\baganbilas\5f4a16c92d45f6d55b5cb9ad9341441c6e49ed07.jpg,baganbilas,baganbilas
E:/8semproject/dataset_split/test\baganbilas\5f6fc28a73fac71ba3582a0de922ed4349d45655.jpg,baganbilas,japakusum
E:/8semproject/dataset_split/test\baganbilas\5f79094b9c84175fdb235234675080c9a48f41e8.jpg,baganbilas,rhododendron
E:/8semproject/dataset_split/test\baganbilas\5fd7250d79286c4f09173edb8a2487e4a80e0908.jpg,baganbilas,gulbahar
E:/8semproject/dataset_split/test\baganbilas\5fe4f9f03ad9853c0c8cef3acb6e25b23e84050c.jpg,baganbilas,gulbahar
E:/8semproject/dataset_split/test\baganbilas\67ee69cca6ecc99f602e52dc7b283f0e4e43e38c.jpg,baganbilas,japakusum
E:/8semproject/dataset_split/test\baganbilas\68cc024bc25b54ccb0852e5fcc55e75b129f2c6b.jpg,baganbilas,gulbahar
E:/8semproject/dataset_split/test\baganbilas\69dc4ba3d73e4d00b5b1872e9068ad5c1b51d9de.jpg,baganbilas,japakusum
E:/8semproject/dataset_split/test\baganbilas\69e3fda507f4563996d5e8c725c37b93b52bb7c8.jpg,baganbilas,japakusum
E:/8semproject/dataset_split/test\baganbilas\69f8eac12e183f368fa737bacde3f4832b8eea0e.jpg,baganbilas,japakusum
E:/8semproject/dataset_split/test\baganbilas\6a204219908e50ef6c3fcbd874ca1918a2972ed2.jpg,baganbilas,japakusum
E:/8semproject/dataset_split/test\baganbilas\6a217d34e5dd03d57b5f48507622a9b2ecf09282.jpg,baganbilas,baganbilas
E:/8semproject/dataset_split/test\baganbilas\6a32bb10832a3b9f1feb70ba46f7cf1cdce7708f.jpg,baganbilas,baganbilas
E:/8semproject/dataset_split/test\baganbilas\6a42973727d48e7a6a9f14e8ef35f83e8aad0a1d.jpg,baganbilas,japakusum
E:/8semproject/dataset_split/test\baganbilas\6a9f3b9ab0a50fbef16663d832d1f2f9886e6e66.jpg,baganbilas,japakusum
E:/8semproject/dataset_split/test\baganbilas\6af1c412ceae7a280d4163840711cdf3a98190f1.jpg,baganbilas,japakusum
E:/8semproject/dataset_split/test\baganbilas\6b01ce4f680147cdf83c50f02359d6d678e182c6.jpg,baganbilas,japakusum
E:/8semproject/dataset_split/test\baganbilas\6b16f1d5d0bcaf19c41c48cc56cf4291d624c4b7.jpg,baganbilas,japakusum
E:/8semproject/dataset_split/test\baganbilas\6b234e9e92a742a7988c9faab31d443558695fe3.jpg,baganbilas,japakusum
E:/8semproject/dataset_split/test\baganbilas\6b533debacf5550bd56b100271d9ba061d58c54f.jpg,baganbilas,rhododendron
E:/8semproject/dataset_split/test\baganbilas\6b70e1d3ba697594d543884b646f8afe7b5183fb.jpg,baganbilas,baganbilas
E:/8semproject/dataset_split/test\baganbilas\6be3c505ae9780a75e04c1e2bed00f2e24835dc6.jpg,baganbilas,japakusum
E:/8semproject/dataset_split/test\baganbilas\6c10ef462f3283b9af0edd1492881ab107622544.jpg,baganbilas,baganbilas
E:/8semproject/dataset_split/test\baganbilas\6c4fa0249072172f0d76635fb4027598410bf5dd.jpg,baganbilas,japakusum
E:/8semproject/dataset_split/test\baganbilas\6c53e01bf9ca8c28629a2f928f0673a5138dc778.jpg,baganbilas,japakusum
E:/8semproject/dataset_split/test\baganbilas\6c603445f247199b302c14788f410f3235aed9e4.jpg,baganbilas,gulbahar
E:/8semproject/dataset_split/test\baganbilas\6c85d5967fb3c4cedd78c595641cb7b3501d4647.jpg,baganbilas,japakusum
E:/8semproject/dataset_split/test\baganbilas\6ce1e557e66595273f30e4919633cc91ffd05b0a.jpg,baganbilas,japakusum
E:/8semproject/dataset_split/test\baganbilas\6cf1588ef68511ae359a8cdb97f9e53d31fe9575.jpg,baganbilas,japakusum
E:/8semproject/dataset_split/test\baganbilas\6d491ec86f18a671e5fff0312157cb4d8fd11b2a.jpg,baganbilas,japakusum
E:/8semproject/dataset_split/test\baganbilas\6d63927f5edd4da369e613654c9085cce2092373.jpg,baganbilas,japakusum
E:/8semproject/dataset_split/test\baganbilas\6d7e7dbe161789e0b93330a85492198aa3c32e39.jpg,baganbilas,baganbilas
E:/8semproject/dataset_split/test\baganbilas\6d87b236d6a0fe82fd66d8d20087bf8b6d234713.jpg,baganbilas,rhododendron
E:/8semproject/dataset_split/test\baganbilas\6db694b5e8d7777ce230fbfa14b4e04cd2cb0d73.jpg,baganbilas,japakusum
E:/8semproject/dataset_split/test\baganbilas\6dcb6ce93d7b355941bd5a79871af6d823be3a8e.jpg,baganbilas,baganbilas
E:/8semproject/dataset_split/test\baganbilas\6dd21abed6592ab3dabf0103932894d0293bd652.jpg,baganbilas,japakusum
E:/8semproject/dataset_split/test\baganbilas\6dd773b4c05f7739fbb0b0da6b34659ebe8c1709.jpg,baganbilas,baganbilas
E:/8semproject/dataset_split/test\baganbilas\6e0b790bee4e3e036da711d5ffe587b50174a67f.jpg,baganbilas,gulbahar
E:/8semproject/dataset_split/test\baganbilas\6e5d032a07383ee1f459b4450f7b37be28248f98.jpg,baganbilas,japakusum
E:/8semproject/dataset_split/test\baganbilas\6e62461ae7c60f869875207c4d0ea9536605113a.jpg,baganbilas,japakusum
E:/8semproject/dataset_split/test\baganbilas\6e73d59fe301dcdc98ba709f6f2b484d84d9f7a3.jpg,baganbilas,gulbahar
E:/8semproject/dataset_split/test\baganbilas\6ee074f394c1ddf1170ae2b1a0047403fb17f92c.jpg,baganbilas,japakusum
E:/8semproject/dataset_split/test\baganbilas\6f119bab6b6eb1ad442fd87c9b0e82c5e60c091b.jpg,baganbilas,japakusum
E:/8semproject/dataset_split/test\baganbilas\6f35161614dd33c2e31e6421e13583ee2d5765db.jpg,baganbilas,baganbilas
E:/8semproject/dataset_split/test\baganbilas\6f3a5280bcbd7fd60b1871e007df7412ef837952.jpg,baganbilas,baganbilas
E:/8semproject/dataset_split/test\baganbilas\6f58807cfc3050ebd0f4bb6b674c4e07b0956829.jpg,baganbilas,rhododendron
E:/8semproject/dataset_split/test\baganbilas\6f87c2365c7e1b0eb8de02a4024f5d03b5fcd600.jpg,baganbilas,japakusum
E:/8semproject/dataset_split/test\baganbilas\6faec019365881ca5e710b31c2cd369213c90d3d.jpg,baganbilas,japakusum
E:/8semproject/dataset_split/test\baganbilas\6fbbc6a4885a49152eb89f14a0a6e76477533621.jpg,baganbilas,japakusum
E:/8semproject/dataset_split/test\baganbilas\6fc92763be6a4be20f1e2a38cb77f96e229935b4.jpg,baganbilas,gulbahar
E:/8semproject/dataset_split/test\baganbilas\6fe4446a925b8bf50ec09cdb8d15a1781a5a3e17.jpg,baganbilas,gulbahar
E:/8semproject/dataset_split/test\baganbilas\71ae5f282a6e0502b6230aa132d31bbb1170d0ac.jpg,baganbilas,japakusum
E:/8semproject/dataset_split/test\baganbilas\71d45f3cfbd6a656472b9a38169bae57460a599c.jpg,baganbilas,gulbahar
E:/8semproject/dataset_split/test\baganbilas\71e5f49c13059785bb09719a8aa00a18086242f8.jpg,baganbilas,japakusum
E:/8semproject/dataset_split/test\baganbilas\72ffc112c3ce88e69b0143e876bdb3381fc5b188.jpg,baganbilas,japakusum
E:/8semproject/dataset_split/test\baganbilas\73a6a19c585643e0f00fc54d8c14bc83520bad26.jpg,baganbilas,japakusum
E:/8semproject/dataset_split/test\baganbilas\73a9bce97656f954820f4ed0652ab3579320ba1b.jpg,baganbilas,japakusum
E:/8semproject/dataset_split/test\baganbilas\73b13d9d70d650d73419a0ed69fd6f04df0eeab8.jpg,baganbilas,japakusum
E:/8semproject/dataset_split/test\baganbilas\73b8d468d6e865eae61e6bc66215471b7b1d5237.jpg,baganbilas,rhododendron
E:/8semproject/dataset_split/test\baganbilas\73ce99fd5f052de06f2ff4bde9db0b8b01b013c4.jpg,baganbilas,japakusum
E:/8semproject/dataset_split/test\baganbilas\75b228718b06aba0a2515db3c4f7bf044445a84b.jpg,baganbilas,japakusum
E:/8semproject/dataset_split/test\baganbilas\75d72c81a63a9e8ad4c5be36e6164a0ce4eb0b2a.jpg,baganbilas,japakusum
E:/8semproject/dataset_split/test\baganbilas\76cb50103bc67a74154ad4b2ad0d546987780ee9.jpg,baganbilas,japakusum
E:/8semproject/dataset_split/test\baganbilas\77af30caa69722db2725c9f7c028968436939f77.jpg,baganbilas,japakusum
E:/8semproject/dataset_split/test\baganbilas\77b1fe8613322ef9c0b1f7788a7bd3f5a06793f8.jpg,baganbilas,japakusum
E:/8semproject/dataset_split/test\baganbilas\77c4d5a7f741ebc69435495b05d76b82018e0815.jpg,baganbilas,japakusum
E:/8semproject/dataset_split/test\baganbilas\78ac54dd66765bebc7703a55fdd7a56ca882e2f3.jpg,baganbilas,japakusum
E:/8semproject/dataset_split/test\baganbilas\78ae923cceffbaad5c03c8cf8db63319d41f681c.jpg,baganbilas,dandelion
E:/8semproject/dataset_split/test\baganbilas\78b91d63d1cbd7ea213bf0490a686e0dfc6d1f31.jpg,baganbilas,japakusum
E:/8semproject/dataset_split/test\baganbilas\78c6f9fbd73978db334a049c9ca4081e2c7c183c.jpg,baganbilas,japakusum
E:/8semproject/dataset_split/test\baganbilas\78d1702706d6d8aa17fd4790f5f1aff7146860b8.jpg,baganbilas,japakusum
E:/8semproject/dataset_split/test\baganbilas\78edf79653aa5be22b1a1cb37897872d56e5079a.jpg,baganbilas,baganbilas
E:/8semproject/dataset_split/test\baganbilas\79a72dd4ce69111ecd2f34cb3bb6ba1c1a5ac27b.jpg,baganbilas,japakusum
E:/8semproject/dataset_split/test\baganbilas\79b04d3ae22d5be831b9f89d37e6edd88074f596.jpg,baganbilas,japakusum
E:/8semproject/dataset_split/test\baganbilas\7ac58a83c83d4cbcfadded095277b159a2037261.jpg,baganbilas,gulbahar
E:/8semproject/dataset_split/test\baganbilas\7acb35276fe632cd000ef4705c61eadd354e4e86.jpg,baganbilas,japakusum
E:/8semproject/dataset_split/test\baganbilas\7acb740c6841ed46e13b477f744aff7fa122d92d.jpg,baganbilas,rhododendron
E:/8semproject/dataset_split/test\baganbilas\7ad0786e1aba584073bbec4616c606ae738198a4.jpg,baganbilas,japakusum
E:/8semproject/dataset_split/test\baganbilas\7af1e36612e2738775030db2f02c8dabcdb30f8d.jpg,baganbilas,japakusum
E:/8semproject/dataset_split/test\baganbilas\7af39a5a466e492f7a0dfa070a869170521de413.jpg,baganbilas,japakusum
E:/8semproject/dataset_split/test\baganbilas\7b0b474d4fe2558d540a79c402f6db2764958f56.jpg,baganbilas,japakusum
E:/8semproject/dataset_split/test\baganbilas\7b1a6a8e2147af59f2c201e8bc13c032a83d8c6c.jpg,baganbilas,rhododendron
E:/8semproject/dataset_split/test\baganbilas\7b28469af71092968ddf8b74c8f5c929fd517b9b.jpg,baganbilas,japakusum
E:/8semproject/dataset_split/test\baganbilas\7b361029f6055a3991bd3469dfaaffa49d2a9bdc.jpg,baganbilas,japakusum
E:/8semproject/dataset_split/test\baganbilas\7b457ad774d13ecf773b9b2368c6c73a49a40ede.jpg,baganbilas,japakusum
E:/8semproject/dataset_split/test\baganbilas\7b5e2923a9225b5489c897335fca800ff3bf3d70.jpg,baganbilas,japakusum
E:/8semproject/dataset_split/test\baganbilas\7b645de561c5cf9c4ecaab15bd2612eda64254a3.jpg,baganbilas,japakusum
E:/8semproject/dataset_split/test\baganbilas\7b72334c16c4a800afc5431524df08b272824146.jpg,baganbilas,gulbahar
E:/8semproject/dataset_split/test\baganbilas\7b755935518c6dfb87e639dc7cc96bbf72eb86ea.jpg,baganbilas,japakusum
E:/8semproject/dataset_split/test\baganbilas\7b8c826ba0d7c810d97cd6753afc0b4a506a451c.jpg,baganbilas,baganbilas
E:/8semproject/dataset_split/test\baganbilas\7ba1b32cdbcd2eec3fe63cdce8c5accb91008711.jpg,baganbilas,baganbilas
E:/8semproject/dataset_split/test\baganbilas\7bc5c978d2c39365564735047b6b44cecf852968.jpg,baganbilas,japakusum
E:/8semproject/dataset_split/test\baganbilas\7bc700771475af9431ec8d4b890e55681c9e5cef.jpg,baganbilas,japakusum
E:/8semproject/dataset_split/test\baganbilas\7bf3c8769a773c499b52fb2fc887092b39fa91d3.jpg,baganbilas,japakusum
E:/8semproject/dataset_split/test\baganbilas\7c274e7c0bdf0d18622dd7e9046b6bb6201a5cd4.jpg,baganbilas,japakusum
E:/8semproject/dataset_split/test\baganbilas\7c29bdb447b7827306326211d86e53409a172aeb.jpg,baganbilas,japakusum
E:/8semproject/dataset_split/test\baganbilas\7c2b507b7726268d4017b7306e9b19af03ea107e.jpg,baganbilas,japakusum
E:/8semproject/dataset_split/test\baganbilas\7c68b3e5b4537aaa653609bc22c57a76d8210d56.jpg,baganbilas,baganbilas
E:/8semproject/dataset_split/test\baganbilas\7ca81a2322fa7fee5daae8cef7190a51dc89ca49.jpg,baganbilas,baganbilas
E:/8semproject/dataset_split/test\baganbilas\7cfbd2cd96a83f16c18873e90063b3e277da0e05.jpg,baganbilas,rhododendron
E:/8semproject/dataset_split/test\baganbilas\7d09de078b77d9e28f6be2b4a73d9992b2488c4d.jpg,baganbilas,rhododendron
E:/8semproject/dataset_split/test\baganbilas\7d0f0c7b54a5f78da02f213cdf8ac704751ba93c.jpg,baganbilas,japakusum
E:/8semproject/dataset_split/test\baganbilas\7d217a1aa2bd7f1720abb4123e6075326f83a355.jpg,baganbilas,japakusum
E:/8semproject/dataset_split/test\baganbilas\7d65c2b55f4239bdff977f6cc9de98f13f74e5c4.jpg,baganbilas,gulbahar
E:/8semproject/dataset_split/test\baganbilas\7d80854646e48967accb9af2442c5768c044607a.jpg,baganbilas,rhododendron
E:/8semproject/dataset_split/test\baganbilas\7da30a64413dbea3527360e06a61fda4f60377f3.jpg,baganbilas,baganbilas
E:/8semproject/dataset_split/test\baganbilas\7e28f5cf68ab8c320a6977d746ca0900575c59b0.jpg,baganbilas,japakusum
E:/8semproject/dataset_split/test\baganbilas\7e43bbf07350480cd027d8abcb05df0cbe820fce.jpg,baganbilas,japakusum
E:/8semproject/dataset_split/test\baganbilas\7ebbf7138c0b4a8c8f9f6339f78577fe3081835a.jpg,baganbilas,japakusum
E:/8semproject/dataset_split/test\baganbilas\7ed550e59e8105c41bc86e6f4588ed9fe4fca03b.jpg,baganbilas,gulbahar
E:/8semproject/dataset_split/test\baganbilas\7ed571bd263530a3d599bbf4ba5296ecf5c2c5e4.jpg,baganbilas,japakusum
E:/8semproject/dataset_split/test\baganbilas\7f091e35dbd7d46cea1c837a458db3bb30e00939.jpg,baganbilas,rhododendron
E:/8semproject/dataset_split/test\baganbilas\7f1cc2e92460ae75e6eafeb552faad5d6851d958.jpg,baganbilas,gulbahar
E:/8semproject/dataset_split/test\baganbilas\7f206bd0dbb664fe5e986f6de43f345027855d18.jpg,baganbilas,japakusum
E:/8semproject/dataset_split/test\baganbilas\7f4be3acbd1010398f56ffed97e9fb2a1440720b.jpg,baganbilas,japakusum
E:/8semproject/dataset_split/test\baganbilas\7f64060d5ed8548c19908e5bd013ed85b72358c0.jpg,baganbilas,japakusum
E:/8semproject/dataset_split/test\baganbilas\7f77705d627436fdd1aad66df89cdfb9f50ccb25.jpg,baganbilas,baganbilas
E:/8semproject/dataset_split/test\baganbilas\7f92890ea2063d54363cd330e3da297260a49243.jpg,baganbilas,japakusum
E:/8semproject/dataset_split/test\baganbilas\7fac21c7766ccc5b46e58a8688f72d113f562294.jpg,baganbilas,japakusum
E:/8semproject/dataset_split/test\baganbilas\7fac6729df6942a5a3ff1eb8f27d976b7c004058.jpg,baganbilas,gulbahar
E:/8semproject/dataset_split/test\baganbilas\7fdda74fb7c7081c230a6c9d066273ad1f4c83fd.jpg,baganbilas,japakusum
E:/8semproject/dataset_split/test\baganbilas\7fe75c958c22c17df9972ea9735d6c4a2b265857.jpg,baganbilas,japakusum
E:/8semproject/dataset_split/test\baganbilas\800px_COLOURBOX6715414.jpg,baganbilas,tulip
E:/8semproject/dataset_split/test\baganbilas\80c6d3f2ed58ae0919306bfe2299e71483314723.jpg,baganbilas,japakusum
E:/8semproject/dataset_split/test\baganbilas\80ce5f2ab43f6c3b67b348b355a7ce7bd151f48b.jpg,baganbilas,japakusum
E:/8semproject/dataset_split/test\baganbilas\80d1c7bbdabbf5a3e87ba240e9df5e3007c47265.jpg,baganbilas,japakusum
E:/8semproject/dataset_split/test\baganbilas\80e296fa40cdf7b464a8fa72038402aad8dabc7a.jpg,baganbilas,japakusum
E:/8semproject/dataset_split/test\baganbilas\80f2c6b139c8594e0a32adcd8793aefe29f3de62.jpg,baganbilas,japakusum
E:/8semproject/dataset_split/test\baganbilas\81e5da16f407d14aa2c4926f025013556d9b04d6.jpg,baganbilas,japakusum
E:/8semproject/dataset_split/test\baganbilas\85f3913af6f6a2e7f3023982b03a136ec2226678.jpg,baganbilas,japakusum
E:/8semproject/dataset_split/test\baganbilas\86a1cd3682017555bac7006e6c37aa3c4e25b3b5.jpg,baganbilas,japakusum
E:/8semproject/dataset_split/test\baganbilas\86d362a5e55d9152421ac78ee3ab9262052cff4a.jpg,baganbilas,dandelion
E:/8semproject/dataset_split/test\baganbilas\86fb22deeb646101e273a7344f37ae9dcdec5888.jpg,baganbilas,japakusum
E:/8semproject/dataset_split/test\baganbilas\87e01662db7a345a565d0acdd685ff4ec67e9844.jpg,baganbilas,baganbilas
E:/8semproject/dataset_split/test\baganbilas\87ffb98b9a6a48e21a7475f2ecaac4d8068dd367.jpg,baganbilas,japakusum
E:/8semproject/dataset_split/test\baganbilas\88dc50a107056688c04301ba15b191ec17af58a6.jpg,baganbilas,japakusum
E:/8semproject/dataset_split/test\baganbilas\89befef0a8455919ab8dc4e10db019cae71431d4.jpg,baganbilas,gulbahar
E:/8semproject/dataset_split/test\baganbilas\89bf034373547f328b4ff3fb5a161027c1c1ce88.jpg,baganbilas,japakusum
E:/8semproject/dataset_split/test\baganbilas\89ea0d89bb541aeafb0aba77e1310d1f7ff52379.jpg,baganbilas,japakusum
E:/8semproject/dataset_split/test\baganbilas\8a55cb0cff62b673b47b58a6753ae1ea3c23cfb1.jpg,baganbilas,japakusum
E:/8semproject/dataset_split/test\baganbilas\8a73a5298929f73bb236ee37c291310e59cfde4c.jpg,baganbilas,gulbahar
E:/8semproject/dataset_split/test\baganbilas\8a997e7333b0ee0d7c37713eaf7b7420526eff7b.jpg,baganbilas,baganbilas
E:/8semproject/dataset_split/test\baganbilas\8ad27686497a8b2383a4b44255dd7db7d434a494.jpg,baganbilas,baganbilas
E:/8semproject/dataset_split/test\baganbilas\8ad2cb1c30d5ed5fc61e7575337ee60b6ad7c838.jpg,baganbilas,japakusum
E:/8semproject/dataset_split/test\baganbilas\8b4dd36423ff9ff30b288c5415bd057bf3ea6078.jpg,baganbilas,japakusum
E:/8semproject/dataset_split/test\baganbilas\8b568cf65bbdd89321bc099a59db20cf55ab2e71.jpg,baganbilas,baganbilas
E:/8semproject/dataset_split/test\baganbilas\8b9e94202a263fe312e35545cc58f0311bb5c326.jpg,baganbilas,rhododendron
E:/8semproject/dataset_split/test\baganbilas\8ba1469bdaf369d9f872b8ba7b3d3e2ca80d3d8a.jpg,baganbilas,gulbahar
E:/8semproject/dataset_split/test\baganbilas\8ba1f6d81f0e89df07df1879e8c18016b437c632.jpg,baganbilas,baganbilas
E:/8semproject/dataset_split/test\baganbilas\8bdb7353bbdc8ada51b6132995f56e9857d4049b.jpg,baganbilas,japakusum
E:/8semproject/dataset_split/test\baganbilas\8c4cff8a4dd8b159170bd6e56e1c7380e4880739.jpg,baganbilas,japakusum
E:/8semproject/dataset_split/test\baganbilas\8c6d7b88797784fb119f75da1d4f63da20fefe03.jpg,baganbilas,baganbilas
E:/8semproject/dataset_split/test\baganbilas\8c7765a8980451f56111ca1c8bf2b5bf0c2a36fb.jpg,baganbilas,japakusum
E:/8semproject/dataset_split/test\baganbilas\8ca879744a03a389afcd05761bc25e3f87f706ef.jpg,baganbilas,baganbilas
E:/8semproject/dataset_split/test\baganbilas\8cb7fc02aef9d81b596c1c4ce155d540f7c8c898.jpg,baganbilas,gulbahar
E:/8semproject/dataset_split/test\baganbilas\8cc01aa50b0ceb51e23bfb5961c354c0d5462ba9.jpg,baganbilas,baganbilas
E:/8semproject/dataset_split/test\baganbilas\8cd2ec816910601cbcd528b35add47e68805a5fe.jpg,baganbilas,baganbilas
E:/8semproject/dataset_split/test\baganbilas\8ce57d2af42da147dafd3ba79d5f728ec9176f64.jpg,baganbilas,gulbahar
E:/8semproject/dataset_split/test\baganbilas\8cf63a08aaae996d21ccc717b7f6ab8438643709.jpg,baganbilas,japakusum
E:/8semproject/dataset_split/test\baganbilas\8d1661e7df814b4edef18eed42e25cb466f7dcd6.jpg,baganbilas,japakusum
E:/8semproject/dataset_split/test\baganbilas\8d54d20c26f196efe0420bb270f707457858af20.jpg,baganbilas,gulbahar
E:/8semproject/dataset_split/test\baganbilas\8d55c3a99eceb9379b5360b93172876b92e3758d.jpg,baganbilas,japakusum
E:/8semproject/dataset_split/test\baganbilas\8d78a0098b0ab180f065b9831e6b41bc647f4906.jpg,baganbilas,japakusum
E:/8semproject/dataset_split/test\baganbilas\8d827a2695d3e3449cad0f38863204c36e26d4df.jpg,baganbilas,japakusum
E:/8semproject/dataset_split/test\baganbilas\8dbce75297687debcf536243160adc475154c423.jpg,baganbilas,japakusum
E:/8semproject/dataset_split/test\baganbilas\8de9108dbf54f6d8d6d8ed48bbcf5a2563d72caa.jpg,baganbilas,rhododendron
E:/8semproject/dataset_split/test\baganbilas\8df1f8e168d3270d76e2228b3a61daf26da7e8b9.jpg,baganbilas,japakusum
E:/8semproject/dataset_split/test\baganbilas\8e0f970a5bf28821335e8c16e22265e7834ac0da.jpg,baganbilas,japakusum
E:/8semproject/dataset_split/test\baganbilas\8e1a2a81e05c2a321b360456b92c4fedf4170b5b.jpg,baganbilas,baganbilas
E:/8semproject/dataset_split/test\baganbilas\8e68670d30295e7ed3656df7cfc34343fe38c19b.jpg,baganbilas,japakusum
E:/8semproject/dataset_split/test\baganbilas\8e97fa2b2becdd62dc112e13391f1f4020bffa00.jpg,baganbilas,gulbahar
E:/8semproject/dataset_split/test\baganbilas\8ebcce3e5c7499597ca40747b5c0f6575a39124e.jpg,baganbilas,gulbahar
E:/8semproject/dataset_split/test\baganbilas\8ed9be77605e44ff46f0b375e0fcc028c815bd1d.jpg,baganbilas,baganbilas
E:/8semproject/dataset_split/test\baganbilas\8edd12e6687e8c4e93e86f469130694ecc9871bb.jpg,baganbilas,japakusum
E:/8semproject/dataset_split/test\baganbilas\8ef469cae95f697893a04b4df79e7bc70a981a9e.jpg,baganbilas,japakusum
E:/8semproject/dataset_split/test\baganbilas\8f01167e7972151c70ab707415d7cd7266f011d6.jpg,baganbilas,baganbilas
E:/8semproject/dataset_split/test\baganbilas\8f21ed0f5e1707ca4ca6a903dd5fc3e0974c4544.jpg,baganbilas,japakusum
E:/8semproject/dataset_split/test\baganbilas\8f362d528418faf19251e463b9c0123b32bd9279.jpg,baganbilas,baganbilas
E:/8semproject/dataset_split/test\baganbilas\8f594b797e984a975e203a43030b909076f7f691.jpg,baganbilas,japakusum
E:/8semproject/dataset_split/test\baganbilas\8f59785c14b344ffecdfb1fef74c2281f8cfbf00.jpg,baganbilas,baganbilas
E:/8semproject/dataset_split/test\baganbilas\8f6faaa7e2a184f060e847717d6d660775d77809.jpg,baganbilas,japakusum
E:/8semproject/dataset_split/test\baganbilas\8ff007801050f5b58b135b4d52389c1dc152f38e.jpg,baganbilas,japakusum
E:/8semproject/dataset_split/test\baganbilas\90b866652c600603257f2486f6c103feb22f2dde.jpg,baganbilas,gulbahar
E:/8semproject/dataset_split/test\baganbilas\90ba749c18c387c3a5b7a3cf83924f1a2cf1cd94.jpg,baganbilas,japakusum
E:/8semproject/dataset_split/test\baganbilas\90e0678cdf6a333b69a39670c89c929dedaf4977.jpg,baganbilas,gulbahar
E:/8semproject/dataset_split/test\baganbilas\91d15b04f1efa6110383af2cdd72de5f09c6d270.jpg,baganbilas,rhododendron
E:/8semproject/dataset_split/test\baganbilas\91e850b442cf61a8df3f08240da8cc1b337e60a5.jpg,baganbilas,baganbilas
E:/8semproject/dataset_split/test\baganbilas\92be3505bc9eb866f38e90d74828a94ea79c8aa3.jpg,baganbilas,gulbahar
E:/8semproject/dataset_split/test\baganbilas\92ce806027def6748c18c99af3791aa4c074d731.jpg,baganbilas,gulbahar
E:/8semproject/dataset_split/test\baganbilas\92d45a585d4c587d8433473bfeaafe47170cc471.jpg,baganbilas,gulbahar
E:/8semproject/dataset_split/test\baganbilas\92da5eddfbe3aafc8cabd8d0404ac5d7b98bf481.jpg,baganbilas,japakusum
E:/8semproject/dataset_split/test\baganbilas\92e773bc386ae2fe863a9badef56544f470b39f2.jpg,baganbilas,japakusum
E:/8semproject/dataset_split/test\baganbilas\935f6810-0c03-48aa-8eb6-8ca439aa5a91-1.jpg,baganbilas,baganbilas
E:/8semproject/dataset_split/test\baganbilas\93f70aca9f0ec28e7117b2f8a2e95814cd6ffe9c.jpg,baganbilas,gulbahar
E:/8semproject/dataset_split/test\baganbilas\93fa90f3968aca8ccd7da4f16b635d61924c3d5c.jpg,baganbilas,japakusum
E:/8semproject/dataset_split/test\baganbilas\94f4ffe7462ea9315336511112f0f2a8b53cce6e.jpg,baganbilas,japakusum
E:/8semproject/dataset_split/test\baganbilas\94fd00875df2ff91d569edd0a7079b01bed1d9a5.jpg,baganbilas,japakusum
E:/8semproject/dataset_split/test\baganbilas\95c2f3f99ffcb0673d6ea570c6b36d36a6b60b8a.jpg,baganbilas,baganbilas
E:/8semproject/dataset_split/test\baganbilas\95db5328c60249a057a0c775f11997b29da7993c.jpg,baganbilas,japakusum
E:/8semproject/dataset_split/test\baganbilas\95db674be987670f692ee657847aabca96e10258.jpg,baganbilas,japakusum
E:/8semproject/dataset_split/test\baganbilas\95f4d3b480558bd03210a9c08128ee28cca674c2.jpg,baganbilas,japakusum
E:/8semproject/dataset_split/test\baganbilas\96a19a1d7bc3e45efb11abccb6e97d57c17e1c6f.jpg,baganbilas,japakusum
E:/8semproject/dataset_split/test\baganbilas\96b231494bc1cf89328354a9ef01832f568a24d5.jpg,baganbilas,japakusum
E:/8semproject/dataset_split/test\baganbilas\96c54427778244f2172e3fe2872d0b30e6711bc5.jpg,baganbilas,japakusum
E:/8semproject/dataset_split/test\baganbilas\96e1427ef232f7eca719dc4e990cb54b949244dd.jpg,baganbilas,japakusum
E:/8semproject/dataset_split/test\baganbilas\96e31a793fa931de3ce6ec966d9dd10038825441.jpg,baganbilas,gulbahar
E:/8semproject/dataset_split/test\baganbilas\97a7703ac1a05749f016c7a7acd861f3ab0a9294.jpg,baganbilas,gulbahar
E:/8semproject/dataset_split/test\baganbilas\97abd79bda70fd764cf2edeb7c931d5f5098cfd2.jpg,baganbilas,gulbahar
E:/8semproject/dataset_split/test\baganbilas\97bfb17a2db679a2eb853ddab7116f06ab412d0f.jpg,baganbilas,japakusum
E:/8semproject/dataset_split/test\baganbilas\97f6914047ba52633c48567cbf1e7cd3df477743.jpg,baganbilas,japakusum
E:/8semproject/dataset_split/test\baganbilas\98a2338ec7ffef2706ff9bbf1cccf7de47f07017.jpg,baganbilas,baganbilas
E:/8semproject/dataset_split/test\baganbilas\98b0189788290beeb52f5d22361667bb46ded93b.jpg,baganbilas,gulbahar
E:/8semproject/dataset_split/test\baganbilas\98be2c699262d6f4a74bdc0f397b7893aa5df30c.jpg,baganbilas,japakusum
E:/8semproject/dataset_split/test\baganbilas\98c2ca2ec35a62311d9fa0a83079ebc94e4eaaca.jpg,baganbilas,baganbilas
E:/8semproject/dataset_split/test\baganbilas\98f685fb1d36e0ddf51457429cc9f0cb10d7ed33.jpg,baganbilas,rhododendron
E:/8semproject/dataset_split/test\baganbilas\99d15ae05020ae737ccab53e0430bc42ca43bf3d.jpg,baganbilas,rhododendron
E:/8semproject/dataset_split/test\baganbilas\99ecaf5e00a0c51e74a1645c4c26653292d50924.jpg,baganbilas,japakusum
E:/8semproject/dataset_split/test\baganbilas\9a02ac7f4394f8f234cb25f753e0e0f36956348f.jpg,baganbilas,baganbilas
E:/8semproject/dataset_split/test\baganbilas\9a45fc5e6b3dd3af356a874b26889e547be9ece0.jpg,baganbilas,rhododendron
E:/8semproject/dataset_split/test\baganbilas\9a78eb70cafe133a435191acbf8be07afaa016fc.jpg,baganbilas,baganbilas
E:/8semproject/dataset_split/test\baganbilas\9a9c69efe503e50d7db99b80b7ebaa2036d93b72.jpg,baganbilas,japakusum
E:/8semproject/dataset_split/test\baganbilas\9b46ee687b8a68586a347a0a92a2281fc57c87d6.jpg,baganbilas,japakusum
E:/8semproject/dataset_split/test\baganbilas\9b4e09d97889c3bb76131aa9759835b78bcf1be6.jpg,baganbilas,japakusum
E:/8semproject/dataset_split/test\baganbilas\9b5449eb6928ff1b6d244e1535c18e5551ce67ca.jpg,baganbilas,baganbilas
E:/8semproject/dataset_split/test\baganbilas\9b803b5f9439c62f03a6b6ba4bb00dcf0eb1a0b7.jpg,baganbilas,japakusum
E:/8semproject/dataset_split/test\baganbilas\9b84856cd6486635c8dfd5d7f8356dc6618cf555.jpg,baganbilas,japakusum
E:/8semproject/dataset_split/test\baganbilas\9bd3db3d1975ce32896fdd17011ecb2823731b61.jpg,baganbilas,japakusum
E:/8semproject/dataset_split/test\baganbilas\9bd9697fc7b7fdd79c2b231b1a7d5f1db1d449f0.jpg,baganbilas,gulbahar
E:/8semproject/dataset_split/test\baganbilas\9bdc42bb1d71270d2d21af87fb4b67db172d9ed0.jpg,baganbilas,gulbahar
E:/8semproject/dataset_split/test\baganbilas\9bee81f219be2801f8cf353163dd48eb1a2c56fd.jpg,baganbilas,baganbilas
E:/8semproject/dataset_split/test\baganbilas\9c0017eb44a5fb9a4fe1e4a9a20663c9a9e5d22e.jpg,baganbilas,japakusum
E:/8semproject/dataset_split/test\baganbilas\9c6895608c57547b2bdae36732d0bf260caf6c29.jpg,baganbilas,japakusum
E:/8semproject/dataset_split/test\baganbilas\9c896a2c897cb55423ec896bde0e6c0971ea0354.jpg,baganbilas,baganbilas
E:/8semproject/dataset_split/test\baganbilas\9c946ecd467ea7b47e622f8c758a28ce11c330c9.jpg,baganbilas,baganbilas
E:/8semproject/dataset_split/test\baganbilas\9cbd041dbba2d540040917f14a3d482c2c5657ba.jpg,baganbilas,rhododendron
E:/8semproject/dataset_split/test\baganbilas\9d03f746a9d1cc1ce6a2cc80057a999a2cd01a6b.jpg,baganbilas,japakusum
E:/8semproject/dataset_split/test\baganbilas\9d0447072b8c59b932a9fd73bf456e4c660f7820.jpg,baganbilas,japakusum
E:/8semproject/dataset_split/test\baganbilas\9d3ce1aaa2e8627d9c5cc2e375b6556b455f4597.jpg,baganbilas,gulbahar
E:/8semproject/dataset_split/test\baganbilas\9d3f34492ddde901dbeed02de32e724400e8436e.jpg,baganbilas,japakusum
E:/8semproject/dataset_split/test\baganbilas\9d42fca4e3843c84881369f5ea3c32fbe189abb5.jpg,baganbilas,japakusum
E:/8semproject/dataset_split/test\baganbilas\9d5932cdb2286d0adf09fbf2baede5397e938e20.jpg,baganbilas,gulbahar
E:/8semproject/dataset_split/test\baganbilas\9d6c27865e59c33c6726c5b05f22ec5339877ee9.jpg,baganbilas,japakusum
E:/8semproject/dataset_split/test\baganbilas\9d7b46614e4db06cfd4dbb07657f3714334aee99.jpg,baganbilas,japakusum
E:/8semproject/dataset_split/test\baganbilas\9d7c303f652d30044ca934796fccf732b9cf996d.jpg,baganbilas,gulbahar
E:/8semproject/dataset_split/test\baganbilas\9da237e46651b56bca5f0a9da965f563d2618948.jpg,baganbilas,japakusum
E:/8semproject/dataset_split/test\baganbilas\9dad156f5078d8a85f393418340ceafc2d318fb5.jpg,baganbilas,japakusum
E:/8semproject/dataset_split/test\baganbilas\9dbee0051c11d92d90bdfeb2939f4aa24db30ec5.jpg,baganbilas,japakusum
E:/8semproject/dataset_split/test\baganbilas\9dc3fa911541fe7402af32aa1314e54b2d1f1c7a.jpg,baganbilas,baganbilas
E:/8semproject/dataset_split/test\baganbilas\9dceaa1d5dde731734783234f21e2127e4f29d1e.jpg,baganbilas,gulbahar
E:/8semproject/dataset_split/test\baganbilas\9dd40f7bf484908d09e0066e0d981af3e2244e0b.jpg,baganbilas,gulbahar
E:/8semproject/dataset_split/test\baganbilas\9e0466fa8e5e5accd28d996e904655142b2a1d19.jpg,baganbilas,japakusum
E:/8semproject/dataset_split/test\baganbilas\9e53f6186bd1a331f4c6325291876e027358e002.jpg,baganbilas,japakusum
E:/8semproject/dataset_split/test\baganbilas\9e5db72da545ce53fed5f2c009eeabcb70c47bd4.jpg,baganbilas,japakusum
E:/8semproject/dataset_split/test\baganbilas\9e5db7fe6a76c600537a8a257967abe21f6fe3b2.jpg,baganbilas,japakusum
E:/8semproject/dataset_split/test\baganbilas\9e904f0d120f3bad9bd6c872fc47e5d3b7d4e334.jpg,baganbilas,baganbilas
E:/8semproject/dataset_split/test\baganbilas\9e90a6a36b9c4e866077d5487bd278830e983e2e.jpg,baganbilas,japakusum
E:/8semproject/dataset_split/test\baganbilas\9ea44b45dfcf1794f0d2e5584e8f508bb7e65f39.jpg,baganbilas,rhododendron
E:/8semproject/dataset_split/test\baganbilas\9edb1ad6ded42a3c2b58dbcfbf33761885358c27.jpg,baganbilas,japakusum
E:/8semproject/dataset_split/test\baganbilas\9ee459a0849b717eb7b83b5cb1d0c9f3a14a5f55.jpg,baganbilas,japakusum
E:/8semproject/dataset_split/test\baganbilas\9f02b45cbf68a640a057c19851bfb698bf7eee46.jpg,baganbilas,rose
E:/8semproject/dataset_split/test\baganbilas\9f1765f0ea848c64120910fe6e10c6487bcc9e61.jpg,baganbilas,japakusum
E:/8semproject/dataset_split/test\baganbilas\9f445b3766bdeecfbf00224c8c2eff72ee4577ed.jpg,baganbilas,japakusum
E:/8semproject/dataset_split/test\baganbilas\9f71aa1833d061362d67cd2d71c1b1b9b2513adc.jpg,baganbilas,gulbahar
E:/8semproject/dataset_split/test\baganbilas\9f7e65421795befc0d257fe5678996233e6cfeb6.jpg,baganbilas,japakusum
E:/8semproject/dataset_split/test\baganbilas\9f8a65662b7ec688e1044d1e393c5b8767c9e789.jpg,baganbilas,japakusum
E:/8semproject/dataset_split/test\baganbilas\9faec8e0351cbfbcbc88f9185c758470f647e465.jpg,baganbilas,japakusum
E:/8semproject/dataset_split/test\baganbilas\Bougainvillea-magenta.jpg,baganbilas,japakusum
E:/8semproject/dataset_split/test\baganbilas\Bougainvillea.jpg,baganbilas,tulip
E:/8semproject/dataset_split/test\baganbilas\BougainvilleaGlabra.jpg,baganbilas,rhododendron
E:/8semproject/dataset_split/test\baganbilas\Bougainvillea_spectabilis_5.jpg,baganbilas,baganbilas
E:/8semproject/dataset_split/test\baganbilas\Health-benefits-of-Paper-Flower-Plant.jpg,baganbilas,rose
E:/8semproject/dataset_split/test\baganbilas\LHF-52732-bougainvillea-glabra-t1-min-1024x538.jpeg,baganbilas,japakusum
E:/8semproject/dataset_split/test\baganbilas\P1050541_new.jpg,baganbilas,rose
E:/8semproject/dataset_split/test\baganbilas\Pink-bougainvillea-with-blue-sky.jpg,baganbilas,rhododendron
E:/8semproject/dataset_split/test\baganbilas\a-close-up-of-a-flower-bougainvillea-glabra-2BWX7WC.jpg,baganbilas,tulip
E:/8semproject/dataset_split/test\baganbilas\blooming-bougainvillea-bouquet-on-treemagenta-260nw-1727498701.jpg,baganbilas,tulip
E:/8semproject/dataset_split/test\baganbilas\bougainvillea-branch-red-flowersOG.jpg,baganbilas,japakusum
E:/8semproject/dataset_split/test\baganbilas\bougainvillea-greece-3.jpg,baganbilas,japakusum
E:/8semproject/dataset_split/test\baganbilas\bougainvillea-paper-flower-colorful-color-260nw-395102740.jpg,baganbilas,tulip
E:/8semproject/dataset_split/test\baganbilas\bougainvillea-paper-flower-for-natural-background-PWACHA.jpg,baganbilas,baganbilas
E:/8semproject/dataset_split/test\baganbilas\bougainvillea-white-flower-red-leaves-D81H57.jpg,baganbilas,rose
E:/8semproject/dataset_split/test\baganbilas\bougainvillea2.jpg,baganbilas,japakusum
E:/8semproject/dataset_split/test\baganbilas\bougainvillea2Bflowers.JPG.jpg,baganbilas,japakusum
E:/8semproject/dataset_split/test\baganbilas\bougainvilleapaper-flower-bougainvillea-glabra-family-nyctaginaceae-AW31KR.jpg,baganbilas,japakusum
E:/8semproject/dataset_split/test\baganbilas\depositphotos_100867694-stock-photo-flower-bougainvillea-nong-nooch-botanical.jpg,baganbilas,tulip
E:/8semproject/dataset_split/test\baganbilas\fffcae75215390792d0b62e5326c70c0fc2e4145.jpg,baganbilas,japakusum
E:/8semproject/dataset_split/test\baganbilas\flower-5401245_960_720.jpg,baganbilas,japakusum
E:/8semproject/dataset_split/test\baganbilas\flower-6006872_960_720.jpg,baganbilas,rose
E:/8semproject/dataset_split/test\baganbilas\flowering-bougainvillea-white-wall-shutterstock-com_12529.jpg,baganbilas,baganbilas
E:/8semproject/dataset_split/test\baganbilas\group-single-book-bougainvillea-flower-group-single-bloom-bougainvillea-flower-110252034.jpg,baganbilas,baganbilas
E:/8semproject/dataset_split/test\baganbilas\image18.jpeg,baganbilas,tulip
E:/8semproject/dataset_split/test\baganbilas\image23.jpeg,baganbilas,japakusum
E:/8semproject/dataset_split/test\baganbilas\image24.jpeg,baganbilas,rhododendron
E:/8semproject/dataset_split/test\baganbilas\image28.jpeg,baganbilas,japakusum
E:/8semproject/dataset_split/test\baganbilas\image33.jpeg,baganbilas,gulbahar
E:/8semproject/dataset_split/test\baganbilas\image5.jpeg,baganbilas,baganbilas
E:/8semproject/dataset_split/test\baganbilas\image8.jpeg,baganbilas,japakusum
E:/8semproject/dataset_split/test\baganbilas\image9.jpeg,baganbilas,japakusum
E:/8semproject/dataset_split/test\baganbilas\images18.jpg,baganbilas,tulip
E:/8semproject/dataset_split/test\baganbilas\images20.jpg,baganbilas,gulbahar
E:/8semproject/dataset_split/test\baganbilas\images23.jpg,baganbilas,rhododendron
E:/8semproject/dataset_split/test\baganbilas\images25.jpg,baganbilas,tulip
E:/8semproject/dataset_split/test\baganbilas\images26.jpg,baganbilas,japakusum
E:/8semproject/dataset_split/test\baganbilas\images27.jpg,baganbilas,japakusum
E:/8semproject/dataset_split/test\baganbilas\images29.jpg,baganbilas,japakusum
E:/8semproject/dataset_split/test\baganbilas\images36.jpg,baganbilas,japakusum
E:/8semproject/dataset_split/test\baganbilas\images38.jpg,baganbilas,tulip
E:/8semproject/dataset_split/test\baganbilas\images41.jpg,baganbilas,japakusum
E:/8semproject/dataset_split/test\baganbilas\images43.jpg,baganbilas,japakusum
E:/8semproject/dataset_split/test\baganbilas\images5.jpg,baganbilas,japakusum
E:/8semproject/dataset_split/test\baganbilas\images9.jpg,baganbilas,tulip
E:/8semproject/dataset_split/test\baganbilas\pink-bougainvillea-flowers-blue-sky-260nw-249645892.jpg,baganbilas,rhododendron
E:/8semproject/dataset_split/test\baganbilas\viber_image_2025-09-23_19-26-56-594.jpg,baganbilas,japakusum
E:/8semproject/dataset_split/test\baganbilas\viber_image_2025-09-23_19-26-58-861.jpg,baganbilas,japakusum
E:/8semproject/dataset_split/test\baganbilas\viber_image_2025-09-23_19-26-59-355.jpg,baganbilas,japakusum
E:/8semproject/dataset_split/test\baganbilas\viber_image_2025-09-23_19-26-59-762.jpg,baganbilas,japakusum
E:/8semproject/dataset_split/test\baganbilas\viber_image_2025-09-23_19-27-00-162.jpg,baganbilas,japakusum
E:/8semproject/dataset_split/test\daisy\10172567486_2748826a8b.jpg,daisy,gulbahar
E:/8semproject/dataset_split/test\daisy\10391248763_1d16681106_n.jpg,daisy,dandelion
E:/8semproject/dataset_split/test\daisy\10555815624_dc211569b0.jpg,daisy,dandelion
E:/8semproject/dataset_split/test\daisy\11023277956_8980d53169_m.jpg,daisy,gulbahar
E:/8semproject/dataset_split/test\daisy\11124324295_503f3a0804.jpg,daisy,dandelion
E:/8semproject/dataset_split/test\daisy\11834945233_a53b7a92ac_m.jpg,daisy,dandelion
E:/8semproject/dataset_split/test\daisy\11870378973_2ec1919f12.jpg,daisy,dandelion
E:/8semproject/dataset_split/test\daisy\12348343085_d4c396e5b5_m.jpg,daisy,dandelion
E:/8semproject/dataset_split/test\daisy\12891819633_e4c82b51e8.jpg,daisy,dandelion
E:/8semproject/dataset_split/test\daisy\1396526833_fb867165be_n.jpg,daisy,dandelion
E:/8semproject/dataset_split/test\daisy\14088053307_1a13a0bf91_n.jpg,daisy,dandelion
E:/8semproject/dataset_split/test\daisy\144076848_57e1d662e3_m.jpg,daisy,gulbahar
E:/8semproject/dataset_split/test\daisy\1441939151_b271408c8d_n.jpg,daisy,gulbahar
E:/8semproject/dataset_split/test\daisy\15853110333_229c439e7f.jpg,daisy,dandelion
E:/8semproject/dataset_split/test\daisy\16121105382_b96251e506_m.jpg,daisy,gulbahar
E:/8semproject/dataset_split/test\daisy\162362897_1d21b70621_m.jpg,daisy,daisy
E:/8semproject/dataset_split/test\daisy\16360180712_b72695928c_n.jpg,daisy,dandelion
E:/8semproject/dataset_split/test\daisy\16401288243_36112bd52f_m.jpg,daisy,dandelion
E:/8semproject/dataset_split/test\daisy\16577886423_9b23622f1d_n.jpg,daisy,daisy
E:/8semproject/dataset_split/test\daisy\16819071290_471d99e166_m.jpg,daisy,gulbahar
E:/8semproject/dataset_split/test\daisy\16833748795_b681b2839f_n.jpg,daisy,gulbahar
E:/8semproject/dataset_split/test\daisy\17249393016_093e915012_n.jpg,daisy,daisy
E:/8semproject/dataset_split/test\daisy\18474740346_ffdaa18032.jpg,daisy,dandelion
E:/8semproject/dataset_split/test\daisy\18622672908_eab6dc9140_n.jpg,daisy,gulbahar
E:/8semproject/dataset_split/test\daisy\19177263840_6a316ea639.jpg,daisy,gulbahar
E:/8semproject/dataset_split/test\daisy\19527362416_8bdcbefb8b_n.jpg,daisy,daisy
E:/8semproject/dataset_split/test\daisy\2057816617_18448093d0_n.jpg,daisy,dandelion
E:/8semproject/dataset_split/test\daisy\20580471306_ab5a011b15_n.jpg,daisy,dandelion
E:/8semproject/dataset_split/test\daisy\20619292635_9857a12d54.jpg,daisy,daisy
E:/8semproject/dataset_split/test\daisy\21402054779_759366efb0_n.jpg,daisy,dandelion
E:/8semproject/dataset_split/test\daisy\21626652132_97e1318bb8_m.jpg,daisy,gulbahar
E:/8semproject/dataset_split/test\daisy\23095658544_7226386954_n.jpg,daisy,dandelion
E:/8semproject/dataset_split/test\daisy\2539552964_921cf645ba_n.jpg,daisy,gulbahar
E:/8semproject/dataset_split/test\daisy\2612704455_efce1c2144_m.jpg,daisy,dandelion
E:/8semproject/dataset_split/test\daisy\2635314490_e12d3b0f36_m.jpg,daisy,gulbahar
E:/8semproject/dataset_split/test\daisy\27400851831_fe08fbcb66_n.jpg,daisy,dandelion
E:/8semproject/dataset_split/test\daisy\29821115270_eccd3866e1_n.jpg,daisy,gulbahar
E:/8semproject/dataset_split/test\daisy\3080880039_4f1bd592e5_n.jpg,daisy,gulbahar
E:/8semproject/dataset_split/test\daisy\3285641623_da0e47f49a.jpg,daisy,gulbahar
E:/8semproject/dataset_split/test\daisy\3310644753_5607eb96a4_m.jpg,daisy,gulbahar
E:/8semproject/dataset_split/test\daisy\3337643329_accc9b5426.jpg,daisy,gulbahar
E:/8semproject/dataset_split/test\daisy\33807950584_f5b63715e4_n.jpg,daisy,gulbahar
E:/8semproject/dataset_split/test\daisy\33809174824_00ba798039_n.jpg,daisy,daisy
E:/8semproject/dataset_split/test\daisy\33819069114_6ecc240b54_n.jpg,daisy,dandelion
E:/8semproject/dataset_split/test\daisy\33843400403_db00aa16b8_n.jpg,daisy,gulbahar
E:/8semproject/dataset_split/test\daisy\33857335804_7f0c96243b_n.jpg,daisy,dandelion
E:/8semproject/dataset_split/test\daisy\33871813063_d7b6bedafe_n.jpg,daisy,gulbahar
E:/8semproject/dataset_split/test\daisy\33887503434_a2762228f4_n.jpg,daisy,daisy
E:/8semproject/dataset_split/test\daisy\33918001783_06a692e371_n.jpg,daisy,dandelion
E:/8semproject/dataset_split/test\daisy\34283602490_b61f3da99d_n.jpg,daisy,dandelion
E:/8semproject/dataset_split/test\daisy\34289553800_606f1f2954_n.jpg,daisy,gulbahar
E:/8semproject/dataset_split/test\daisy\34562146951_cf3d2a627c_n.jpg,daisy,dandelion
E:/8semproject/dataset_split/test\daisy\3456403987_5bd5fa6ece_n.jpg,daisy,dandelion
E:/8semproject/dataset_split/test\daisy\34602180741_cf2f671ba5_n.jpg,daisy,dandelion
E:/8semproject/dataset_split/test\daisy\34637394046_f85541735d_n.jpg,daisy,daisy
E:/8semproject/dataset_split/test\daisy\34652819496_0b6f758986_n.jpg,daisy,daisy
E:/8semproject/dataset_split/test\daisy\34670512115_af22cce24d_n.jpg,daisy,gulbahar
E:/8semproject/dataset_split/test\daisy\34696729796_190b1dfdf1_n.jpg,daisy,gulbahar
E:/8semproject/dataset_split/test\daisy\34718882165_68cdc9def9_n.jpg,daisy,gulbahar
E:/8semproject/dataset_split/test\daisy\3491933306_43cfe2cfbe.jpg,daisy,gulbahar
E:/8semproject/dataset_split/test\daisy\3494265422_9dba8f2191_n.jpg,daisy,dandelion
E:/8semproject/dataset_split/test\daisy\3533954656_79156c8473.jpg,daisy,gulbahar
E:/8semproject/dataset_split/test\daisy\3640845041_80a92c4205_n.jpg,daisy,dandelion
E:/8semproject/dataset_split/test\daisy\3750771898_cfd50090ba_n.jpg,daisy,dandelion
E:/8semproject/dataset_split/test\daisy\3773181799_5def396456.jpg,daisy,gulbahar
E:/8semproject/dataset_split/test\daisy\3861452393_14d2f95157_m.jpg,daisy,gulbahar
E:/8semproject/dataset_split/test\daisy\4117918318_3c8935289b_m.jpg,daisy,daisy
E:/8semproject/dataset_split/test\daisy\4278442064_a5a598524b_m.jpg,daisy,gulbahar
E:/8semproject/dataset_split/test\daisy\43474673_7bb4465a86.jpg,daisy,gulbahar
E:/8semproject/dataset_split/test\daisy\4407065098_ef25f1ccac_n.jpg,daisy,gulbahar
E:/8semproject/dataset_split/test\daisy\446484749_4044affcaf_n.jpg,daisy,daisy
E:/8semproject/dataset_split/test\daisy\450128527_fd35742d44.jpg,daisy,gulbahar
E:/8semproject/dataset_split/test\daisy\4538877108_3c793f7987_m.jpg,daisy,gulbahar
E:/8semproject/dataset_split/test\daisy\4610018126_21f438d2dc_m.jpg,daisy,gulbahar
E:/8semproject/dataset_split/test\daisy\4654579740_6671a53627_m.jpg,daisy,dandelion
E:/8semproject/dataset_split/test\daisy\4683997791_56e7d3c03c_n.jpg,daisy,dandelion
E:/8semproject/dataset_split/test\daisy\4724713781_d169f98a35.jpg,daisy,dandelion
E:/8semproject/dataset_split/test\daisy\476856232_7c35952f40_n.jpg,daisy,gulbahar
E:/8semproject/dataset_split/test\daisy\4897587985_f9293ea1ed.jpg,daisy,gulbahar
E:/8semproject/dataset_split/test\daisy\495098110_3a4bb30042_n.jpg,daisy,dandelion
E:/8semproject/dataset_split/test\daisy\5014137563_d03eb0ed75_n.jpg,daisy,gulbahar
E:/8semproject/dataset_split/test\daisy\5109508979_68e3530791_m.jpg,daisy,dandelion
E:/8semproject/dataset_split/test\daisy\5133243796_44de429de5_m.jpg,daisy,gulbahar
E:/8semproject/dataset_split/test\daisy\520752848_4b87fb91a4.jpg,daisy,gulbahar
E:/8semproject/dataset_split/test\daisy\530738000_4df7e4786b.jpg,daisy,tulip
E:/8semproject/dataset_split/test\daisy\5434742166_35773eba57_m.jpg,daisy,dandelion
E:/8semproject/dataset_split/test\daisy\5434914569_e9b982fde0_n.jpg,daisy,daisy
E:/8semproject/dataset_split/test\daisy\5435513198_90ce39f1aa_n.jpg,daisy,gulbahar
E:/8semproject/dataset_split/test\daisy\5885826924_38fdc6bcaa_n.jpg,daisy,daisy
E:/8semproject/dataset_split/test\daisy\5896674046_a4879f718e_n.jpg,daisy,sunflower
E:/8semproject/dataset_split/test\daisy\5904946193_bd1eb1f39d_n.jpg,daisy,daisy
E:/8semproject/dataset_split/test\daisy\5905502226_bb23bd8fa0_n.jpg,daisy,daisy
E:/8semproject/dataset_split/test\daisy\5924910021_b6debeb7b5_n.jpg,daisy,gulbahar
E:/8semproject/dataset_split/test\daisy\5973491805_556bba93cc.jpg,daisy,dandelion
E:/8semproject/dataset_split/test\daisy\5981645737_29eceac291_m.jpg,daisy,dandelion
E:/8semproject/dataset_split/test\daisy\6054952060_c88612f3c5_n.jpg,daisy,gulbahar
E:/8semproject/dataset_split/test\daisy\6148728633_27afc47b0c_m.jpg,daisy,gulbahar
E:/8semproject/dataset_split/test\daisy\6299910262_336309ffa5_n.jpg,daisy,dandelion
E:/8semproject/dataset_split/test\daisy\6864242336_0d12713fe5_n.jpg,daisy,gulbahar
E:/8semproject/dataset_split/test\daisy\6884975451_c74f445d69_m.jpg,daisy,gulbahar
E:/8semproject/dataset_split/test\daisy\7199968650_72afc16d31_m.jpg,daisy,gulbahar
E:/8semproject/dataset_split/test\daisy\7357072446_c21c38c863_n.jpg,daisy,dandelion
E:/8semproject/dataset_split/test\daisy\7538403124_f2fc48750a.jpg,daisy,daisy
E:/8semproject/dataset_split/test\daisy\7630517248_98fb8bee1f_n.jpg,daisy,gulbahar
E:/8semproject/dataset_split/test\daisy\7702332000_3f21ef4571_n.jpg,daisy,gulbahar
E:/8semproject/dataset_split/test\daisy\7749368884_1fc58c67ff_n.jpg,daisy,gulbahar
E:/8semproject/dataset_split/test\daisy\7790614422_4557928ab9_n.jpg,daisy,daisy
E:/8semproject/dataset_split/test\daisy\799952628_bf836677fa_n.jpg,daisy,dandelion
E:/8semproject/dataset_split/test\daisy\8008629838_c62bb2b016_n.jpg,daisy,gulbahar
E:/8semproject/dataset_split/test\daisy\8120563761_ed5620664f_m.jpg,daisy,gulbahar
E:/8semproject/dataset_split/test\daisy\8446495985_f72d851482.jpg,daisy,gulbahar
E:/8semproject/dataset_split/test\daisy\8709110478_60d12efcd4_n.jpg,daisy,daisy
E:/8semproject/dataset_split/test\daisy\8964198962_6d8593b533.jpg,daisy,dandelion
E:/8semproject/dataset_split/test\daisy\9299302012_958c70564c_n.jpg,daisy,dandelion
E:/8semproject/dataset_split/test\daisy\9310226774_d1b8f5d9c9.jpg,daisy,gulbahar
E:/8semproject/dataset_split/test\daisy\9489270024_1b05f08492_m.jpg,daisy,dandelion
E:/8semproject/dataset_split/test\daisy\9611923744_013b29e4da_n.jpg,daisy,dandelion
E:/8semproject/dataset_split/test\dandelion\10294487385_92a0676c7d_m.jpg,dandelion,dandelion
E:/8semproject/dataset_split/test\dandelion\10477378514_9ffbcec4cf_m.jpg,dandelion,dandelion
E:/8semproject/dataset_split/test\dandelion\10617162044_8740d4dd9f_n.jpg,dandelion,dandelion
E:/8semproject/dataset_split/test\dandelion\10779476016_9130714dc0.jpg,dandelion,dandelion
E:/8semproject/dataset_split/test\dandelion\1080179756_5f05350a59.jpg,dandelion,dandelion
E:/8semproject/dataset_split/test\dandelion\11124381625_24b17662bd_n.jpg,dandelion,dandelion
E:/8semproject/dataset_split/test\dandelion\11296320473_1d9261ddcb.jpg,dandelion,dandelion
E:/8semproject/dataset_split/test\dandelion\11405573_24a8a838cc_n.jpg,dandelion,gulbahar
E:/8semproject/dataset_split/test\dandelion\11545123_50a340b473_m.jpg,dandelion,gulbahar
E:/8semproject/dataset_split/test\dandelion\1193386857_3ae53574f2_m.jpg,dandelion,gulbahar
E:/8semproject/dataset_split/test\dandelion\1195255751_d58b3d3076.jpg,dandelion,dandelion
E:/8semproject/dataset_split/test\dandelion\12093962485_7c3e9a2a23_n.jpg,dandelion,amala
E:/8semproject/dataset_split/test\dandelion\12094442595_297494dba4_m.jpg,dandelion,dandelion
E:/8semproject/dataset_split/test\dandelion\129019877_8eea2978ca_m.jpg,dandelion,dandelion
E:/8semproject/dataset_split/test\dandelion\1297972485_33266a18d9.jpg,dandelion,dandelion
E:/8semproject/dataset_split/test\dandelion\13290033_ebd7c7abba_n.jpg,dandelion,dandelion
E:/8semproject/dataset_split/test\dandelion\13386618495_3df1f1330d.jpg,dandelion,dandelion
E:/8semproject/dataset_split/test\dandelion\13471273823_4800ca8eec.jpg,dandelion,gulbahar
E:/8semproject/dataset_split/test\dandelion\136011860_44ca0b2835_n.jpg,dandelion,dandelion
E:/8semproject/dataset_split/test\dandelion\13652698934_d258a6ee8c.jpg,dandelion,dandelion
E:/8semproject/dataset_split/test\dandelion\13675534854_03caf51644_m.jpg,dandelion,dandelion
E:/8semproject/dataset_split/test\dandelion\136999986_e410a68efb_n.jpg,dandelion,dandelion
E:/8semproject/dataset_split/test\dandelion\13734221225_0e04edc6b6.jpg,dandelion,gulbahar
E:/8semproject/dataset_split/test\dandelion\138132145_782763b84f_m.jpg,dandelion,dandelion
E:/8semproject/dataset_split/test\dandelion\13900486390_5a25785645_n.jpg,dandelion,dandelion
E:/8semproject/dataset_split/test\dandelion\13910677675_4900fa3dbf_n.jpg,dandelion,gulbahar
E:/8semproject/dataset_split/test\dandelion\139124974_9e3ba69f6c.jpg,dandelion,dandelion
E:/8semproject/dataset_split/test\dandelion\13916196427_50a611008f.jpg,dandelion,dandelion
E:/8semproject/dataset_split/test\dandelion\13920113_f03e867ea7_m.jpg,dandelion,dandelion
E:/8semproject/dataset_split/test\dandelion\13946048982_4e6ec56987.jpg,dandelion,gulbahar
E:/8semproject/dataset_split/test\dandelion\13967344688_aa629dcdee_n.jpg,dandelion,dandelion
E:/8semproject/dataset_split/test\dandelion\14003401241_543535b385.jpg,dandelion,dandelion
E:/8semproject/dataset_split/test\dandelion\14048849371_ec9dbafaeb_m.jpg,dandelion,dandelion
E:/8semproject/dataset_split/test\dandelion\14053173516_a00150a919_m.jpg,dandelion,dandelion
E:/8semproject/dataset_split/test\dandelion\14058811536_f29cd7bd58_n.jpg,dandelion,dandelion
E:/8semproject/dataset_split/test\dandelion\14060367700_fe87e99b6a_m.jpg,dandelion,dandelion
E:/8semproject/dataset_split/test\dandelion\14185089716_2a48298d17.jpg,dandelion,dandelion
E:/8semproject/dataset_split/test\dandelion\141935731_d26d600f4f_m.jpg,dandelion,dandelion
E:/8semproject/dataset_split/test\dandelion\14211880544_5d1f9d5aa8_n.jpg,dandelion,dandelion
E:/8semproject/dataset_split/test\dandelion\1426682852_e62169221f_m.jpg,dandelion,dandelion
E:/8semproject/dataset_split/test\dandelion\142813254_20a7fd5fb6_n.jpg,dandelion,dandelion
E:/8semproject/dataset_split/test\dandelion\14283011_3e7452c5b2_n.jpg,dandelion,dandelion
E:/8semproject/dataset_split/test\dandelion\14292205986_da230467ef.jpg,dandelion,dandelion
E:/8semproject/dataset_split/test\dandelion\14313509432_6f2343d6c8_m.jpg,dandelion,dandelion
E:/8semproject/dataset_split/test\dandelion\14335561523_f847f2f4f1.jpg,dandelion,dandelion
E:/8semproject/dataset_split/test\dandelion\14362539701_cf19e588ca.jpg,dandelion,gulbahar
E:/8semproject/dataset_split/test\dandelion\14373114081_7922bcf765_n.jpg,dandelion,dandelion
E:/8semproject/dataset_split/test\dandelion\144040769_c5b805f868.jpg,dandelion,gulbahar
E:/8semproject/dataset_split/test\dandelion\14457225751_645a3784fd_n.jpg,dandelion,dandelion
E:/8semproject/dataset_split/test\dandelion\144686365_d7e96941ee_n.jpg,dandelion,dandelion
E:/8semproject/dataset_split/test\dandelion\14469481104_d0e29f7ffd.jpg,dandelion,gulbahar
E:/8semproject/dataset_split/test\dandelion\14576445793_582aa6446b_m.jpg,dandelion,dandelion
E:/8semproject/dataset_split/test\dandelion\146023167_f905574d97_m.jpg,dandelion,dandelion
E:/8semproject/dataset_split/test\dandelion\146242691_44d9c9d6ce_n.jpg,dandelion,dandelion
E:/8semproject/dataset_split/test\dandelion\1469549847_eac61a6802.jpg,dandelion,dandelion
E:/8semproject/dataset_split/test\dandelion\14740350060_a489d9fa06.jpg,dandelion,dandelion
E:/8semproject/dataset_split/test\dandelion\14761980161_2d6dbaa4bb_m.jpg,dandelion,gulbahar
E:/8semproject/dataset_split/test\dandelion\14886860069_b84665a073.jpg,dandelion,dandelion
E:/8semproject/dataset_split/test\dandelion\151385301_153eacf6b5_n.jpg,dandelion,dandelion
E:/8semproject/dataset_split/test\dandelion\151385302_f8980a257f_n.jpg,dandelion,dandelion
E:/8semproject/dataset_split/test\dandelion\151861297_55b10a03a6_n.jpg,dandelion,gulbahar
E:/8semproject/dataset_split/test\dandelion\15268682367_5a4512b29f_m.jpg,dandelion,dandelion
E:/8semproject/dataset_split/test\dandelion\15297244181_011883a631_m.jpg,dandelion,dandelion
E:/8semproject/dataset_split/test\dandelion\15358221063_2c6e548e84.jpg,dandelion,gulbahar
E:/8semproject/dataset_split/test\dandelion\15378782362_4161b23af7_m.jpg,dandelion,dandelion
E:/8semproject/dataset_split/test\dandelion\15381511376_fd743b7330_n.jpg,dandelion,dandelion
E:/8semproject/dataset_split/test\dandelion\15549402199_2890918ddb.jpg,dandelion,dandelion
E:/8semproject/dataset_split/test\dandelion\15782158700_3b9bf7d33e_m.jpg,dandelion,dandelion
E:/8semproject/dataset_split/test\dandelion\16159487_3a6615a565_n.jpg,dandelion,dandelion
E:/8semproject/dataset_split/test\dandelion\16237158409_01913cf918_n.jpg,dandelion,dandelion
E:/8semproject/dataset_split/test\dandelion\16241101274_334b54731e.jpg,dandelion,gulbahar
E:/8semproject/dataset_split/test\dandelion\163702807_e508544acd_n.jpg,dandelion,gulbahar
E:/8semproject/dataset_split/test\dandelion\16462263826_2555edeb74_n.jpg,dandelion,dandelion
E:/8semproject/dataset_split/test\dandelion\1667963621_c76d570af3_n.jpg,dandelion,dandelion
E:/8semproject/dataset_split/test\dandelion\16699732794_5bfd639cf8_n.jpg,dandelion,dandelion
E:/8semproject/dataset_split/test\dandelion\16713229021_bea2533981_n.jpg,dandelion,dandelion
E:/8semproject/dataset_split/test\dandelion\16744522344_8d21b1530d_n.jpg,dandelion,dandelion
E:/8semproject/dataset_split/test\dandelion\16766166609_ccb8344c9f_m.jpg,dandelion,dandelion
E:/8semproject/dataset_split/test\dandelion\16953818045_fea21c8bf8.jpg,dandelion,dandelion
E:/8semproject/dataset_split/test\dandelion\16970837587_4a9d8500d7.jpg,dandelion,sunflower
E:/8semproject/dataset_split/test\dandelion\17020815734_81e8db8008_m.jpg,dandelion,dandelion
E:/8semproject/dataset_split/test\dandelion\17029965300_8e755c2214_n.jpg,dandelion,gulbahar
E:/8semproject/dataset_split/test\dandelion\17047231499_bd66c23641.jpg,dandelion,dandelion
E:/8semproject/dataset_split/test\dandelion\17077940105_d2cd7b9ec4_n.jpg,dandelion,dandelion
E:/8semproject/dataset_split/test\dandelion\17175932454_c052e205c1_n.jpg,dandelion,dandelion
E:/8semproject/dataset_split/test\dandelion\17189437699_a9171b6ae3.jpg,dandelion,gulbahar
E:/8semproject/dataset_split/test\dandelion\17244252705_328e0bcda6.jpg,dandelion,gulbahar
E:/8semproject/dataset_split/test\dandelion\17280886635_e384d91300_n.jpg,dandelion,gulbahar
E:/8semproject/dataset_split/test\dandelion\17322195031_c2680809dc_m.jpg,dandelion,dandelion
E:/8semproject/dataset_split/test\dandelion\17346385582_7ba433dbbe.jpg,dandelion,gulbahar
E:/8semproject/dataset_split/test\dandelion\17388674711_6dca8a2e8b_n.jpg,dandelion,gulbahar
E:/8semproject/dataset_split/test\dandelion\17388697431_0d84c427d1_n.jpg,dandelion,dandelion
E:/8semproject/dataset_split/test\dandelion\17482158576_86c5ebc2f8.jpg,dandelion,dandelion
E:/8semproject/dataset_split/test\dandelion\17570530696_6a497298ee_n.jpg,dandelion,gulbahar
E:/8semproject/dataset_split/test\dandelion\17619402434_15b2ec2d79.jpg,dandelion,gulbahar
E:/8semproject/dataset_split/test\dandelion\176284193_8fa1710431_m.jpg,dandelion,gulbahar
E:/8semproject/dataset_split/test\dandelion\17649230811_9bdbbacb8c.jpg,dandelion,gulbahar
E:/8semproject/dataset_split/test\dandelion\17747738311_5014b1f77f.jpg,dandelion,dandelion
E:/8semproject/dataset_split/test\dandelion\177851662_b2622b4238_n.jpg,dandelion,dandelion
E:/8semproject/dataset_split/test\dandelion\18010259565_d6aae33ca7_n.jpg,dandelion,dandelion
E:/8semproject/dataset_split/test\dandelion\18089878729_907ed2c7cd_m.jpg,dandelion,gulbahar
E:/8semproject/dataset_split/test\dandelion\18111636378_856027a7b8_n.jpg,dandelion,gulbahar
E:/8semproject/dataset_split/test\dandelion\18183515403_13a9ca6d86_n.jpg,dandelion,dandelion
E:/8semproject/dataset_split/test\dandelion\18238604119_a5689980ee_n.jpg,dandelion,dandelion
E:/8semproject/dataset_split/test\dandelion\18243329421_771b4d938e.jpg,dandelion,dandelion
E:/8semproject/dataset_split/test\dandelion\18587334446_ef1021909b_n.jpg,dandelion,dandelion
E:/8semproject/dataset_split/test\dandelion\18803577858_fd0036e1f5_m.jpg,dandelion,dandelion
E:/8semproject/dataset_split/test\dandelion\18995294384_77543e96b6_n.jpg,dandelion,dandelion
E:/8semproject/dataset_split/test\dandelion\19064700925_b93d474e37.jpg,dandelion,dandelion
E:/8semproject/dataset_split/test\dandelion\19426575569_4b53c0b726.jpg,dandelion,dandelion
E:/8semproject/dataset_split/test\dandelion\19443674130_08db1d9578_m.jpg,dandelion,dandelion
E:/8semproject/dataset_split/test\dandelion\19443726008_8c9c68efa7_m.jpg,dandelion,dandelion
E:/8semproject/dataset_split/test\dandelion\19600096066_67dc941042.jpg,dandelion,dandelion
E:/8semproject/dataset_split/test\dandelion\19617425002_b914c1e2ab.jpg,dandelion,dandelion
E:/8semproject/dataset_split/test\dandelion\19617501581_606be5f716_n.jpg,dandelion,dandelion
E:/8semproject/dataset_split/test\dandelion\19621170705_30bf8bf0ba.jpg,dandelion,dandelion
E:/8semproject/dataset_split/test\dandelion\19622465055_2a62ebd504_m.jpg,dandelion,dandelion
E:/8semproject/dataset_split/test\dandelion\19626311985_58f1a79da3.jpg,dandelion,dandelion
E:/8semproject/dataset_split/test\dandelion\20179380768_7a2990d4e3_n.jpg,dandelion,dandelion
E:/8semproject/dataset_split/test\dandelion\2039797043_d5b709f275_n.jpg,dandelion,gulbahar
E:/8semproject/dataset_split/test\dandelion\2076141453_c63801962a_m.jpg,dandelion,dandelion
E:/8semproject/dataset_split/test\dandelion\2116997627_30fed84e53_m.jpg,dandelion,dandelion
E:/8semproject/dataset_split/test\dandelion\21523597492_39b6765cd7_m.jpg,dandelion,gulbahar
E:/8semproject/dataset_split/test\dandelion\21657726011_2c94e341bc_n.jpg,dandelion,dandelion
E:/8semproject/dataset_split/test\dandelion\22190242684_8c3300d4e6.jpg,dandelion,gulbahar
E:/8semproject/dataset_split/test\dandelion\22785985545_95464115b0_m.jpg,dandelion,dandelion
E:/8semproject/dataset_split/test\dandelion\2294126841_e478564e77_n.jpg,dandelion,dandelion
E:/8semproject/dataset_split/test\dandelion\2330339852_fbbdeb7306_n.jpg,dandelion,dandelion
E:/8semproject/dataset_split/test\dandelion\2330343016_23acc484ee.jpg,dandelion,dandelion
E:/8semproject/dataset_split/test\dandelion\2335702923_decb9a860b_m.jpg,dandelion,dandelion
E:/8semproject/dataset_split/test\dandelion\23659122395_3467d88c02_n.jpg,dandelion,dandelion
E:/8semproject/dataset_split/test\dandelion\23891393761_155af6402c.jpg,dandelion,dandelion
E:/8semproject/dataset_split/test\dandelion\2395009660_295c8ffd67_m.jpg,dandelion,gulbahar
E:/8semproject/dataset_split/test\dandelion\2401343175_d2a892cf25_n.jpg,dandelion,dandelion
E:/8semproject/dataset_split/test\dandelion\2465573725_d78caca9d4_n.jpg,dandelion,dandelion
E:/8semproject/dataset_split/test\dandelion\2473862606_291ae74885.jpg,dandelion,gulbahar
E:/8semproject/dataset_split/test\dandelion\2477231067_3aecef1bf8_n.jpg,dandelion,dandelion
E:/8semproject/dataset_split/test\dandelion\2479491210_98e41c4e7d_m.jpg,dandelion,dandelion
E:/8semproject/dataset_split/test\dandelion\2480853696_aacdbb5324.jpg,dandelion,dandelion
E:/8semproject/dataset_split/test\dandelion\2494436687_775402e0aa.jpg,dandelion,gulbahar
E:/8semproject/dataset_split/test\dandelion\2497301920_91490c42c0.jpg,dandelion,dandelion
E:/8semproject/dataset_split/test\dandelion\2502610598_b9f1b55ebd_n.jpg,dandelion,gulbahar
E:/8semproject/dataset_split/test\dandelion\2503034372_db7867de51_m.jpg,dandelion,dandelion
E:/8semproject/dataset_split/test\dandelion\2512148749_261fa9d156.jpg,dandelion,gulbahar
E:/8semproject/dataset_split/test\dandelion\2512977446_ac498955ee.jpg,dandelion,gulbahar
E:/8semproject/dataset_split/test\dandelion\2535727910_769c020c0d_n.jpg,dandelion,dandelion
E:/8semproject/dataset_split/test\dandelion\2535769822_513be6bbe9.jpg,dandelion,dandelion
E:/8semproject/dataset_split/test\dandelion\2540640433_dedd577263.jpg,dandelion,dandelion
E:/8semproject/dataset_split/test\dandelion\2542908888_25a1c78ff0.jpg,dandelion,dandelion
E:/8semproject/dataset_split/test\dandelion\2597655841_07fb2955a4.jpg,dandelion,gulbahar
E:/8semproject/dataset_split/test\dandelion\2598486434_bf349854f2_m.jpg,dandelion,gulbahar
E:/8semproject/dataset_split/test\dandelion\2600382379_5791b0b35a_m.jpg,dandelion,dandelion
E:/8semproject/dataset_split/test\dandelion\2608937632_cfd93bc7cd.jpg,dandelion,dandelion
E:/8semproject/dataset_split/test\dandelion\2628514700_b6d5325797_n.jpg,dandelion,dandelion
E:/8semproject/dataset_split/test\dandelion\2634665077_597910235f_m.jpg,dandelion,gulbahar
E:/8semproject/dataset_split/test\dandelion\2635422362_a1bf641547_m.jpg,dandelion,dandelion
E:/8semproject/dataset_split/test\dandelion\2637883118_cf6ce37be4_n.jpg,dandelion,dandelion
E:/8semproject/dataset_split/test\dandelion\26741270544_f44f3a1b19_n.jpg,dandelion,dandelion
E:/8semproject/dataset_split/test\dandelion\2697283969_c1f9cbb936.jpg,dandelion,rhododendron
E:/8semproject/dataset_split/test\dandelion\27166475803_f5503f51f8_n.jpg,dandelion,gulbahar
E:/8semproject/dataset_split/test\dandelion\2753166154_0cb51a127b.jpg,dandelion,gulbahar
E:/8semproject/dataset_split/test\dandelion\2780702427_312333ef33.jpg,dandelion,dandelion
E:/8semproject/dataset_split/test\dandelion\284497199_93a01f48f6.jpg,dandelion,dandelion
E:/8semproject/dataset_split/test\dandelion\29556932571_f124d8ac5d_n.jpg,dandelion,dandelion
E:/8semproject/dataset_split/test\dandelion\29687446176_096b86f44c_n.jpg,dandelion,dandelion
E:/8semproject/dataset_split/test\dandelion\2995221296_a6ddaccc39.jpg,dandelion,gulbahar
E:/8semproject/dataset_split/test\dandelion\3005677730_2662753d3f_m.jpg,dandelion,dandelion
E:/8semproject/dataset_split/test\dandelion\3021333497_b927cd8596.jpg,dandelion,gulbahar
E:/8semproject/dataset_split/test\dandelion\315645471_dda66c6338_m.jpg,dandelion,gulbahar
E:/8semproject/dataset_split/test\dandelion\3198028825_fdfaa1d020.jpg,dandelion,gulbahar
E:/8semproject/dataset_split/test\dandelion\32120685303_90b5f21ab2_n.jpg,dandelion,dandelion
E:/8semproject/dataset_split/test\dandelion\32558425090_d6b6e86d85_n.jpg,dandelion,gulbahar
E:/8semproject/dataset_split/test\dandelion\33199895303_9858f0a258_n.jpg,dandelion,dandelion
E:/8semproject/dataset_split/test\dandelion\33522989504_542fde1a1a_n.jpg,dandelion,dandelion
E:/8semproject/dataset_split/test\dandelion\33626882480_8b2345a63c_n.jpg,dandelion,dandelion
E:/8semproject/dataset_split/test\dandelion\33852722314_e8907d51f1_n.jpg,dandelion,dandelion
E:/8semproject/dataset_split/test\dandelion\33856267954_b806fab0db_n.jpg,dandelion,dandelion
E:/8semproject/dataset_split/test\dandelion\33857574164_b0b724b567_n.jpg,dandelion,dandelion
E:/8semproject/dataset_split/test\dandelion\33873410454_04bc2167f4_n.jpg,dandelion,gulbahar
E:/8semproject/dataset_split/test\dandelion\33875654554_e5e4070fab_n.jpg,dandelion,dandelion
E:/8semproject/dataset_split/test\dandelion\33875742534_31b85d1b05_n.jpg,dandelion,gulbahar
E:/8semproject/dataset_split/test\dandelion\33876197394_c7a9487a9f_n.jpg,dandelion,rhododendron
E:/8semproject/dataset_split/test\dandelion\33877585464_b23cefb361_n.jpg,dandelion,dandelion
E:/8semproject/dataset_split/test\dandelion\33877749474_1fb8111daf_n.jpg,dandelion,gulbahar
E:/8semproject/dataset_split/test\dandelion\33878004304_a7c823115b_n.jpg,dandelion,dandelion
E:/8semproject/dataset_split/test\dandelion\33881308394_738a121eb3_n.jpg,dandelion,dandelion
E:/8semproject/dataset_split/test\dandelion\33885269993_3968e1aacc_n.jpg,dandelion,dandelion
E:/8semproject/dataset_split/test\dandelion\33886917763_2db539f182_n.jpg,dandelion,dandelion
E:/8semproject/dataset_split/test\dandelion\33890085903_0e10553b27_n.jpg,dandelion,gulbahar
E:/8semproject/dataset_split/test\dandelion\33904560113_497239a68f_n.jpg,dandelion,dandelion
E:/8semproject/dataset_split/test\dandelion\33914172633_592a6eb74f_n.jpg,dandelion,dandelion
E:/8semproject/dataset_split/test\dandelion\3419176626_512811d3ff.jpg,dandelion,dandelion
E:/8semproject/dataset_split/test\dandelion\34206776142_941d75c2ed_n.jpg,dandelion,dandelion
E:/8semproject/dataset_split/test\dandelion\34310456510_a4ceda64da_n.jpg,dandelion,dandelion
E:/8semproject/dataset_split/test\dandelion\34323484476_6406ee1e37_n.jpg,dandelion,dandelion
E:/8semproject/dataset_split/test\dandelion\34334194690_0dfe3d8701_n.jpg,dandelion,dandelion
E:/8semproject/dataset_split/test\dandelion\34335432530_cd667cbb19_n.jpg,dandelion,dandelion
E:/8semproject/dataset_split/test\dandelion\34339792440_8224ca420d_n.jpg,dandelion,dandelion
E:/8semproject/dataset_split/test\dandelion\34351602790_37234e2dae_n.jpg,dandelion,amala
E:/8semproject/dataset_split/test\dandelion\34351608230_f95038a5a4_n.jpg,dandelion,gulbahar
E:/8semproject/dataset_split/test\dandelion\34365073265_246c5c0561_n.jpg,dandelion,dandelion
E:/8semproject/dataset_split/test\dandelion\344318990_7be3fb0a7d.jpg,dandelion,gulbahar
E:/8semproject/dataset_split/test\dandelion\3446018470_0c40e73ed6_m.jpg,dandelion,gulbahar
E:/8semproject/dataset_split/test\dandelion\34533729452_7d8e2b519d_n.jpg,dandelion,gulbahar
E:/8semproject/dataset_split/test\dandelion\34536491752_dd130e7b79_n.jpg,dandelion,dandelion
E:/8semproject/dataset_split/test\dandelion\34540904752_ae86e5f6ce_n.jpg,dandelion,dandelion
E:/8semproject/dataset_split/test\dandelion\3454102259_957ecd0a9b.jpg,dandelion,gulbahar
E:/8semproject/dataset_split/test\dandelion\34549305152_15f407a771_n.jpg,dandelion,dandelion
E:/8semproject/dataset_split/test\dandelion\34551360172_dde3b8e43d_n.jpg,dandelion,gulbahar
E:/8semproject/dataset_split/test\dandelion\34552250422_320900fd8e_n.jpg,dandelion,dandelion
E:/8semproject/dataset_split/test\dandelion\34555389922_8da9ffa268_n.jpg,dandelion,dandelion
E:/8semproject/dataset_split/test\dandelion\34560984002_254f326f12_n.jpg,dandelion,dandelion
E:/8semproject/dataset_split/test\dandelion\34561332721_04b6f1c889_n.jpg,dandelion,gulbahar
E:/8semproject/dataset_split/test\dandelion\34571238031_7eff74ca43_n.jpg,dandelion,dandelion
E:/8semproject/dataset_split/test\dandelion\34571561452_07ec474366_n.jpg,dandelion,gulbahar
E:/8semproject/dataset_split/test\dandelion\34571582172_efa4946a45_n.jpg,dandelion,dandelion
E:/8semproject/dataset_split/test\dandelion\34575269471_fe82b32aa9_n.jpg,dandelion,dandelion
E:/8semproject/dataset_split/test\dandelion\34578947551_863af3acb3_n.jpg,dandelion,dandelion
E:/8semproject/dataset_split/test\dandelion\34586667251_bfda649f33_n.jpg,dandelion,dandelion
E:/8semproject/dataset_split/test\dandelion\34588967411_84b348245b_n.jpg,dandelion,dandelion
E:/8semproject/dataset_split/test\dandelion\34592557281_5f254b3a46_n.jpg,dandelion,dandelion
E:/8semproject/dataset_split/test\dandelion\34599366451_2854aee943_n.jpg,dandelion,dandelion
E:/8semproject/dataset_split/test\dandelion\34604698981_89d8741b10_n.jpg,dandelion,dandelion
E:/8semproject/dataset_split/test\dandelion\34605411661_4e735bd995_n.jpg,dandelion,dandelion
E:/8semproject/dataset_split/test\dandelion\3461986955_29a1abc621.jpg,dandelion,gulbahar
E:/8semproject/dataset_split/test\dandelion\34647026976_68af8875e0_n.jpg,dandelion,gulbahar
E:/8semproject/dataset_split/test\dandelion\34662979916_0479576f5e_n.jpg,dandelion,dandelion
E:/8semproject/dataset_split/test\dandelion\34679936936_9924d79c8d_n.jpg,dandelion,dandelion
E:/8semproject/dataset_split/test\dandelion\34686041416_e50c8028f9_n.jpg,dandelion,dandelion
E:/8semproject/dataset_split/test\dandelion\34690479536_69da7b98e7_n.jpg,dandelion,dandelion
E:/8semproject/dataset_split/test\dandelion\3469112805_6cc8640236.jpg,dandelion,dandelion
E:/8semproject/dataset_split/test\dandelion\34692530906_fe2470a5e5_n.jpg,dandelion,dandelion
E:/8semproject/dataset_split/test\dandelion\34694292346_83b4d97809_n.jpg,dandelion,gulbahar
E:/8semproject/dataset_split/test\dandelion\34697163155_5dc2571f23_n.jpg,dandelion,dandelion
E:/8semproject/dataset_split/test\dandelion\34700475225_fbc12d0834_n.jpg,dandelion,dandelion
E:/8semproject/dataset_split/test\dandelion\34709307795_994ddf0eb5_n.jpg,dandelion,dandelion
E:/8semproject/dataset_split/test\dandelion\34717754295_cbb0185a36_n.jpg,dandelion,sunflower
E:/8semproject/dataset_split/test\dandelion\34719559905_46ba779d79_n.jpg,dandelion,dandelion
E:/8semproject/dataset_split/test\dandelion\34724303275_b9494837aa_n.jpg,dandelion,gulbahar
E:/8semproject/dataset_split/test\dandelion\34727715205_62c9c1ac44_n.jpg,dandelion,dandelion
E:/8semproject/dataset_split/test\dandelion\34729107795_c746845e17_n.jpg,dandelion,gulbahar
E:/8semproject/dataset_split/test\dandelion\34732908685_a219574ffe_n.jpg,dandelion,gulbahar
E:/8semproject/dataset_split/test\dandelion\3487229452_73e3004858.jpg,dandelion,dandelion
E:/8semproject/dataset_split/test\dandelion\3496258301_ca5f168306.jpg,dandelion,dandelion
E:/8semproject/dataset_split/test\dandelion\3499837275_5f24d2f8bf_n.jpg,dandelion,dandelion
E:/8semproject/dataset_split/test\dandelion\3502447188_ab4a5055ac_m.jpg,dandelion,daisy
E:/8semproject/dataset_split/test\dandelion\3505026222_c760df0035_n.jpg,dandelion,dandelion
E:/8semproject/dataset_split/test\dandelion\3533075436_0954145b9f_m.jpg,dandelion,gulbahar
E:/8semproject/dataset_split/test\dandelion\3533167406_e9f4cf10bb_m.jpg,dandelion,dandelion
E:/8semproject/dataset_split/test\dandelion\3554435478_1a7ab743e9_n.jpg,dandelion,dandelion
E:/8semproject/dataset_split/test\dandelion\3584414925_1e6c4b61db_n.jpg,dandelion,gulbahar
E:/8semproject/dataset_split/test\dandelion\3585220976_5acac92d1c.jpg,dandelion,gulbahar
E:/8semproject/dataset_split/test\dandelion\3856725141_0db85f466d_n.jpg,dandelion,dandelion
E:/8semproject/dataset_split/test\dandelion\3857059749_fe8ca621a9.jpg,dandelion,dandelion
E:/8semproject/dataset_split/test\dandelion\3954167682_128398bf79_m.jpg,dandelion,gulbahar
E:/8semproject/dataset_split/test\dandelion\3998927705_af499a4f29.jpg,dandelion,dandelion
E:/8semproject/dataset_split/test\dandelion\4082856478_741a411ebb.jpg,dandelion,gulbahar
E:/8semproject/dataset_split/test\dandelion\4164845062_1fd9b3f3b4.jpg,dandelion,gulbahar
E:/8semproject/dataset_split/test\dandelion\4258272073_f616d1e575_m.jpg,dandelion,dandelion
E:/8semproject/dataset_split/test\dandelion\4258272381_65bd4b8191_m.jpg,dandelion,dandelion
E:/8semproject/dataset_split/test\dandelion\4265711814_9a006ee5b8.jpg,dandelion,dandelion
E:/8semproject/dataset_split/test\dandelion\4290112545_3528055993_m.jpg,dandelion,dandelion
E:/8semproject/dataset_split/test\dandelion\4489359360_09db62f825.jpg,dandelion,dandelion
E:/8semproject/dataset_split/test\dandelion\4510350093_3700064215.jpg,dandelion,dandelion
E:/8semproject/dataset_split/test\dandelion\4510938552_6f7bae172a_n.jpg,dandelion,dandelion
E:/8semproject/dataset_split/test\dandelion\4514343281_26781484df.jpg,dandelion,dandelion
E:/8semproject/dataset_split/test\dandelion\4523239455_9c31a06aaf_n.jpg,dandelion,dandelion
E:/8semproject/dataset_split/test\dandelion\4523862714_b41b459c88.jpg,dandelion,dandelion
E:/8semproject/dataset_split/test\dandelion\4530848609_02a1d9b791.jpg,dandelion,gulbahar
E:/8semproject/dataset_split/test\dandelion\4550784336_584d7a65de_m.jpg,dandelion,dandelion
E:/8semproject/dataset_split/test\dandelion\4552571121_2677bcdec3.jpg,dandelion,dandelion
E:/8semproject/dataset_split/test\dandelion\455728598_c5f3e7fc71_m.jpg,dandelion,dandelion
E:/8semproject/dataset_split/test\dandelion\4562516418_8ccb8c103f.jpg,dandelion,dandelion
E:/8semproject/dataset_split/test\dandelion\4573886520_09c984ecd8_m.jpg,dandelion,dandelion
E:/8semproject/dataset_split/test\dandelion\4573886524_5161482ca7_n.jpg,dandelion,gulbahar
E:/8semproject/dataset_split/test\dandelion\4574447682_40dce530f1.jpg,dandelion,dandelion
E:/8semproject/dataset_split/test\dandelion\4574737576_044403a997_n.jpg,dandelion,gulbahar
E:/8semproject/dataset_split/test\dandelion\4575406391_7a62c5f90f_n.jpg,dandelion,dandelion
E:/8semproject/dataset_split/test\dandelion\4588529727_4a79c61577.jpg,dandelion,dandelion
E:/8semproject/dataset_split/test\dandelion\459633569_5ddf6bc116_m.jpg,dandelion,gulbahar
E:/8semproject/dataset_split/test\dandelion\459748276_69101b0cec_n.jpg,dandelion,dandelion
E:/8semproject/dataset_split/test\dandelion\4629844753_4e02015d29_m.jpg,dandelion,dandelion
E:/8semproject/dataset_split/test\dandelion\4632863567_5f9af7de97_n.jpg,dandelion,dandelion
E:/8semproject/dataset_split/test\dandelion\463736819_f779800165.jpg,dandelion,dandelion
E:/8semproject/dataset_split/test\dandelion\4645101643_9c9d9df13e.jpg,dandelion,gulbahar
E:/8semproject/dataset_split/test\dandelion\4650752466_ed088e0d85_n.jpg,dandelion,dandelion
E:/8semproject/dataset_split/test\dandelion\4675287055_5938ed62c4.jpg,dandelion,dandelion
E:/8semproject/dataset_split/test\dandelion\4676527148_d701b9202f_n.jpg,dandelion,gulbahar
E:/8semproject/dataset_split/test\dandelion\4696437766_85952d0196.jpg,dandelion,dandelion
E:/8semproject/dataset_split/test\dandelion\4708723476_a1b476a373.jpg,dandelion,dandelion
E:/8semproject/dataset_split/test\dandelion\4721773235_429acdf496_n.jpg,dandelion,gulbahar
E:/8semproject/dataset_split/test\dandelion\477207005_6327db8393_m.jpg,dandelion,dandelion
E:/8semproject/dataset_split/test\dandelion\477316928_a70a31a704_m.jpg,dandelion,gulbahar
E:/8semproject/dataset_split/test\dandelion\478851599_25bfd70605_n.jpg,dandelion,dandelion
E:/8semproject/dataset_split/test\dandelion\479495978_ee22cf05be.jpg,dandelion,dandelion
E:/8semproject/dataset_split/test\dandelion\483097906_2c35054346.jpg,dandelion,dandelion
E:/8semproject/dataset_split/test\dandelion\4858372040_52216eb0bd.jpg,dandelion,gulbahar
E:/8semproject/dataset_split/test\dandelion\4893356345_24d67eff9f_m.jpg,dandelion,dandelion
E:/8semproject/dataset_split/test\dandelion\494108764_e00178af6e.jpg,dandelion,amala
E:/8semproject/dataset_split/test\dandelion\5024965767_230f140d60_n.jpg,dandelion,dandelion
E:/8semproject/dataset_split/test\dandelion\510897767_918260db93.jpg,dandelion,dandelion
E:/8semproject/dataset_split/test\dandelion\515143813_b3afb08bf9.jpg,dandelion,dandelion
E:/8semproject/dataset_split/test\dandelion\5598014250_684c28bd5c_n.jpg,dandelion,dandelion
E:/8semproject/dataset_split/test\dandelion\5598591979_ed9af1b3e9_n.jpg,dandelion,dandelion
E:/8semproject/dataset_split/test\dandelion\5613466853_e476bb080e.jpg,dandelion,dandelion
E:/8semproject/dataset_split/test\dandelion\5623492051_8e5ce438bd.jpg,dandelion,gulbahar
E:/8semproject/dataset_split/test\dandelion\5623855601_ecaebdb8fe.jpg,dandelion,dandelion
E:/8semproject/dataset_split/test\dandelion\5642429835_a0cbf1bab7_n.jpg,dandelion,dandelion
E:/8semproject/dataset_split/test\dandelion\5644234724_cb0917ee33_m.jpg,dandelion,daisy
E:/8semproject/dataset_split/test\dandelion\5655177340_78fc36ce59_m.jpg,dandelion,dandelion
E:/8semproject/dataset_split/test\dandelion\5670543216_8c4cb0caa8_m.jpg,dandelion,dandelion
E:/8semproject/dataset_split/test\dandelion\5673112305_02fe19297b_n.jpg,dandelion,daisy
E:/8semproject/dataset_split/test\dandelion\5676682203_70d797f760.jpg,dandelion,dandelion
E:/8semproject/dataset_split/test\dandelion\5715788902_9dd2b4ef1d.jpg,dandelion,dandelion
E:/8semproject/dataset_split/test\dandelion\5716633491_55e6f02645_n.jpg,dandelion,dandelion
E:/8semproject/dataset_split/test\dandelion\5733004219_a0ba411bfa_n.jpg,dandelion,dandelion
E:/8semproject/dataset_split/test\dandelion\5744236092_de84b4e38d_n.jpg,dandelion,dandelion
E:/8semproject/dataset_split/test\dandelion\5745882709_fb6fc8f02a_n.jpg,dandelion,gulbahar
E:/8semproject/dataset_split/test\dandelion\5757012454_c37f305b73.jpg,dandelion,dandelion
E:/8semproject/dataset_split/test\dandelion\5767676943_4f9c7323f3_n.jpg,dandelion,gulbahar
E:/8semproject/dataset_split/test\dandelion\5772194932_60b833091f.jpg,dandelion,dandelion
E:/8semproject/dataset_split/test\dandelion\578938011_34918b1468.jpg,dandelion,dandelion
E:/8semproject/dataset_split/test\dandelion\5873232330_59818dee03_n.jpg,dandelion,dandelion
E:/8semproject/dataset_split/test\dandelion\6035460327_4bbb708eab_n.jpg,dandelion,dandelion
E:/8semproject/dataset_split/test\dandelion\6044710875_0459796d1b_m.jpg,dandelion,dandelion
E:/8semproject/dataset_split/test\dandelion\6104442744_ee2bcd32e7_n.jpg,dandelion,dandelion
E:/8semproject/dataset_split/test\dandelion\6250363717_17732e992e_n.jpg,dandelion,gulbahar
E:/8semproject/dataset_split/test\dandelion\6918170172_3215766bf4_m.jpg,dandelion,dandelion
E:/8semproject/dataset_split/test\dandelion\6953830582_8525e0423c_n.jpg,dandelion,dandelion
E:/8semproject/dataset_split/test\dandelion\6983105424_f33cc9b08d_m.jpg,dandelion,dandelion
E:/8semproject/dataset_split/test\dandelion\6994925894_030e157fe0.jpg,dandelion,dandelion
E:/8semproject/dataset_split/test\dandelion\6994933428_307b092ce7_m.jpg,dandelion,gulbahar
E:/8semproject/dataset_split/test\dandelion\7004645518_ff0f862eff_n.jpg,dandelion,dandelion
E:/8semproject/dataset_split/test\dandelion\7062171343_db61c92737_n.jpg,dandelion,dandelion
E:/8semproject/dataset_split/test\dandelion\7083589767_2859993846_n.jpg,dandelion,dandelion
E:/8semproject/dataset_split/test\dandelion\7099259755_1c66420206_n.jpg,dandelion,gulbahar
E:/8semproject/dataset_split/test\dandelion\7132482331_01769e36e9_n.jpg,dandelion,dandelion
E:/8semproject/dataset_split/test\dandelion\7132676187_7a4265b16f_n.jpg,dandelion,dandelion
E:/8semproject/dataset_split/test\dandelion\7148085703_b9e8bcd6ca_n.jpg,dandelion,gulbahar
E:/8semproject/dataset_split/test\dandelion\7153497513_076486e26b_n.jpg,dandelion,daisy
E:/8semproject/dataset_split/test\dandelion\7193058132_36fd883048_m.jpg,dandelion,dandelion
E:/8semproject/dataset_split/test\dandelion\7222962522_36952a67b6_n.jpg,dandelion,dandelion
E:/8semproject/dataset_split/test\dandelion\7232035352_84a39e99ba_n.jpg,dandelion,gulbahar
E:/8semproject/dataset_split/test\dandelion\7247192002_39b79998f0_n.jpg,dandelion,gulbahar
E:/8semproject/dataset_split/test\dandelion\7249354462_21925f7d95_n.jpg,dandelion,dandelion
E:/8semproject/dataset_split/test\dandelion\7262863194_682209e9fb.jpg,dandelion,gulbahar
E:/8semproject/dataset_split/test\dandelion\7267547016_c8903920bf.jpg,dandelion,gulbahar
E:/8semproject/dataset_split/test\dandelion\7280217714_fb9ffccf2d_n.jpg,dandelion,dandelion
E:/8semproject/dataset_split/test\dandelion\7280222348_a87725ca77.jpg,dandelion,dandelion
E:/8semproject/dataset_split/test\dandelion\7280227122_7ea2bef7f4_n.jpg,dandelion,dandelion
E:/8semproject/dataset_split/test\dandelion\7291185504_b740bbeba4_m.jpg,dandelion,dandelion
E:/8semproject/dataset_split/test\dandelion\7308600792_27cff2f73f.jpg,dandelion,dandelion
E:/8semproject/dataset_split/test\dandelion\7315832212_b0ceeb8de8_n.jpg,dandelion,dandelion
E:/8semproject/dataset_split/test\dandelion\7355522_b66e5d3078_m.jpg,dandelion,amala
E:/8semproject/dataset_split/test\dandelion\7368435774_0045b9dc4e.jpg,dandelion,dandelion
E:/8semproject/dataset_split/test\dandelion\7368449232_c99f49b2e6_n.jpg,dandelion,dandelion
E:/8semproject/dataset_split/test\dandelion\7401173270_ebaf04c9b0_n.jpg,dandelion,gulbahar
E:/8semproject/dataset_split/test\dandelion\7425858848_d04dab08dd_n.jpg,dandelion,dandelion
E:/8semproject/dataset_split/test\dandelion\7469617666_0e1a014917.jpg,dandelion,dandelion
E:/8semproject/dataset_split/test\dandelion\7808430998_31ba639031_n.jpg,dandelion,dandelion
E:/8semproject/dataset_split/test\dandelion\7843447416_847e6ba7f4_m.jpg,dandelion,gulbahar
E:/8semproject/dataset_split/test\dandelion\8058286066_acdf082487_n.jpg,dandelion,dandelion
E:/8semproject/dataset_split/test\dandelion\808239968_318722e4db.jpg,dandelion,dandelion
E:/8semproject/dataset_split/test\dandelion\8181477_8cb77d2e0f_n.jpg,dandelion,gulbahar
E:/8semproject/dataset_split/test\dandelion\8194560480_bfc1fb5801.jpg,dandelion,dandelion
E:/8semproject/dataset_split/test\dandelion\8376558865_19c5cd6fd6_n.jpg,dandelion,gulbahar
E:/8semproject/dataset_split/test\dandelion\8475758_4c861ab268_m.jpg,dandelion,dandelion
E:/8semproject/dataset_split/test\dandelion\8497389500_45636fdd14.jpg,dandelion,dandelion
E:/8semproject/dataset_split/test\dandelion\8533312924_ee09412645_n.jpg,dandelion,gulbahar
E:/8semproject/dataset_split/test\dandelion\854593001_c57939125f_n.jpg,dandelion,gulbahar
E:/8semproject/dataset_split/test\dandelion\8681420404_6ae114f036_n.jpg,dandelion,dandelion
E:/8semproject/dataset_split/test\dandelion\8687729737_a7fbeded2c_m.jpg,dandelion,dandelion
E:/8semproject/dataset_split/test\dandelion\8689302100_be76a16ccc_n.jpg,dandelion,dandelion
E:/8semproject/dataset_split/test\dandelion\8691437509_9ac8441db7_n.jpg,dandelion,dandelion
E:/8semproject/dataset_split/test\dandelion\8707349105_6d06b543b0.jpg,dandelion,dandelion
E:/8semproject/dataset_split/test\dandelion\8716513637_2ba0c4e6cd_n.jpg,dandelion,dandelion
E:/8semproject/dataset_split/test\dandelion\8717161615_4c1e403083.jpg,dandelion,dandelion
E:/8semproject/dataset_split/test\dandelion\8717787983_c83bdf39fe_n.jpg,dandelion,dandelion
E:/8semproject/dataset_split/test\dandelion\8719032054_9a3ce4f0ff.jpg,dandelion,dandelion
E:/8semproject/dataset_split/test\dandelion\8719388716_1a392c4c0e_n.jpg,dandelion,dandelion
E:/8semproject/dataset_split/test\dandelion\8727612532_6f3d0904aa_n.jpg,dandelion,dandelion
E:/8semproject/dataset_split/test\dandelion\8733226215_161309f8ec.jpg,dandelion,dandelion
E:/8semproject/dataset_split/test\dandelion\8738317694_eca2ce3bfc_n.jpg,dandelion,dandelion
E:/8semproject/dataset_split/test\dandelion\8739657154_6db14796c9.jpg,dandelion,dandelion
E:/8semproject/dataset_split/test\dandelion\8748402330_c00f9fbf7f_n.jpg,dandelion,dandelion
E:/8semproject/dataset_split/test\dandelion\8749577087_dc2521615f_n.jpg,dandelion,gulbahar
E:/8semproject/dataset_split/test\dandelion\8754822932_948afc7cef.jpg,dandelion,dandelion
E:/8semproject/dataset_split/test\dandelion\8757650550_113d7af3bd.jpg,dandelion,dandelion
E:/8semproject/dataset_split/test\dandelion\8759118120_9eac064e38_n.jpg,dandelion,dandelion
E:/8semproject/dataset_split/test\dandelion\8797114213_103535743c_m.jpg,dandelion,dandelion
E:/8semproject/dataset_split/test\dandelion\8805314187_1aed702082_n.jpg,dandelion,dandelion
E:/8semproject/dataset_split/test\dandelion\8831808134_315aedb37b.jpg,dandelion,dandelion
E:/8semproject/dataset_split/test\dandelion\8842317179_d59cf218cb_n.jpg,dandelion,gulbahar
E:/8semproject/dataset_split/test\dandelion\8880158802_6e10a452c7_m.jpg,dandelion,dandelion
E:/8semproject/dataset_split/test\dandelion\8915661673_9a1cdc3755_m.jpg,dandelion,gulbahar
E:/8semproject/dataset_split/test\dandelion\8935477500_89f22cca03_n.jpg,dandelion,gulbahar
E:/8semproject/dataset_split/test\dandelion\8952484062_31d1d97e45.jpg,dandelion,daisy
E:/8semproject/dataset_split/test\dandelion\8963359346_65ca69c59d_n.jpg,dandelion,gulbahar
E:/8semproject/dataset_split/test\dandelion\8966818334_483f4489be_n.jpg,dandelion,dandelion
E:/8semproject/dataset_split/test\dandelion\8979087213_28f572174c.jpg,dandelion,dandelion
E:/8semproject/dataset_split/test\dandelion\8981828144_4b66b4edb6_n.jpg,dandelion,dandelion
E:/8semproject/dataset_split/test\dandelion\9029756865_db8891807a_n.jpg,dandelion,dandelion
E:/8semproject/dataset_split/test\dandelion\9152356642_06ae73113f.jpg,dandelion,dandelion
E:/8semproject/dataset_split/test\dandelion\921252114_91e334b950.jpg,dandelion,dandelion
E:/8semproject/dataset_split/test\dandelion\9300335851_cdf1cef7a9.jpg,dandelion,dandelion
E:/8semproject/dataset_split/test\dandelion\9517326597_5d116a0166.jpg,dandelion,dandelion
E:/8semproject/dataset_split/test\dandelion\9595369280_dd88b61814.jpg,dandelion,dandelion
E:/8semproject/dataset_split/test\dandelion\9726260379_4e8ee66875_m.jpg,dandelion,dandelion
E:/8semproject/dataset_split/test\dandelion\9759608055_9ab623d193.jpg,dandelion,dandelion
E:/8semproject/dataset_split/test\dandelion\98992760_53ed1d26a9.jpg,dandelion,dandelion
E:/8semproject/dataset_split/test\dandelion\9939430464_5f5861ebab.jpg,dandelion,dandelion
E:/8semproject/dataset_split/test\gulbahar\-picture-id162823299.jpg,gulbahar,gulbahar
E:/8semproject/dataset_split/test\gulbahar\00366D__Gerbera_Daisy_White_Flower.jpg,gulbahar,gulbahar
E:/8semproject/dataset_split/test\gulbahar\003bcac6c42067bec7b7dff7cf77b6b519b5cb93.jpg,gulbahar,gulbahar
E:/8semproject/dataset_split/test\gulbahar\009f0798978d5702db6c8d201823347842973d4b.jpg,gulbahar,gulbahar
E:/8semproject/dataset_split/test\gulbahar\00c469a7e4f94e1735c14db297d7358765dacb49.jpg,gulbahar,gulbahar
E:/8semproject/dataset_split/test\gulbahar\014da651aa27e9a2fa0f68b8dc47a6cacf75ab68.jpg,gulbahar,gulbahar
E:/8semproject/dataset_split/test\gulbahar\017c10e52ed1c95ef0e094ff6e5660856a8c42c3.jpg,gulbahar,gulbahar
E:/8semproject/dataset_split/test\gulbahar\02ddf5260cdf87b9849d4c7e5748a0646a65d4e8.jpg,gulbahar,gulbahar
E:/8semproject/dataset_split/test\gulbahar\03aef4c37eec1b48465e0f28ea2cedd82101df73.jpg,gulbahar,gulbahar
E:/8semproject/dataset_split/test\gulbahar\03ed6415d98433cc69521e4605d468d7310f7acc.jpg,gulbahar,gulbahar
E:/8semproject/dataset_split/test\gulbahar\04ee2a7f95f0b9f143f58c2cd07837b2411a0833.jpg,gulbahar,gulbahar
E:/8semproject/dataset_split/test\gulbahar\04ee63413f156d699a6cd77283907a884923cf98.jpg,gulbahar,gulbahar
E:/8semproject/dataset_split/test\gulbahar\04fe8dfb3d9995465e1b76972c48ff1978551a96.jpg,gulbahar,dandelion
E:/8semproject/dataset_split/test\gulbahar\07cc6426e002416dc3dbb644e87e4f6babe1c72d.jpg,gulbahar,gulbahar
E:/8semproject/dataset_split/test\gulbahar\08a8f67f7c81fd6c125d12cc24d0cda970b83ca7.jpg,gulbahar,gulbahar
E:/8semproject/dataset_split/test\gulbahar\0b996c3092254a5c05ffb7a8fae124796f76d866.jpg,gulbahar,gulbahar
E:/8semproject/dataset_split/test\gulbahar\0f5b43881bb7cce1492bb2936e886b0b3c90efe9.jpg,gulbahar,gulbahar
E:/8semproject/dataset_split/test\gulbahar\100080576_f52e8ee070_n.jpg,gulbahar,dandelion
E:/8semproject/dataset_split/test\gulbahar\10712722853_5632165b04.jpg,gulbahar,gulbahar
E:/8semproject/dataset_split/test\gulbahar\10770585085_4742b9dac3_n.jpg,gulbahar,dandelion
E:/8semproject/dataset_split/test\gulbahar\11023214096_b5b39fab08.jpg,gulbahar,gulbahar
E:/8semproject/dataset_split/test\gulbahar\11023277956_8980d53169_m.jpg,gulbahar,gulbahar
E:/8semproject/dataset_split/test\gulbahar\1150395827_6f94a5c6e4_n.jpg,gulbahar,dandelion
E:/8semproject/dataset_split/test\gulbahar\11870378973_2ec1919f12.jpg,gulbahar,dandelion
E:/8semproject/dataset_split/test\gulbahar\11e4045c07ece93ad680bce484e82f630ba1c4d7.jpg,gulbahar,gulbahar
E:/8semproject/dataset_split/test\gulbahar\12348343085_d4c396e5b5_m.jpg,gulbahar,dandelion
E:/8semproject/dataset_split/test\gulbahar\1265350143_6e2b276ec9.jpg,gulbahar,daisy
E:/8semproject/dataset_split/test\gulbahar\1285423653_18926dc2c8_n.jpg,gulbahar,gulbahar
E:/8semproject/dataset_split/test\gulbahar\1286274236_1d7ac84efb_n.jpg,gulbahar,gulbahar
E:/8semproject/dataset_split/test\gulbahar\1299501272_59d9da5510_n.jpg,gulbahar,gulbahar
E:/8semproject/dataset_split/test\gulbahar\1314069875_da8dc023c6_m.jpg,gulbahar,dandelion
E:/8semproject/dataset_split/test\gulbahar\1342002397_9503c97b49.jpg,gulbahar,rose
E:/8semproject/dataset_split/test\gulbahar\13491959645_2cd9df44d6_n.jpg,gulbahar,dandelion
E:/8semproject/dataset_split/test\gulbahar\1354396826_2868631432_m.jpg,gulbahar,gulbahar
E:/8semproject/dataset_split/test\gulbahar\1374193928_a52320eafa.jpg,gulbahar,daisy
E:/8semproject/dataset_split/test\gulbahar\13826249325_f61cb15f86_n.jpg,gulbahar,gulbahar
E:/8semproject/dataset_split/test\gulbahar\1396526833_fb867165be_n.jpg,gulbahar,dandelion
E:/8semproject/dataset_split/test\gulbahar\13c23ce158db4e908129bab8baba94d08ceeada6.jpg,gulbahar,gulbahar
E:/8semproject/dataset_split/test\gulbahar\13fbf93e3651d316bf719142078013282694d7c0.jpg,gulbahar,gulbahar
E:/8semproject/dataset_split/test\gulbahar\14088053307_1a13a0bf91_n.jpg,gulbahar,dandelion
E:/8semproject/dataset_split/test\gulbahar\14221836990_90374e6b34.jpg,gulbahar,daisy
E:/8semproject/dataset_split/test\gulbahar\14221848160_7f0a37c395.jpg,gulbahar,dandelion
E:/8semproject/dataset_split/test\gulbahar\14272874304_47c0a46f5a.jpg,gulbahar,gulbahar
E:/8semproject/dataset_split/test\gulbahar\14372713423_61e2daae88.jpg,gulbahar,gulbahar
E:/8semproject/dataset_split/test\gulbahar\1437669116-gettyimages-186857150.jpg,gulbahar,gulbahar
E:/8semproject/dataset_split/test\gulbahar\14402451388_56545a374a_n.jpg,gulbahar,dandelion
E:/8semproject/dataset_split/test\gulbahar\14485782498_fb342ec301.jpg,gulbahar,gulbahar
E:/8semproject/dataset_split/test\gulbahar\14554906452_35f066ffe9_n.jpg,gulbahar,gulbahar
E:/8semproject/dataset_split/test\gulbahar\14907815010_bff495449f.jpg,gulbahar,dandelion
E:/8semproject/dataset_split/test\gulbahar\14af49b35d29f43875491dca40606b4396d1f320.jpg,gulbahar,gulbahar
E:/8semproject/dataset_split/test\gulbahar\14ebcc53a2d824effcfbca3a812915ef679fe2d5.jpg,gulbahar,gulbahar
E:/8semproject/dataset_split/test\gulbahar\15207766_fc2f1d692c_n.jpg,gulbahar,gulbahar
E:/8semproject/dataset_split/test\gulbahar\154332674_453cea64f4.jpg,gulbahar,daisy
E:/8semproject/dataset_split/test\gulbahar\15760153042_a2a90e9da5_m.jpg,gulbahar,gulbahar
E:/8semproject/dataset_split/test\gulbahar\15813862117_dedcd1c56f_m.jpg,gulbahar,gulbahar
E:/8semproject/dataset_split/test\gulbahar\15cbe3f687e3d4dce860aacf086d013588b2c9a2.jpg,gulbahar,gulbahar
E:/8semproject/dataset_split/test\gulbahar\16020253176_60f2a6a5ca_n.jpg,gulbahar,gulbahar
E:/8semproject/dataset_split/test\gulbahar\16121105382_b96251e506_m.jpg,gulbahar,gulbahar
E:/8semproject/dataset_split/test\gulbahar\16482676953_5296227d40_n.jpg,gulbahar,daisy
E:/8semproject/dataset_split/test\gulbahar\16833748795_b681b2839f_n.jpg,gulbahar,gulbahar
E:/8semproject/dataset_split/test\gulbahar\176375506_201859bb92_m.jpg,gulbahar,gulbahar
E:/8semproject/dataset_split/test\gulbahar\18023717391_e2c9089e10.jpg,gulbahar,gulbahar
E:/8semproject/dataset_split/test\gulbahar\18400014056_2e4c601ed5.jpg,gulbahar,dandelion
E:/8semproject/dataset_split/test\gulbahar\18582579815_4c6637e9ff_m.jpg,gulbahar,daisy
E:/8semproject/dataset_split/test\gulbahar\18684594849_7dd3634f5e_n.jpg,gulbahar,dandelion
E:/8semproject/dataset_split/test\gulbahar\18711159980_11d3bd5042.jpg,gulbahar,daisy
E:/8semproject/dataset_split/test\gulbahar\18d854e22c81ba2b9e919dd73903fa6bbbcd627f.jpg,gulbahar,gulbahar
E:/8semproject/dataset_split/test\gulbahar\19019544592_b64469bf84_n.jpg,gulbahar,dandelion
E:/8semproject/dataset_split/test\gulbahar\19527362416_8bdcbefb8b_n.jpg,gulbahar,daisy
E:/8semproject/dataset_split/test\gulbahar\19975899671_ebc42b7865_n.jpg,gulbahar,dandelion
E:/8semproject/dataset_split/test\gulbahar\1a39a497c15302f9a75e875940be897b555045c6.jpg,gulbahar,gulbahar
E:/8semproject/dataset_split/test\gulbahar\1ac7fb39703ff200b5f10055de121703db6f69ad.jpg,gulbahar,gulbahar
E:/8semproject/dataset_split/test\gulbahar\1be1d76cb560758791fff0ba41eed06c3f3e56d1.jpg,gulbahar,gulbahar
E:/8semproject/dataset_split/test\gulbahar\1beedf52db4c40519caf7bb841f93dc0d37ad269.jpg,gulbahar,gulbahar
E:/8semproject/dataset_split/test\gulbahar\1c482ae7a3ccbcd6e447b26f1ef074f8cb6afd89.jpg,gulbahar,gulbahar
E:/8semproject/dataset_split/test\gulbahar\1d8f27b38cc60abb0caa6362a6274684f12d63cf.jpg,gulbahar,gulbahar
E:/8semproject/dataset_split/test\gulbahar\1ddd3d1c1af7f10fdc60169a64a1380aff601217.jpg,gulbahar,gulbahar
E:/8semproject/dataset_split/test\gulbahar\1f027d48e4013443aae242af5f0ca6fe51ab3b38.jpg,gulbahar,gulbahar
E:/8semproject/dataset_split/test\gulbahar\2001380507_19488ff96a_n.jpg,gulbahar,dandelion
E:/8semproject/dataset_split/test\gulbahar\2077865117_9ed85191ae_n.jpg,gulbahar,gulbahar
E:/8semproject/dataset_split/test\gulbahar\2087343668_ef4fb95787_n.jpg,gulbahar,dandelion
E:/8semproject/dataset_split/test\gulbahar\20948886919_cac7844f34_n.jpg,gulbahar,dandelion
E:/8semproject/dataset_split/test\gulbahar\21a606047aa10e33c9c2e814ad5ad2eb5ba810f3.jpg,gulbahar,dandelion
E:/8semproject/dataset_split/test\gulbahar\2331133004_582772d58f_m.jpg,gulbahar,dandelion
E:/8semproject/dataset_split/test\gulbahar\2346726545_2ebce2b2a6.jpg,gulbahar,daisy
E:/8semproject/dataset_split/test\gulbahar\2365428551_39f83f10bf_n.jpg,gulbahar,gulbahar
E:/8semproject/dataset_split/test\gulbahar\2454280137_e1637536ae_n.jpg,gulbahar,dandelion
E:/8semproject/dataset_split/test\gulbahar\2473825306_62fd5f8785_n.jpg,gulbahar,daisy
E:/8semproject/dataset_split/test\gulbahar\2476937534_21b285aa46_n.jpg,gulbahar,gulbahar
E:/8semproject/dataset_split/test\gulbahar\2479956481_8d1a9699be_n.jpg,gulbahar,gulbahar
E:/8semproject/dataset_split/test\gulbahar\2482982436_a2145359e0_n.jpg,gulbahar,dandelion
E:/8semproject/dataset_split/test\gulbahar\2511306240_9047015f2d_n.jpg,gulbahar,gulbahar
E:/8semproject/dataset_split/test\gulbahar\2513618768_ff7c004796_m.jpg,gulbahar,gulbahar
E:/8semproject/dataset_split/test\gulbahar\25360380_1a881a5648.jpg,gulbahar,gulbahar
E:/8semproject/dataset_split/test\gulbahar\2536529152_33ef3ee078_n.jpg,gulbahar,daisy
E:/8semproject/dataset_split/test\gulbahar\2538504987_fe524b92a8_n.jpg,gulbahar,dandelion
E:/8semproject/dataset_split/test\gulbahar\2579018590_74359dcf1a_m.jpg,gulbahar,dandelion
E:/8semproject/dataset_split/test\gulbahar\2599662355_7782218c83.jpg,gulbahar,gulbahar
E:/8semproject/dataset_split/test\gulbahar\2617111535_54c2ac8462.jpg,gulbahar,dandelion
E:/8semproject/dataset_split/test\gulbahar\26d8b2fb0d2ab06961630a2c7e2a0da9d4b00910.jpg,gulbahar,gulbahar
E:/8semproject/dataset_split/test\gulbahar\28056118836_77a6847d94_n.jpg,gulbahar,gulbahar
E:/8semproject/dataset_split/test\gulbahar\2812442552_3eed5fb9f2_m.jpg,gulbahar,gulbahar
E:/8semproject/dataset_split/test\gulbahar\2838487505_6c3b48efa5_m.jpg,gulbahar,daisy
E:/8semproject/dataset_split/test\gulbahar\2862944799_45bc8e7302.jpg,gulbahar,daisy
E:/8semproject/dataset_split/test\gulbahar\286875003_f7c0e1882d.jpg,gulbahar,gulbahar
E:/8semproject/dataset_split/test\gulbahar\28ae893a007fb567ed239d284d10a9f813a47077.jpg,gulbahar,gulbahar
E:/8semproject/dataset_split/test\gulbahar\2901376034_cdb4bac26b_m.jpg,gulbahar,gulbahar
E:/8semproject/dataset_split/test\gulbahar\294451721_5106537b34.jpg,gulbahar,gulbahar
E:/8semproject/dataset_split/test\gulbahar\29bec7e226d233b3f49d4dcd4f8a58710fefccbe.jpg,gulbahar,dandelion
E:/8semproject/dataset_split/test\gulbahar\2a2de3ed55d238e82ee693b54a13237e2cc4c6d9.jpg,gulbahar,gulbahar
E:/8semproject/dataset_split/test\gulbahar\2b6a9e3f5a3dcfdb4bc0142e0e72ef095f37ad06.jpg,gulbahar,gulbahar
E:/8semproject/dataset_split/test\gulbahar\2b996b8ba41e5a384365a422b7f6bb155cde9204.jpg,gulbahar,gulbahar
E:/8semproject/dataset_split/test\gulbahar\2bca2889a5a9b59a1a4f2ab60445cd06f5308a55.jpg,gulbahar,gulbahar
E:/8semproject/dataset_split/test\gulbahar\2e1acfe369140b72960a5c3d084f990cb6a68821.jpg,gulbahar,dandelion
E:/8semproject/dataset_split/test\gulbahar\2e66b9e903b7037d36ae4a9027acec9403b0fdd4.jpg,gulbahar,gulbahar
E:/8semproject/dataset_split/test\gulbahar\2ff53da3580310e34148c77e0d81ca42f31cf138.jpg,gulbahar,gulbahar
E:/8semproject/dataset_split/test\gulbahar\301964511_fab84ea1c1.jpg,gulbahar,gulbahar
E:/8semproject/dataset_split/test\gulbahar\302782756_d35cb3e468.jpg,gulbahar,gulbahar
E:/8semproject/dataset_split/test\gulbahar\30cdd1961a0a42acfe8ca776e0f0f18d68225b87.jpg,gulbahar,gulbahar
E:/8semproject/dataset_split/test\gulbahar\31acb1e2cf3962020f939b8ac2a81778eb9617d3.jpg,gulbahar,gulbahar
E:/8semproject/dataset_split/test\gulbahar\31cfbde7a6536c6c38be3fc5ba9fb041f225ab70.jpg,gulbahar,gulbahar
E:/8semproject/dataset_split/test\gulbahar\31f2b943598a72483bc367dd1019d29799934111.jpg,gulbahar,gulbahar
E:/8semproject/dataset_split/test\gulbahar\3275951182_d27921af97_n.jpg,gulbahar,dandelion
E:/8semproject/dataset_split/test\gulbahar\32cc3235e140beb506379fa9f43bfa88c6ad83f4.jpg,gulbahar,gulbahar
E:/8semproject/dataset_split/test\gulbahar\33-1196544541.jpg,gulbahar,dandelion
E:/8semproject/dataset_split/test\gulbahar\3310644753_5607eb96a4_m.jpg,gulbahar,gulbahar
E:/8semproject/dataset_split/test\gulbahar\3326037909_b5ae370722_n.jpg,gulbahar,gulbahar
E:/8semproject/dataset_split/test\gulbahar\3337536080_1db19964fe.jpg,gulbahar,daisy
E:/8semproject/dataset_split/test\gulbahar\3337643329_accc9b5426.jpg,gulbahar,gulbahar
E:/8semproject/dataset_split/test\gulbahar\3338077096_3a8ed0e2bc_m.jpg,gulbahar,gulbahar
E:/8semproject/dataset_split/test\gulbahar\33802431204_7c58f4e21b_n.jpg,gulbahar,daisy
E:/8semproject/dataset_split/test\gulbahar\33806101464_5eca772954_n.jpg,gulbahar,gulbahar
E:/8semproject/dataset_split/test\gulbahar\33814092924_b23d019011_n.jpg,gulbahar,dandelion
E:/8semproject/dataset_split/test\gulbahar\33849854704_d2a2415e4d_n.jpg,gulbahar,gulbahar
E:/8semproject/dataset_split/test\gulbahar\33858238653_6549e21f53_n.jpg,gulbahar,gulbahar
E:/8semproject/dataset_split/test\gulbahar\33863293993_3ed7515936_n.jpg,gulbahar,daisy
E:/8semproject/dataset_split/test\gulbahar\33911247013_82a1acfcea_n.jpg,gulbahar,rose
E:/8semproject/dataset_split/test\gulbahar\34293871550_71d1e4d482_n.jpg,gulbahar,dandelion
E:/8semproject/dataset_split/test\gulbahar\34295444880_b4376b3a8b_n.jpg,gulbahar,dandelion
E:/8semproject/dataset_split/test\gulbahar\34300874850_923cc2881c_n.jpg,gulbahar,rose
E:/8semproject/dataset_split/test\gulbahar\34312496620_bc01a98aeb_n.jpg,gulbahar,gulbahar
E:/8semproject/dataset_split/test\gulbahar\34476770012_38fba290f3_n.jpg,gulbahar,daisy
E:/8semproject/dataset_split/test\gulbahar\34486116262_411e6991f4_n.jpg,gulbahar,gulbahar
E:/8semproject/dataset_split/test\gulbahar\34522174462_b7cbee3ecb_n.jpg,gulbahar,dandelion
E:/8semproject/dataset_split/test\gulbahar\34539556222_f7ba32f704_n.jpg,gulbahar,dandelion
E:/8semproject/dataset_split/test\gulbahar\34540176411_a35a19a8ef_n.jpg,gulbahar,dandelion
E:/8semproject/dataset_split/test\gulbahar\34546791291_eb8e15e18a_n.jpg,gulbahar,dandelion
E:/8semproject/dataset_split/test\gulbahar\34562146951_cf3d2a627c_n.jpg,gulbahar,dandelion
E:/8semproject/dataset_split/test\gulbahar\3456403987_5bd5fa6ece_n.jpg,gulbahar,dandelion
E:/8semproject/dataset_split/test\gulbahar\34571214621_f655295459_n.jpg,gulbahar,sunflower
E:/8semproject/dataset_split/test\gulbahar\34585331601_837dbe5254_n.jpg,gulbahar,dandelion
E:/8semproject/dataset_split/test\gulbahar\34590677231_0ed33ccd55_n.jpg,gulbahar,gulbahar
E:/8semproject/dataset_split/test\gulbahar\3463313493_9497aa47e5_n.jpg,gulbahar,dandelion
E:/8semproject/dataset_split/test\gulbahar\34643914016_2e659d6e82_n.jpg,gulbahar,daisy
E:/8semproject/dataset_split/test\gulbahar\34682895116_88ef018e83_n.jpg,gulbahar,dandelion
E:/8semproject/dataset_split/test\gulbahar\34693373736_9ce6d9e1c3_n.jpg,gulbahar,gulbahar
E:/8semproject/dataset_split/test\gulbahar\34701078235_4a770d14a1_n.jpg,gulbahar,dandelion
E:/8semproject/dataset_split/test\gulbahar\34727863665_b00ac77266_n.jpg,gulbahar,dandelion
E:/8semproject/dataset_split/test\gulbahar\34729724865_787c98299d_n.jpg,gulbahar,dandelion
E:/8semproject/dataset_split/test\gulbahar\34733243845_29f1c30634_n.jpg,gulbahar,gulbahar
E:/8semproject/dataset_split/test\gulbahar\3475870145_685a19116d.jpg,gulbahar,dandelion
E:/8semproject/dataset_split/test\gulbahar\3494265422_9dba8f2191_n.jpg,gulbahar,dandelion
E:/8semproject/dataset_split/test\gulbahar\3546455114_cd2dea5e02.jpg,gulbahar,dandelion
E:/8semproject/dataset_split/test\gulbahar\3552074420_2a0a7166db_m.jpg,gulbahar,gulbahar
E:/8semproject/dataset_split/test\gulbahar\3588872598_e0f9a1d2a1_m.jpg,gulbahar,dandelion
E:/8semproject/dataset_split/test\gulbahar\3611577717_f3a7a8c416_n.jpg,gulbahar,dandelion
E:/8semproject/dataset_split/test\gulbahar\3627678863_557552c879_m.jpg,gulbahar,gulbahar
E:/8semproject/dataset_split/test\gulbahar\3628485766_4ff937954a_n.jpg,gulbahar,gulbahar
E:/8semproject/dataset_split/test\gulbahar\3661613900_b15ca1d35d_m.jpg,gulbahar,gulbahar
E:/8semproject/dataset_split/test\gulbahar\3695826945_9f374e8a00_m.jpg,gulbahar,gulbahar
E:/8semproject/dataset_split/test\gulbahar\3699235066_fc09a02dfe_m.jpg,gulbahar,dandelion
E:/8semproject/dataset_split/test\gulbahar\3711723108_65247a3170.jpg,gulbahar,gulbahar
E:/8semproject/dataset_split/test\gulbahar\3750771898_cfd50090ba_n.jpg,gulbahar,dandelion
E:/8semproject/dataset_split/test\gulbahar\3758221664_b19116d61f.jpg,gulbahar,daisy
E:/8semproject/dataset_split/test\gulbahar\37df3eb0-7499-4e7a-98b3-63c1f95d713b.c82831b2eeb24357a238aab75de34516.jpeg,gulbahar,gulbahar
E:/8semproject/dataset_split/test\gulbahar\3939135368_0af5c4982a_n.jpg,gulbahar,dandelion
E:/8semproject/dataset_split/test\gulbahar\3999978867_c67c79597f_m.jpg,gulbahar,gulbahar
E:/8semproject/dataset_split/test\gulbahar\3a4eca95f26f8efdbfcbb0cc14cc9df2f914a897.jpg,gulbahar,gulbahar
E:/8semproject/dataset_split/test\gulbahar\3ae98c5693a7c9b53d2dc3cb3fe501ee4a4143ad.jpg,gulbahar,gulbahar
E:/8semproject/dataset_split/test\gulbahar\3de5f420612c6aecce61d40fa2b5e3ad19ba3b5b.jpg,gulbahar,gulbahar
E:/8semproject/dataset_split/test\gulbahar\3f62c2fd3f93a9d4b1bc383821e667c7d46e6723.jpg,gulbahar,gulbahar
E:/8semproject/dataset_split/test\gulbahar\3fc29aaae28b77ed35b56d8859ccdf8e9582cdc9.jpg,gulbahar,gulbahar
E:/8semproject/dataset_split/test\gulbahar\413815348_764ae83088.jpg,gulbahar,gulbahar
E:/8semproject/dataset_split/test\gulbahar\422094774_28acc69a8b_n.jpg,gulbahar,daisy
E:/8semproject/dataset_split/test\gulbahar\4222584034_8964cbd3de.jpg,gulbahar,dandelion
E:/8semproject/dataset_split/test\gulbahar\4229503616_9b8a42123c_n.jpg,gulbahar,gulbahar
E:/8semproject/dataset_split/test\gulbahar\4278442064_a5a598524b_m.jpg,gulbahar,gulbahar
E:/8semproject/dataset_split/test\gulbahar\4286053334_a75541f20b_m.jpg,gulbahar,gulbahar
E:/8semproject/dataset_split/test\gulbahar\4333085242_bbeb3e2841_m.jpg,gulbahar,gulbahar
E:/8semproject/dataset_split/test\gulbahar\4413849849_b8d2f3bcf1_n.jpg,gulbahar,daisy
E:/8semproject/dataset_split/test\gulbahar\4496202781_1d8e776ff5_n.jpg,gulbahar,dandelion
E:/8semproject/dataset_split/test\gulbahar\450128527_fd35742d44.jpg,gulbahar,gulbahar
E:/8semproject/dataset_split/test\gulbahar\4540555191_3254dc4608_n.jpg,gulbahar,gulbahar
E:/8semproject/dataset_split/test\gulbahar\4565255237_9ba29c4d4e_n.jpg,gulbahar,dandelion
E:/8semproject/dataset_split/test\gulbahar\47ce77e9bd18c425c3ded76c065b66353a93199c.jpg,gulbahar,gulbahar
E:/8semproject/dataset_split/test\gulbahar\4897587985_f9293ea1ed.jpg,gulbahar,gulbahar
E:/8semproject/dataset_split/test\gulbahar\4955671608_8d3862db05_n.jpg,gulbahar,dandelion
E:/8semproject/dataset_split/test\gulbahar\4b35bb5748440a142ce9ce928bf803668b87a368.jpg,gulbahar,gulbahar
E:/8semproject/dataset_split/test\gulbahar\4d8ad2727b0d8bbaf59dc07bd65522ee2f38a0c0.jpg,gulbahar,gulbahar
E:/8semproject/dataset_split/test\gulbahar\4e97dae8e2ed62eda30bf692aa3743e0ee566375.jpg,gulbahar,gulbahar
E:/8semproject/dataset_split/test\gulbahar\4f176e7f5dde016cf544348f592838d98c14acb4.jpg,gulbahar,gulbahar
E:/8semproject/dataset_split/test\gulbahar\4f863cafc9182e060948d3ac0372c8bfe52bba02.jpg,gulbahar,gulbahar
E:/8semproject/dataset_split/test\gulbahar\4ffcaeb0ef5efed2d9b5d9e41e6c124fa52f6da5.jpg,gulbahar,gulbahar
E:/8semproject/dataset_split/test\gulbahar\5054771689_00dd40b971_n.jpg,gulbahar,dandelion
E:/8semproject/dataset_split/test\gulbahar\5058708968_8bdcd29e63_n.jpg,gulbahar,dandelion
E:/8semproject/dataset_split/test\gulbahar\50da2c5a214c89b134ea5fc9627ce4cc38f78d44.jpg,gulbahar,gulbahar
E:/8semproject/dataset_split/test\gulbahar\5110110938_9da91455c4_m.jpg,gulbahar,gulbahar
E:/8semproject/dataset_split/test\gulbahar\512477177_d9004cbcf1_n.jpg,gulbahar,dandelion
E:/8semproject/dataset_split/test\gulbahar\517054463_036db655a1_m.jpg,gulbahar,gulbahar
E:/8semproject/dataset_split/test\gulbahar\51c0bbf4568ff8efa38fd0e55a90b59bb9301ef2.jpg,gulbahar,gulbahar
E:/8semproject/dataset_split/test\gulbahar\525780443_bba812c26a_m.jpg,gulbahar,gulbahar
E:/8semproject/dataset_split/test\gulbahar\530738000_4df7e4786b.jpg,gulbahar,tulip
E:/8semproject/dataset_split/test\gulbahar\534547364_3f6b7279d2_n.jpg,gulbahar,dandelion
E:/8semproject/dataset_split/test\gulbahar\538920244_59899a78f8_n.jpg,gulbahar,gulbahar
E:/8semproject/dataset_split/test\gulbahar\53f244452b3e9aff95d3b3e3f95743a1ee103bbf.jpg,gulbahar,gulbahar
E:/8semproject/dataset_split/test\gulbahar\54eae19705ad22bdf76f679a122d60dd168f57b6.jpg,gulbahar,gulbahar
E:/8semproject/dataset_split/test\gulbahar\5547758_eea9edfd54_n.jpg,gulbahar,dandelion
E:/8semproject/dataset_split/test\gulbahar\5586977262_6b24412805_n.jpg,gulbahar,dandelion
E:/8semproject/dataset_split/test\gulbahar\5602738326_97121e007d_n.jpg,gulbahar,dandelion
E:/8semproject/dataset_split/test\gulbahar\5608389827_a42a46f760.jpg,gulbahar,gulbahar
E:/8semproject/dataset_split/test\gulbahar\5673551_01d1ea993e_n.jpg,gulbahar,daisy
E:/8semproject/dataset_split/test\gulbahar\56d4f0f1aadf0766cf94225822b5b32348492a69.jpg,gulbahar,gulbahar
E:/8semproject/dataset_split/test\gulbahar\5765646947_82e95a9cc9_n.jpg,gulbahar,dandelion
E:/8semproject/dataset_split/test\gulbahar\5769217520_c90efc3c93_m.jpg,gulbahar,gulbahar
E:/8semproject/dataset_split/test\gulbahar\5794839_200acd910c_n.jpg,gulbahar,gulbahar
E:/8semproject/dataset_split/test\gulbahar\5809489674_5659b3ae5d_n.jpg,gulbahar,daisy
E:/8semproject/dataset_split/test\gulbahar\5883162120_dc7274af76_n.jpg,gulbahar,dandelion
E:/8semproject/dataset_split/test\gulbahar\5885826924_38fdc6bcaa_n.jpg,gulbahar,daisy
E:/8semproject/dataset_split/test\gulbahar\5896105367_fa08a65869_n.jpg,gulbahar,dandelion
E:/8semproject/dataset_split/test\gulbahar\5896674046_a4879f718e_n.jpg,gulbahar,sunflower
E:/8semproject/dataset_split/test\gulbahar\5896679822_5f60d35c33_n.jpg,gulbahar,sunflower
E:/8semproject/dataset_split/test\gulbahar\5896680664_641de2de5a_n.jpg,gulbahar,dandelion
E:/8semproject/dataset_split/test\gulbahar\5905504340_1d60fa9611_n.jpg,gulbahar,dandelion
E:/8semproject/dataset_split/test\gulbahar\5997702776_c7bc37aa6b_n.jpg,gulbahar,dandelion
E:/8semproject/dataset_split/test\gulbahar\5a10e1b320a6fd5e78ea4fae2adc7f1d9e65d982.jpg,gulbahar,gulbahar
E:/8semproject/dataset_split/test\gulbahar\5accb06308968c804b529491acc6c87540dc888b.jpg,gulbahar,gulbahar
E:/8semproject/dataset_split/test\gulbahar\5ba8e2b3252fa9ef27a79fcad023cf12b44951b8.jpg,gulbahar,gulbahar
E:/8semproject/dataset_split/test\gulbahar\5c169e1bb7cb85bef77b20b1f2a9dfb707eb3dce.jpg,gulbahar,gulbahar
E:/8semproject/dataset_split/test\gulbahar\5cb9027caa66afab16f4bb17e9032ca61a769647.jpg,gulbahar,gulbahar
E:/8semproject/dataset_split/test\gulbahar\5d26c7b9348fc4f02c2aaefc87f5a95e61380415.jpg,gulbahar,gulbahar
E:/8semproject/dataset_split/test\gulbahar\5d5465e6917b24b5f009bda98f89efa6f34f1ad7.jpg,gulbahar,gulbahar
E:/8semproject/dataset_split/test\gulbahar\5d5cc843d0ef196485582d95321e34599c98e7c4.jpg,gulbahar,gulbahar
E:/8semproject/dataset_split/test\gulbahar\5d6117d3b2ade70a6a5f5007982a98620ded30ce.jpg,gulbahar,gulbahar
E:/8semproject/dataset_split/test\gulbahar\5d8dd5efa9e9644106e1c5c5609000b274c1e414.jpg,gulbahar,amala
E:/8semproject/dataset_split/test\gulbahar\5fb42dfca50fdebec7159e47f3f670f9815f6996.jpg,gulbahar,gulbahar
E:/8semproject/dataset_split/test\gulbahar\60a501f89f65bde423972ec20b3d970a147fef87.jpg,gulbahar,dandelion
E:/8semproject/dataset_split/test\gulbahar\60b80aeaeade8be66a64af53f5f01eb35f03d68e.jpg,gulbahar,gulbahar
E:/8semproject/dataset_split/test\gulbahar\6148728633_27afc47b0c_m.jpg,gulbahar,gulbahar
E:/8semproject/dataset_split/test\gulbahar\6207492986_0ff91f3296.jpg,gulbahar,gulbahar
E:/8semproject/dataset_split/test\gulbahar\6480809771_b1e14c5cc2_m.jpg,gulbahar,daisy
E:/8semproject/dataset_split/test\gulbahar\64fed2faf17992d86f4d7a3d80890736eb7f435e.jpg,gulbahar,gulbahar
E:/8semproject/dataset_split/test\gulbahar\6529588249_d9cbe68aab_n.jpg,gulbahar,gulbahar
E:/8semproject/dataset_split/test\gulbahar\65ad7a245e3bdce97366ed4b46a4bb3a9bbd8356.jpg,gulbahar,dandelion
E:/8semproject/dataset_split/test\gulbahar\65cf894d0d41e3493136e048f384689c1f4e232a.jpg,gulbahar,gulbahar
E:/8semproject/dataset_split/test\gulbahar\676120388_28f03069c3.jpg,gulbahar,gulbahar
E:/8semproject/dataset_split/test\gulbahar\6776075110_1ea7a09dd4_n.jpg,gulbahar,daisy
E:/8semproject/dataset_split/test\gulbahar\67cdfe00a806f9e691cc4ba8de55a082f2c200ba.jpg,gulbahar,gulbahar
E:/8semproject/dataset_split/test\gulbahar\6884975451_c74f445d69_m.jpg,gulbahar,gulbahar
E:/8semproject/dataset_split/test\gulbahar\6910811638_aa6f17df23.jpg,gulbahar,dandelion
E:/8semproject/dataset_split/test\gulbahar\6978826370_7b9aa7c7d5.jpg,gulbahar,dandelion
E:/8semproject/dataset_split/test\gulbahar\6b6f0cbd12432b979c508d5dbb5018d9a917a74c.jpg,gulbahar,gulbahar
E:/8semproject/dataset_split/test\gulbahar\6cf0c24b1280d01b2cd26a80462e6d9f6069364f.jpg,gulbahar,gulbahar
E:/8semproject/dataset_split/test\gulbahar\6eaacf0b330caba5aca1851a34ca421942f9cc5e.jpg,gulbahar,gulbahar
E:/8semproject/dataset_split/test\gulbahar\6eefa27e18eafa72c3f57f6ab682207b65a8ccba.jpg,gulbahar,gulbahar
E:/8semproject/dataset_split/test\gulbahar\6ef6a0bb198814618edd73e03dbcc47542f30007.jpg,gulbahar,gulbahar
E:/8semproject/dataset_split/test\gulbahar\6efac58a751243e3a1764752133a33c167d2b4c9.jpg,gulbahar,gulbahar
E:/8semproject/dataset_split/test\gulbahar\6efbdc62693804d806ab3711ed903e0188a6e01a.jpg,gulbahar,gulbahar
E:/8semproject/dataset_split/test\gulbahar\6f94a38155f4192dd4536d7ebaacd6ec24726b78.jpg,gulbahar,gulbahar
E:/8semproject/dataset_split/test\gulbahar\6fd232f8f96e209469841cca8a4272bb59766131.jpg,gulbahar,gulbahar
E:/8semproject/dataset_split/test\gulbahar\7066602021_2647457985_m.jpg,gulbahar,tulip
E:/8semproject/dataset_split/test\gulbahar\70b1bc2baca79c07902fa654872482d3263bcc5d.jpg,gulbahar,gulbahar
E:/8semproject/dataset_split/test\gulbahar\7133935763_82b17c8e1b_n.jpg,gulbahar,gulbahar
E:/8semproject/dataset_split/test\gulbahar\7188513571_c8527b123a_n.jpg,gulbahar,gulbahar
E:/8semproject/dataset_split/test\gulbahar\7191hX7hmEL._AC_SL1500_.jpg,gulbahar,gulbahar
E:/8semproject/dataset_split/test\gulbahar\71b72b0cfc469373a1dbd74d3b02df01b6e4bba1.jpg,gulbahar,gulbahar
E:/8semproject/dataset_split/test\gulbahar\71f1bf39f0c807ac419789b87f72055dceb48ac7.jpg,gulbahar,dandelion
E:/8semproject/dataset_split/test\gulbahar\71f84d9170fc410670e5216c67dd2e39b73d851b.jpg,gulbahar,gulbahar
E:/8semproject/dataset_split/test\gulbahar\7227973870_806d9d3e42_n.jpg,gulbahar,gulbahar
E:/8semproject/dataset_split/test\gulbahar\7288989324_c25d9febbf.jpg,gulbahar,gulbahar
E:/8semproject/dataset_split/test\gulbahar\72bf0cbc0719ff9268490619855cb960fc79eda6.jpg,gulbahar,dandelion
E:/8semproject/dataset_split/test\gulbahar\7335886184_d06a83f640.jpg,gulbahar,gulbahar
E:/8semproject/dataset_split/test\gulbahar\7357072446_c21c38c863_n.jpg,gulbahar,dandelion
E:/8semproject/dataset_split/test\gulbahar\7358085448_b317d11cd5.jpg,gulbahar,dandelion
E:/8semproject/dataset_split/test\gulbahar\7410356270_9dff4d0e2e_n.jpg,gulbahar,dandelion
E:/8semproject/dataset_split/test\gulbahar\7454630692_ab2d67dd18_m.jpg,gulbahar,dandelion
E:/8semproject/dataset_split/test\gulbahar\74b4db6874a23288c7cab6be43c4694cb05bafb9.jpg,gulbahar,gulbahar
E:/8semproject/dataset_split/test\gulbahar\74ca4c96ec79c85658015ed8c760031158178a13.jpg,gulbahar,gulbahar
E:/8semproject/dataset_split/test\gulbahar\7630517248_98fb8bee1f_n.jpg,gulbahar,gulbahar
E:/8semproject/dataset_split/test\gulbahar\7633425046_8293e3d0e9_m.jpg,gulbahar,gulbahar
E:/8semproject/dataset_split/test\gulbahar\76b526df0b2d955e5ffd7434778fd89ce4316ce1.jpg,gulbahar,gulbahar
E:/8semproject/dataset_split/test\gulbahar\76efb03a1589fc2dfd9fbd634517893bc251bdbc.jpg,gulbahar,gulbahar
E:/8semproject/dataset_split/test\gulbahar\76fd2c9217a6900c432f008e37910b4b78791f6c.jpg,gulbahar,gulbahar
E:/8semproject/dataset_split/test\gulbahar\76ff3dbcfd862a1a722d9f56ece1047e2d8452bc.jpg,gulbahar,gulbahar
E:/8semproject/dataset_split/test\gulbahar\7749368884_1fc58c67ff_n.jpg,gulbahar,gulbahar
E:/8semproject/dataset_split/test\gulbahar\77d7b4a1f8795db7ba6d0186b32b32e1d222d68d.jpg,gulbahar,gulbahar
E:/8semproject/dataset_split/test\gulbahar\78d5ed106ed2c29aa0c17bd303dfb35250d314ba.jpg,gulbahar,dandelion
E:/8semproject/dataset_split/test\gulbahar\79b248002c930a46aa703ea3729a2850e8d8d26f.jpg,gulbahar,gulbahar
E:/8semproject/dataset_split/test\gulbahar\7ca6d6a67e7294b25f4d1c3cece3f1a34f41d4b1.jpg,gulbahar,gulbahar
E:/8semproject/dataset_split/test\gulbahar\7dedf0608021fdb872ca4a10b2b73d3968c8f72f.jpg,gulbahar,gulbahar
E:/8semproject/dataset_split/test\gulbahar\7efcb761e5cd055c3c9b2ca79df38d389e95beb7.jpg,gulbahar,gulbahar
E:/8semproject/dataset_split/test\gulbahar\8-daisy-flower-bundle.jpg,gulbahar,dandelion
E:/8semproject/dataset_split/test\gulbahar\8021540573_c56cf9070d_n.jpg,gulbahar,daisy
E:/8semproject/dataset_split/test\gulbahar\8071646795_2fdc89ab7a_n.jpg,gulbahar,gulbahar
E:/8semproject/dataset_split/test\gulbahar\8085329197_41d53a21e2_n.jpg,gulbahar,gulbahar
E:/8semproject/dataset_split/test\gulbahar\8322526877_95d1c0f8bc_n.jpg,gulbahar,dandelion
E:/8semproject/dataset_split/test\gulbahar\8405273313_bef13f6c27_n.jpg,gulbahar,daisy
E:/8semproject/dataset_split/test\gulbahar\8708143485_38d084ac8c_n.jpg,gulbahar,dandelion
E:/8semproject/dataset_split/test\gulbahar\8710109684_e2c5ef6aeb_n.jpg,gulbahar,dandelion
E:/8semproject/dataset_split/test\gulbahar\8938566373_d129e7af75.jpg,gulbahar,gulbahar
E:/8semproject/dataset_split/test\gulbahar\8a79ffe23d28509b09ed74c241a774e00b85aaf5.jpg,gulbahar,gulbahar
E:/8semproject/dataset_split/test\gulbahar\8b975a76f0fbcb237c7679cc9dfb3579e2125102.jpg,gulbahar,gulbahar
E:/8semproject/dataset_split/test\gulbahar\8c455dda8bd2550598cfc9d15d4d22f2b5ae60a5.jpg,gulbahar,gulbahar
E:/8semproject/dataset_split/test\gulbahar\8cb5c708c9d1bc02b34c8e7d6bb8e65a904224ab.jpg,gulbahar,gulbahar
E:/8semproject/dataset_split/test\gulbahar\8e66aecf52d05449ee59590b1d801eae706f446f.jpg,gulbahar,gulbahar
E:/8semproject/dataset_split/test\gulbahar\8fa3c1462aa3380069764ab1693b13e3ec504e22.jpg,gulbahar,gulbahar
E:/8semproject/dataset_split/test\gulbahar\8fc90952c3b684e3f39ae168f1df40223deabb29.jpg,gulbahar,gulbahar
E:/8semproject/dataset_split/test\gulbahar\909609509_a05ccb8127.jpg,gulbahar,dandelion
E:/8semproject/dataset_split/test\gulbahar\9158041313_7a6a102f7a_n.jpg,gulbahar,dandelion
E:/8semproject/dataset_split/test\gulbahar\9175280426_40ecc395b8_m.jpg,gulbahar,gulbahar
E:/8semproject/dataset_split/test\gulbahar\9221345475_67735dbf4f_n.jpg,gulbahar,gulbahar
E:/8semproject/dataset_split/test\gulbahar\9242705328_eee8402a8d.jpg,gulbahar,gulbahar
E:/8semproject/dataset_split/test\gulbahar\9244082319_b1f7e2d8b0_n.jpg,gulbahar,dandelion
E:/8semproject/dataset_split/test\gulbahar\9310226774_d1b8f5d9c9.jpg,gulbahar,gulbahar
E:/8semproject/dataset_split/test\gulbahar\9350942387_5b1d043c26_n.jpg,gulbahar,dandelion
E:/8semproject/dataset_split/test\gulbahar\9467543719_c4800becbb_m.jpg,gulbahar,gulbahar
E:/8semproject/dataset_split/test\gulbahar\9595857626_979c45e5bf_n.jpg,gulbahar,gulbahar
E:/8semproject/dataset_split/test\gulbahar\9a19ab9810f84e783f41ad3445c7059728a5effe.jpg,gulbahar,gulbahar
E:/8semproject/dataset_split/test\gulbahar\9ab9d343bec7ad89cf55bbfd81c72c2f79409bbd.jpg,gulbahar,gulbahar
E:/8semproject/dataset_split/test\gulbahar\9ae26d9308376b122de01bc081d18e388edd16ba.jpg,gulbahar,dandelion
E:/8semproject/dataset_split/test\gulbahar\9afc887c33ca4c9fea43dfcb1f012ad6efb49847.jpg,gulbahar,gulbahar
E:/8semproject/dataset_split/test\gulbahar\9b8fd1b717e9ef7d14488c71cb40c3a3adb9706a.jpg,gulbahar,gulbahar
E:/8semproject/dataset_split/test\gulbahar\9bd2ca61226b8b83a0263b1b24defb4daa84322a.jpg,gulbahar,gulbahar
E:/8semproject/dataset_split/test\gulbahar\9c504b796f3628b402116c3585a9b5b524059618.jpg,gulbahar,gulbahar
E:/8semproject/dataset_split/test\gulbahar\9c7a9325231fc01996fc347052bdaaeabd81078b.jpg,gulbahar,gulbahar
E:/8semproject/dataset_split/test\gulbahar\9d2b0873749c5a421ef87c341647f963a95f14c3.jpg,gulbahar,gulbahar
E:/8semproject/dataset_split/test\gulbahar\9e7f02ec5b09e5b1abb665e7cf101d48c11c2893.jpg,gulbahar,gulbahar
E:/8semproject/dataset_split/test\gulbahar\9ea080580a07112947e2fbb0348d1923ff8c34fa.jpg,gulbahar,gulbahar
E:/8semproject/dataset_split/test\gulbahar\9f490c4897bc6ecf3530fee5ed218ed0fb74b3c8.jpg,gulbahar,gulbahar
E:/8semproject/dataset_split/test\gulbahar\9faa9a2c7590673929965723ba68160a4c09e47d.jpg,gulbahar,gulbahar
E:/8semproject/dataset_split/test\gulbahar\DSC_5187.jpg,gulbahar,gulbahar
E:/8semproject/dataset_split/test\gulbahar\Easy-to-Find-Daisies-LolaFlora-600x398.jpg,gulbahar,gulbahar
E:/8semproject/dataset_split/test\gulbahar\Oxeye-daisy-flower_3859338724_o-1200x1201.jpg,gulbahar,gulbahar
E:/8semproject/dataset_split/test\gulbahar\SFDAI120-1_medium.jpg,gulbahar,gulbahar
E:/8semproject/dataset_split/test\gulbahar\african-daisy-19311340.jpg,gulbahar,japakusum
E:/8semproject/dataset_split/test\gulbahar\african-daisy-5039790.jpg,gulbahar,gulbahar
E:/8semproject/dataset_split/test\gulbahar\april-birth-flower-daisy-hero.jpg,gulbahar,gulbahar
E:/8semproject/dataset_split/test\gulbahar\balancing-pebbles-bamboo-daisy-flower-6869323.jpg,gulbahar,gulbahar
E:/8semproject/dataset_split/test\gulbahar\balancing-pebbles-daisy-flowers-6869056.jpg,gulbahar,japakusum
E:/8semproject/dataset_split/test\gulbahar\banner-with-white-camomiles-and-falling-petals-vector-id1254224506.jpg,gulbahar,gulbahar
E:/8semproject/dataset_split/test\gulbahar\beautiful-bouquet-of-daisies-in-the-field-picture-id1183723618.jpg,gulbahar,gulbahar
E:/8semproject/dataset_split/test\gulbahar\beautiful-daisy-grows-through-a-crack-in-the-asphalt-picture-id1184210113.jpg,gulbahar,gulbahar
E:/8semproject/dataset_split/test\gulbahar\beautiful-daisy-petals-6962418.jpg,gulbahar,gulbahar
E:/8semproject/dataset_split/test\gulbahar\beautiful-daisy-water-drops-6253094.jpg,gulbahar,gulbahar
E:/8semproject/dataset_split/test\gulbahar\beautiful-field-with-flowers-picture-id672968384.jpg,gulbahar,gulbahar
E:/8semproject/dataset_split/test\gulbahar\beautiful-field-with-flowers-picture-id672968592.jpg,gulbahar,gulbahar
E:/8semproject/dataset_split/test\gulbahar\beautiful-white-daisy-with-a-little-pink-isolated-on-white-background-picture-id1222778654.jpg,gulbahar,gulbahar
E:/8semproject/dataset_split/test\gulbahar\blooming-daisy-flowers-12906425.jpg,gulbahar,tulip
E:/8semproject/dataset_split/test\gulbahar\blue-aster-flowers-layout-picture-id1186352655.jpg,gulbahar,gulbahar
E:/8semproject/dataset_split/test\gulbahar\blue-cosmos-flower-isolated-on-white-with-clipping-path-picture-id847737890.jpg,gulbahar,japakusum
E:/8semproject/dataset_split/test\gulbahar\blue-osteosperumum-daisy-flower-isolated-white-19408037.jpg,gulbahar,japakusum
E:/8semproject/dataset_split/test\gulbahar\bouquet-of-chamomiles-isolated-on-a-white-background-picture-id989664420.jpg,gulbahar,gulbahar
E:/8semproject/dataset_split/test\gulbahar\bouquet-of-daisy-flowers-and-grass-picture-id1211109230.jpg,gulbahar,gulbahar
E:/8semproject/dataset_split/test\gulbahar\bouquet-of-pink-and-green-gerbera-flowers-vector-illustration-vector-id653769904.jpg,gulbahar,gulbahar
E:/8semproject/dataset_split/test\gulbahar\bright-daisy-2307891.jpg,gulbahar,gulbahar
E:/8semproject/dataset_split/test\gulbahar\bright-red-gerbera-flower-isolated-on-white-background-picture-id916989044.jpg,gulbahar,gulbahar
E:/8semproject/dataset_split/test\gulbahar\calendula-flowers-with-leaves-isolated-on-white-picture-id482800255.jpg,gulbahar,gulbahar
E:/8semproject/dataset_split/test\gulbahar\camomile-chamomel-daisy-chain-wheel-an-aromatic-european-plant-of-picture-id628342486.jpg,gulbahar,gulbahar
E:/8semproject/dataset_split/test\gulbahar\camomile-daisy-meadow-background-top-view-31041151.jpg,gulbahar,gulbahar
E:/8semproject/dataset_split/test\gulbahar\camomile-flower-isolated-closeup-vector-id908062922.jpg,gulbahar,gulbahar
E:/8semproject/dataset_split/test\gulbahar\camomile-picture-id1097517480.jpg,gulbahar,gulbahar
E:/8semproject/dataset_split/test\gulbahar\camomile-picture-id171299659.jpg,gulbahar,gulbahar
E:/8semproject/dataset_split/test\gulbahar\camouflaged-spider-daisy-9752775.jpg,gulbahar,gulbahar
E:/8semproject/dataset_split/test\gulbahar\chamomile-flower-beautiful-and-delicate-on-pink-background-picture-id1262792416.jpg,gulbahar,gulbahar
E:/8semproject/dataset_split/test\gulbahar\chamomile-flowers-with-mint-leaves-composition-isolated-on-white-picture-id1028718468.jpg,gulbahar,gulbahar
E:/8semproject/dataset_split/test\gulbahar\chamomile-in-vase-on-windowsill-picture-id903666618.jpg,gulbahar,gulbahar
E:/8semproject/dataset_split/test\gulbahar\chamomile-isolated-on-white-background-clipping-path-full-depth-of-picture-id1130559066.jpg,gulbahar,gulbahar
E:/8semproject/dataset_split/test\gulbahar\chamomile-isolated-on-white-background-cutout-picture-id494588162.jpg,gulbahar,gulbahar
E:/8semproject/dataset_split/test\gulbahar\chamomile-isolated-on-white-background-without-shadow-picture-id1220318061.jpg,gulbahar,gulbahar
E:/8semproject/dataset_split/test\gulbahar\chamomile-or-camomile-flowers-isolated-on-white-background-picture-id1273844342.jpg,gulbahar,gulbahar
E:/8semproject/dataset_split/test\gulbahar\chamomile-set-realistic-camomile-flower-buds-vector-id1190593468.jpg,gulbahar,gulbahar
E:/8semproject/dataset_split/test\gulbahar\chamomiles-isolated-on-white-background-without-shadow-with-clipping-picture-id1216786702.jpg,gulbahar,gulbahar
E:/8semproject/dataset_split/test\gulbahar\chrysanthemum-flower-vector-floral-isolated-colorful-yellow-pla-vector-id975633774.jpg,gulbahar,gulbahar
E:/8semproject/dataset_split/test\gulbahar\chrysanthemum-picture-id526194043.jpg,gulbahar,japakusum
E:/8semproject/dataset_split/test\gulbahar\close-up-of-daisy-flowers-in-a-braided-basket-in-spring-picture-id1310772310.jpg,gulbahar,dandelion
E:/8semproject/dataset_split/test\gulbahar\close-up-orange-gerber-daisy-891956.jpg,gulbahar,gulbahar
E:/8semproject/dataset_split/test\gulbahar\close-up-pink-daisy-flower-2199328.jpg,gulbahar,japakusum
E:/8semproject/dataset_split/test\gulbahar\close-up-pink-daisy-flower-2318052.jpg,gulbahar,gulbahar
E:/8semproject/dataset_split/test\gulbahar\close-up-pink-gerber-daisy-1469379.jpg,gulbahar,gulbahar
E:/8semproject/dataset_split/test\gulbahar\close-up-puzzled-gerber-daisy-4802466.jpg,gulbahar,gulbahar
E:/8semproject/dataset_split/test\gulbahar\close-up-view-wihte-green-daisy-11162728.jpg,gulbahar,amala
E:/8semproject/dataset_split/test\gulbahar\closeup-daisy-flower-shallow-dof-29951662.jpg,gulbahar,gulbahar
E:/8semproject/dataset_split/test\gulbahar\collection-flower-isolated-on-white-background-picture-id988100522.jpg,gulbahar,japakusum
E:/8semproject/dataset_split/test\gulbahar\collection-of-grass-with-flower-vector-id165733775.jpg,gulbahar,gulbahar
E:/8semproject/dataset_split/test\gulbahar\collection-of-hippie-flowers-vintage-vector-wildflowersfunky-and-vector-id1314955001.jpg,gulbahar,gulbahar
E:/8semproject/dataset_split/test\gulbahar\collection-of-isolated-gerberas-picture-id172689034.jpg,gulbahar,gulbahar
E:/8semproject/dataset_split/test\gulbahar\colorful-gerber-daisies-in-a-glass-vase-on-a-wooden-table-in-a-bright-picture-id1219975496.jpg,gulbahar,rose
E:/8semproject/dataset_split/test\gulbahar\colorful-pattern-daisy-flowers-11278132.jpg,gulbahar,baganbilas
E:/8semproject/dataset_split/test\gulbahar\common-daisy-flower-bloom-14266624.jpg,gulbahar,gulbahar
E:/8semproject/dataset_split/test\gulbahar\ct-fractal-effect-pattern-background-incredible-floral-twirl-round-107194964.jpg,gulbahar,gulbahar
E:/8semproject/dataset_split/test\gulbahar\daisies-isolated-whit-clipping-path-picture-id182775260.jpg,gulbahar,gulbahar
E:/8semproject/dataset_split/test\gulbahar\daisies-on-green-nature-background-stages-of-growth-picture-id537173355.jpg,gulbahar,gulbahar
E:/8semproject/dataset_split/test\gulbahar\daisies-on-white-background-picture-id157586748.jpg,gulbahar,gulbahar
E:/8semproject/dataset_split/test\gulbahar\daisies-on-white-background-picture-id484541965.jpg,gulbahar,gulbahar
E:/8semproject/dataset_split/test\gulbahar\daisies-picture-id1170174228.jpg,gulbahar,gulbahar
E:/8semproject/dataset_split/test\gulbahar\daisies-picture-id157396844.jpg,gulbahar,gulbahar
E:/8semproject/dataset_split/test\gulbahar\daisies2.jpg,gulbahar,gulbahar
E:/8semproject/dataset_split/test\gulbahar\daisy-10615432.jpg,gulbahar,gulbahar
E:/8semproject/dataset_split/test\gulbahar\daisy-10723516.jpg,gulbahar,gulbahar
E:/8semproject/dataset_split/test\gulbahar\daisy-10847379.jpg,gulbahar,gulbahar
E:/8semproject/dataset_split/test\gulbahar\daisy-11065649.jpg,gulbahar,gulbahar
E:/8semproject/dataset_split/test\gulbahar\daisy-1107617.jpg,gulbahar,gulbahar
E:/8semproject/dataset_split/test\gulbahar\daisy-12512635.jpg,gulbahar,japakusum
E:/8semproject/dataset_split/test\gulbahar\daisy-13326626.jpg,gulbahar,gulbahar
E:/8semproject/dataset_split/test\gulbahar\daisy-134561.jpg,gulbahar,gulbahar
E:/8semproject/dataset_split/test\gulbahar\daisy-14153258.jpg,gulbahar,gulbahar
E:/8semproject/dataset_split/test\gulbahar\daisy-1438773.jpg,gulbahar,dandelion
E:/8semproject/dataset_split/test\gulbahar\daisy-15162112.jpg,gulbahar,gulbahar
E:/8semproject/dataset_split/test\gulbahar\daisy-15670818.jpg,gulbahar,gulbahar
E:/8semproject/dataset_split/test\gulbahar\daisy-17850004.jpg,gulbahar,gulbahar
E:/8semproject/dataset_split/test\gulbahar\daisy-2-00607.jpg,gulbahar,gulbahar
E:/8semproject/dataset_split/test\gulbahar\daisy-21825391.jpg,gulbahar,gulbahar
E:/8semproject/dataset_split/test\gulbahar\daisy-2271704.jpg,gulbahar,gulbahar
E:/8semproject/dataset_split/test\gulbahar\daisy-2271727.jpg,gulbahar,gulbahar
E:/8semproject/dataset_split/test\gulbahar\daisy-2609975.jpg,gulbahar,gulbahar
E:/8semproject/dataset_split/test\gulbahar\daisy-26252477.jpg,gulbahar,dandelion
E:/8semproject/dataset_split/test\gulbahar\daisy-3046855.jpg,gulbahar,gulbahar
E:/8semproject/dataset_split/test\gulbahar\daisy-5282499.jpg,gulbahar,gulbahar
E:/8semproject/dataset_split/test\gulbahar\daisy-6014675.jpg,gulbahar,gulbahar
E:/8semproject/dataset_split/test\gulbahar\daisy-619328.jpg,gulbahar,gulbahar
E:/8semproject/dataset_split/test\gulbahar\daisy-6410450.jpg,gulbahar,dandelion
E:/8semproject/dataset_split/test\gulbahar\daisy-6778903.jpg,gulbahar,gulbahar
E:/8semproject/dataset_split/test\gulbahar\daisy-745472.jpg,gulbahar,gulbahar
E:/8semproject/dataset_split/test\gulbahar\daisy-752958.jpg,gulbahar,japakusum
E:/8semproject/dataset_split/test\gulbahar\daisy-757414.jpg,gulbahar,gulbahar
E:/8semproject/dataset_split/test\gulbahar\daisy-764113.jpg,gulbahar,gulbahar
E:/8semproject/dataset_split/test\gulbahar\daisy-769442.jpg,gulbahar,daisy
E:/8semproject/dataset_split/test\gulbahar\daisy-820999.jpg,gulbahar,gulbahar
E:/8semproject/dataset_split/test\gulbahar\daisy-8823622.jpg,gulbahar,gulbahar
E:/8semproject/dataset_split/test\gulbahar\daisy-92293.jpg,gulbahar,gulbahar
E:/8semproject/dataset_split/test\gulbahar\daisy-9655116.jpg,gulbahar,gulbahar
E:/8semproject/dataset_split/test\gulbahar\daisy-9666308.jpg,gulbahar,gulbahar
E:/8semproject/dataset_split/test\gulbahar\daisy-9672340.jpg,gulbahar,gulbahar
E:/8semproject/dataset_split/test\gulbahar\daisy-9937099.jpg,gulbahar,gulbahar
E:/8semproject/dataset_split/test\gulbahar\daisy-background-14512727.jpg,gulbahar,gulbahar
E:/8semproject/dataset_split/test\gulbahar\daisy-background-1993600.jpg,gulbahar,gulbahar
E:/8semproject/dataset_split/test\gulbahar\daisy-background-summer-spring-seasonal-11389503.jpg,gulbahar,gulbahar
E:/8semproject/dataset_split/test\gulbahar\daisy-background-summer-spring-seasonal-7316648.jpg,gulbahar,gulbahar
E:/8semproject/dataset_split/test\gulbahar\daisy-blue-583568.jpg,gulbahar,gulbahar
E:/8semproject/dataset_split/test\gulbahar\daisy-bouquet-20976763.jpg,gulbahar,japakusum
E:/8semproject/dataset_split/test\gulbahar\daisy-bouquet-vector-id482804581.jpg,gulbahar,gulbahar
E:/8semproject/dataset_split/test\gulbahar\daisy-centers-7628334.jpg,gulbahar,amala
E:/8semproject/dataset_split/test\gulbahar\daisy-chamomile-flowers-bouquet-picture-id540978340.jpg,gulbahar,gulbahar
E:/8semproject/dataset_split/test\gulbahar\daisy-collection-picture-id92232249.jpg,gulbahar,gulbahar
E:/8semproject/dataset_split/test\gulbahar\daisy-dream-2114372.jpg,gulbahar,gulbahar
E:/8semproject/dataset_split/test\gulbahar\daisy-extract.jpg,gulbahar,gulbahar
E:/8semproject/dataset_split/test\gulbahar\daisy-field-22426442.jpg,gulbahar,gulbahar
E:/8semproject/dataset_split/test\gulbahar\daisy-field-589062.jpg,gulbahar,gulbahar
E:/8semproject/dataset_split/test\gulbahar\daisy-field-shallow-dof-54977307.jpg,gulbahar,gulbahar
E:/8semproject/dataset_split/test\gulbahar\daisy-field-sunny-summer-day-22508727.jpg,gulbahar,gulbahar
E:/8semproject/dataset_split/test\gulbahar\daisy-flower-10725887.jpg,gulbahar,gulbahar
E:/8semproject/dataset_split/test\gulbahar\daisy-flower-14806703.jpg,gulbahar,gulbahar
E:/8semproject/dataset_split/test\gulbahar\daisy-flower-1697408.jpg,gulbahar,gulbahar
E:/8semproject/dataset_split/test\gulbahar\daisy-flower-19471416.jpg,gulbahar,gulbahar
E:/8semproject/dataset_split/test\gulbahar\daisy-flower-28837802.jpg,gulbahar,gulbahar
E:/8semproject/dataset_split/test\gulbahar\daisy-flower-5189981.jpg,gulbahar,gulbahar
E:/8semproject/dataset_split/test\gulbahar\daisy-flower-5659787.jpg,gulbahar,gulbahar
E:/8semproject/dataset_split/test\gulbahar\daisy-flower-8490099.jpg,gulbahar,gulbahar
E:/8semproject/dataset_split/test\gulbahar\daisy-flower-858926.jpg,gulbahar,gulbahar
E:/8semproject/dataset_split/test\gulbahar\daisy-flower-9507171.jpg,gulbahar,gulbahar
E:/8semproject/dataset_split/test\gulbahar\daisy-flower-9999816.jpg,gulbahar,gulbahar
E:/8semproject/dataset_split/test\gulbahar\daisy-flower-background-5055727.jpg,gulbahar,amala
E:/8semproject/dataset_split/test\gulbahar\daisy-flower-background-blur-spring-46271029.jpg,gulbahar,gulbahar
E:/8semproject/dataset_split/test\gulbahar\daisy-flower-below-blue-sky-10055308.jpg,gulbahar,gulbahar
E:/8semproject/dataset_split/test\gulbahar\daisy-flower-field-copy-space-135296068.jpg,gulbahar,gulbahar
E:/8semproject/dataset_split/test\gulbahar\daisy-flower-green-leaves-172206306.jpg,gulbahar,dandelion
E:/8semproject/dataset_split/test\gulbahar\daisy-flower-green-meadow-selective-dof-137989858.jpg,gulbahar,gulbahar
E:/8semproject/dataset_split/test\gulbahar\daisy-flower-in-meadow-flowering-wild-chamomile-beauty-in-nature-picture-id1206045146.jpg,gulbahar,gulbahar
E:/8semproject/dataset_split/test\gulbahar\daisy-flower-isolated-black-background-25388887.jpg,gulbahar,gulbahar
E:/8semproject/dataset_split/test\gulbahar\daisy-flower-isolated-vector-21210266.jpg,gulbahar,gulbahar
E:/8semproject/dataset_split/test\gulbahar\daisy-flower-isolated-white-background-42062017.jpg,gulbahar,gulbahar
E:/8semproject/dataset_split/test\gulbahar\daisy-flower-spring-marguerite-67857.jpeg,gulbahar,gulbahar
E:/8semproject/dataset_split/test\gulbahar\daisy-flower-symbolizes-innocence-purity-can-also-symbolize-new-beginnings-39569668.jpg,gulbahar,gulbahar
E:/8semproject/dataset_split/test\gulbahar\daisy-flower-vase-2873939.jpg,gulbahar,gulbahar
E:/8semproject/dataset_split/test\gulbahar\daisy-flower-vase-8154074.jpg,gulbahar,gulbahar
E:/8semproject/dataset_split/test\gulbahar\daisy-flower-water-drops-close-up-18400377.jpg,gulbahar,amala
E:/8semproject/dataset_split/test\gulbahar\daisy-flower-with-bee-678x381.jpg,gulbahar,dandelion
E:/8semproject/dataset_split/test\gulbahar\daisy-flowers-2305731.jpg,gulbahar,gulbahar
E:/8semproject/dataset_split/test\gulbahar\daisy-flowers-24697552.jpg,gulbahar,gulbahar
E:/8semproject/dataset_split/test\gulbahar\daisy-flowers-422871.jpg,gulbahar,dandelion
E:/8semproject/dataset_split/test\gulbahar\daisy-flowers-4295718.jpg,gulbahar,gulbahar
E:/8semproject/dataset_split/test\gulbahar\daisy-flowers-4295763.jpg,gulbahar,japakusum
E:/8semproject/dataset_split/test\gulbahar\daisy-flowers-4295782.jpg,gulbahar,japakusum
E:/8semproject/dataset_split/test\gulbahar\daisy-flowers-5300617.jpg,gulbahar,gulbahar
E:/8semproject/dataset_split/test\gulbahar\daisy-flowers-black-stones-11020341.jpg,gulbahar,gulbahar
E:/8semproject/dataset_split/test\gulbahar\daisy-flowers-black-stones-9565647.jpg,gulbahar,gulbahar
E:/8semproject/dataset_split/test\gulbahar\daisy-flowers-black-stones-9947625.jpg,gulbahar,gulbahar
E:/8semproject/dataset_split/test\gulbahar\daisy-flowers-blue-background-5223236.jpg,gulbahar,gulbahar
E:/8semproject/dataset_split/test\gulbahar\daisy-flowers-blue-background-5223239.jpg,gulbahar,gulbahar
E:/8semproject/dataset_split/test\gulbahar\daisy-flowers-bouquet-beautiful-wooden-desk-66781761.jpg,gulbahar,gulbahar
E:/8semproject/dataset_split/test\gulbahar\daisy-flowers-bunch-14669933.jpg,gulbahar,gulbahar
E:/8semproject/dataset_split/test\gulbahar\daisy-flowers-group-13832983.jpg,gulbahar,gulbahar
E:/8semproject/dataset_split/test\gulbahar\daisy-flowers-half-frame-1799132.jpg,gulbahar,gulbahar
E:/8semproject/dataset_split/test\gulbahar\daisy-flowers-isolated-on-white-background-picture-id1125113492.jpg,gulbahar,gulbahar
E:/8semproject/dataset_split/test\gulbahar\daisy-flowers-petals-861568.jpg,gulbahar,gulbahar
E:/8semproject/dataset_split/test\gulbahar\daisy-flowers-picture-id648316028.jpg,gulbahar,dandelion
E:/8semproject/dataset_split/test\gulbahar\daisy-flowers-spring-dusk-44189047.jpg,gulbahar,dandelion
E:/8semproject/dataset_split/test\gulbahar\daisy-flowers-summer-9648680.jpg,gulbahar,gulbahar
E:/8semproject/dataset_split/test\gulbahar\daisy-flowers-water-drops-5362645.jpg,gulbahar,gulbahar
E:/8semproject/dataset_split/test\gulbahar\daisy-highkey-872879.jpg,gulbahar,gulbahar
E:/8semproject/dataset_split/test\gulbahar\daisy-in-field-in-sunlight-looking-into-the-sun-picture-id599111784.jpg,gulbahar,dandelion
E:/8semproject/dataset_split/test\gulbahar\daisy-isolated-10386688.jpg,gulbahar,gulbahar
E:/8semproject/dataset_split/test\gulbahar\daisy-isolated-3d-rendering-picture-id1213915304.jpg,gulbahar,gulbahar
E:/8semproject/dataset_split/test\gulbahar\daisy-isolated-9912114.jpg,gulbahar,japakusum
E:/8semproject/dataset_split/test\gulbahar\daisy-isolated-inclusive-clipping-path-picture-id636071768.jpg,gulbahar,gulbahar
E:/8semproject/dataset_split/test\gulbahar\daisy-isolated-on-white-background-picture-id486387614.jpg,gulbahar,gulbahar
E:/8semproject/dataset_split/test\gulbahar\daisy-isolated-picture-id182708996.jpg,gulbahar,gulbahar
E:/8semproject/dataset_split/test\gulbahar\daisy-iv-180111.jpg,gulbahar,gulbahar
E:/8semproject/dataset_split/test\gulbahar\daisy-male-hand-1109038.jpg,gulbahar,gulbahar
E:/8semproject/dataset_split/test\gulbahar\daisy-meadow-picture-id166017058.jpg,gulbahar,gulbahar
E:/8semproject/dataset_split/test\gulbahar\daisy-on-a-white-background-picture-id890573264.jpg,gulbahar,gulbahar
E:/8semproject/dataset_split/test\gulbahar\daisy-oxeye-isolated-macro-closeup-detailed-leucanthemum-vulgare-lam-36258932.jpg,gulbahar,gulbahar
E:/8semproject/dataset_split/test\gulbahar\daisy-picture-id519897804.jpg,gulbahar,gulbahar
E:/8semproject/dataset_split/test\gulbahar\daisy-picture-id522145078.jpg,gulbahar,gulbahar
E:/8semproject/dataset_split/test\gulbahar\daisy-pool-149807.jpg,gulbahar,gulbahar
E:/8semproject/dataset_split/test\gulbahar\daisy-single-flower-concrete-32001829.jpg,gulbahar,gulbahar
E:/8semproject/dataset_split/test\gulbahar\daisy-stone-5609647.jpg,gulbahar,gulbahar
E:/8semproject/dataset_split/test\gulbahar\daisy-stone-polish-6692-135063.jpg,gulbahar,gulbahar
E:/8semproject/dataset_split/test\gulbahar\daisy-under-blue-sky-7763274.jpg,gulbahar,gulbahar
E:/8semproject/dataset_split/test\gulbahar\daisy-water-20207514.jpg,gulbahar,gulbahar
E:/8semproject/dataset_split/test\gulbahar\daisy_flower_hand_215148.jpg,gulbahar,gulbahar
E:/8semproject/dataset_split/test\gulbahar\decorative-daisy-bright-orange-color-picture-id500306545.jpg,gulbahar,gulbahar
E:/8semproject/dataset_split/test\gulbahar\delicate-gerbera-daisy-3215792.jpg,gulbahar,gulbahar
E:/8semproject/dataset_split/test\gulbahar\dew-drops-gerbera-daisy-red-macro-water-droplets-petals-33267114.jpg,gulbahar,gulbahar
E:/8semproject/dataset_split/test\gulbahar\english-daisy-flower-6927871.jpg,gulbahar,japakusum
E:/8semproject/dataset_split/test\gulbahar\english-daisy-types-1586980894.jpg,gulbahar,gulbahar
E:/8semproject/dataset_split/test\gulbahar\field-daisy-flowers-29595958.jpg,gulbahar,gulbahar
E:/8semproject/dataset_split/test\gulbahar\field-daisy-flowers-wood-floor-33789448.jpg,gulbahar,gulbahar
E:/8semproject/dataset_split/test\gulbahar\field-of-daisy-flowers-picture-id141944213.jpg,gulbahar,gulbahar
E:/8semproject/dataset_split/test\gulbahar\floral-daisy-border-24287647.jpg,gulbahar,gulbahar
E:/8semproject/dataset_split/test\gulbahar\fresh-daisy-14441714.jpg,gulbahar,gulbahar
E:/8semproject/dataset_split/test\gulbahar\fresh-daisy-flower-500x500.jpg,gulbahar,japakusum
E:/8semproject/dataset_split/test\gulbahar\fresh-pink-daisy-15508595.jpg,gulbahar,gulbahar
E:/8semproject/dataset_split/test\gulbahar\gerber-daisy-176905.jpg,gulbahar,gulbahar
E:/8semproject/dataset_split/test\gulbahar\gerber-daisy-24031416.jpg,gulbahar,gulbahar
E:/8semproject/dataset_split/test\gulbahar\gerber-daisy-5644686.jpg,gulbahar,gulbahar
E:/8semproject/dataset_split/test\gulbahar\gerber-daisy-5644823.jpg,gulbahar,gulbahar
E:/8semproject/dataset_split/test\gulbahar\gerber-daisy-9902576.jpg,gulbahar,gulbahar
E:/8semproject/dataset_split/test\gulbahar\gerber-daisy-collection-picture-id140154494.jpg,gulbahar,gulbahar
E:/8semproject/dataset_split/test\gulbahar\gerber-daisy-greeting-card-677001.jpg,gulbahar,japakusum
E:/8semproject/dataset_split/test\gulbahar\gerber-series-xxxl-picture-id172641805.jpg,gulbahar,japakusum
E:/8semproject/dataset_split/test\gulbahar\gerbera-daisy-24713786.jpg,gulbahar,japakusum
E:/8semproject/dataset_split/test\gulbahar\gerbera-daisy-2762662.jpg,gulbahar,gulbahar
E:/8semproject/dataset_split/test\gulbahar\gerbera-daisy-5753236.jpg,gulbahar,gulbahar
E:/8semproject/dataset_split/test\gulbahar\gerbera-daisy-blue-three-18632483.jpg,gulbahar,gulbahar
E:/8semproject/dataset_split/test\gulbahar\gerbera-daisy-colorful-red-orange-macro-shot-32866649.jpg,gulbahar,dandelion
E:/8semproject/dataset_split/test\gulbahar\gerbera-daisy-flowers-2072673.jpg,gulbahar,japakusum
E:/8semproject/dataset_split/test\gulbahar\gerbera-daisy-hot-pink-flowers-garden-39756234.jpg,gulbahar,rose
E:/8semproject/dataset_split/test\gulbahar\gerbera-daisy-isolated-collection-picture-id121680378.jpg,gulbahar,gulbahar
E:/8semproject/dataset_split/test\gulbahar\gerbera-daisy-isolated-white-803310.jpg,gulbahar,japakusum
E:/8semproject/dataset_split/test\gulbahar\gerbera-daisy-picture-id183801008.jpg,gulbahar,japakusum
E:/8semproject/dataset_split/test\gulbahar\gerbera-flowers-picture-id941245628.jpg,gulbahar,gulbahar
E:/8semproject/dataset_split/test\gulbahar\gerbera-picture-id171312337.jpg,gulbahar,gulbahar
E:/8semproject/dataset_split/test\gulbahar\gerbera-picture-id184292116.jpg,gulbahar,gulbahar
E:/8semproject/dataset_split/test\gulbahar\green-grass-with-daisy-flowers-picture-id172257710.jpg,gulbahar,gulbahar
E:/8semproject/dataset_split/test\gulbahar\green-meadow-with-colorful-flowers-picture-id1089974984.jpg,gulbahar,gulbahar
E:/8semproject/dataset_split/test\gulbahar\half-daisy-301805.jpg,gulbahar,dandelion
E:/8semproject/dataset_split/test\gulbahar\happy-daisy-rainy-day-macro-gerber-rain-37085793.jpg,gulbahar,tulip
E:/8semproject/dataset_split/test\gulbahar\he-loves-me-picture-id183805709.jpg,gulbahar,gulbahar
E:/8semproject/dataset_split/test\gulbahar\high-key-daisy-1602182.jpg,gulbahar,gulbahar
E:/8semproject/dataset_split/test\gulbahar\image-half-gerbera-daisy-5753253.jpg,gulbahar,gulbahar
E:/8semproject/dataset_split/test\gulbahar\image10.jpeg,gulbahar,gulbahar
E:/8semproject/dataset_split/test\gulbahar\image13.jpeg,gulbahar,gulbahar
E:/8semproject/dataset_split/test\gulbahar\image16.jpeg,gulbahar,gulbahar
E:/8semproject/dataset_split/test\gulbahar\image21.jpeg,gulbahar,gulbahar
E:/8semproject/dataset_split/test\gulbahar\image26.jpeg,gulbahar,tulsi
E:/8semproject/dataset_split/test\gulbahar\image28.jpeg,gulbahar,gulbahar
E:/8semproject/dataset_split/test\gulbahar\image7.jpeg,gulbahar,gulbahar
E:/8semproject/dataset_split/test\gulbahar\images.jpg,gulbahar,gulbahar
E:/8semproject/dataset_split/test\gulbahar\images12.jpg,gulbahar,gulbahar
E:/8semproject/dataset_split/test\gulbahar\images20.jpg,gulbahar,rose
E:/8semproject/dataset_split/test\gulbahar\images21.jpg,gulbahar,gulbahar
E:/8semproject/dataset_split/test\gulbahar\images22.jpg,gulbahar,gulbahar
E:/8semproject/dataset_split/test\gulbahar\images25.jpg,gulbahar,baganbilas
E:/8semproject/dataset_split/test\gulbahar\images27.jpg,gulbahar,gulbahar
E:/8semproject/dataset_split/test\gulbahar\images29.jpg,gulbahar,gulbahar
E:/8semproject/dataset_split/test\gulbahar\images33.jpg,gulbahar,gulbahar
E:/8semproject/dataset_split/test\gulbahar\images34.jpg,gulbahar,gulbahar
E:/8semproject/dataset_split/test\gulbahar\images35.jpg,gulbahar,gulbahar
E:/8semproject/dataset_split/test\gulbahar\images39.jpg,gulbahar,gulbahar
E:/8semproject/dataset_split/test\gulbahar\images41.jpg,gulbahar,gulbahar
E:/8semproject/dataset_split/test\gulbahar\images42.jpg,gulbahar,rose
E:/8semproject/dataset_split/test\gulbahar\images43.jpg,gulbahar,gulbahar
E:/8semproject/dataset_split/test\gulbahar\images44.jpg,gulbahar,rose
E:/8semproject/dataset_split/test\gulbahar\images45.jpg,gulbahar,gulbahar
E:/8semproject/dataset_split/test\gulbahar\images8.jpg,gulbahar,gulbahar
E:/8semproject/dataset_split/test\gulbahar\images9.jpg,gulbahar,gulbahar
E:/8semproject/dataset_split/test\gulbahar\isolated-white-daisy-picture-id114388168.jpg,gulbahar,gulbahar
E:/8semproject/dataset_split/test\gulbahar\isolated-white-daisy-picture-id92981557.jpg,gulbahar,gulbahar
E:/8semproject/dataset_split/test\gulbahar\isolated-white-flower-with-stem-picture-id628095888.jpg,gulbahar,gulbahar
E:/8semproject/dataset_split/test\gulbahar\istockphoto-1059625096-612x612.jpg,gulbahar,gulbahar
E:/8semproject/dataset_split/test\gulbahar\istockphoto-1072462590-612x612.jpg,gulbahar,gulbahar
E:/8semproject/dataset_split/test\gulbahar\istockphoto-1144561589-612x612.jpg,gulbahar,dandelion
E:/8semproject/dataset_split/test\gulbahar\istockphoto-1150296627-612x612.jpg,gulbahar,gulbahar
E:/8semproject/dataset_split/test\gulbahar\istockphoto-1175029782-612x612.jpg,gulbahar,dandelion
E:/8semproject/dataset_split/test\gulbahar\istockphoto-1208207924-612x612.jpg,gulbahar,dandelion
E:/8semproject/dataset_split/test\gulbahar\istockphoto-1216668972-612x612.jpg,gulbahar,dandelion
E:/8semproject/dataset_split/test\gulbahar\istockphoto-1257296461-612x612.jpg,gulbahar,gulbahar
E:/8semproject/dataset_split/test\gulbahar\istockphoto-157559547-612x612.jpg,gulbahar,dandelion
E:/8semproject/dataset_split/test\gulbahar\istockphoto-167762231-612x612.jpg,gulbahar,gulbahar
E:/8semproject/dataset_split/test\gulbahar\istockphoto-493890304-612x612.jpg,gulbahar,gulbahar
E:/8semproject/dataset_split/test\gulbahar\istockphoto-498945146-612x612.jpg,gulbahar,dandelion
E:/8semproject/dataset_split/test\gulbahar\istockphoto-519897804-612x612.jpg,gulbahar,gulbahar
E:/8semproject/dataset_split/test\gulbahar\istockphoto-653921514-612x612.jpg,gulbahar,gulbahar
E:/8semproject/dataset_split/test\gulbahar\istockphoto-820899300-612x612.jpg,gulbahar,gulbahar
E:/8semproject/dataset_split/test\gulbahar\istockphoto-905289472-612x612.jpg,gulbahar,gulbahar
E:/8semproject/dataset_split/test\gulbahar\istockphoto-937114386-612x612.jpg,gulbahar,dandelion
E:/8semproject/dataset_split/test\gulbahar\istockphoto-937393506-612x612.jpg,gulbahar,gulbahar
E:/8semproject/dataset_split/test\gulbahar\istockphoto-961293312-612x612.jpg,gulbahar,gulbahar
E:/8semproject/dataset_split/test\gulbahar\istockphoto-968606200-612x612.jpg,gulbahar,dandelion
E:/8semproject/dataset_split/test\gulbahar\lady-bug-daisy-21280048.jpg,gulbahar,gulbahar
E:/8semproject/dataset_split/test\gulbahar\large-daisy-flower-against-a-blue-sky-weeping-willow-photography.jpg,gulbahar,gulbahar
E:/8semproject/dataset_split/test\gulbahar\large-summer-daisy-5272105.jpg,gulbahar,gulbahar
E:/8semproject/dataset_split/test\gulbahar\light-pink-gerbera-flower-isolated-on-white-background-picture-id946217984.jpg,gulbahar,gulbahar
E:/8semproject/dataset_split/test\gulbahar\looking-upward-daisy-02208.jpg,gulbahar,gulbahar
E:/8semproject/dataset_split/test\gulbahar\loves-me-loves-me-not-picture-id1279825012.jpg,gulbahar,gulbahar
E:/8semproject/dataset_split/test\gulbahar\loves-or-not-loves-me-plucking-off-the-petals-of-a-camomile-picture-id1142472085.jpg,gulbahar,gulbahar
E:/8semproject/dataset_split/test\gulbahar\many-different-colored-daisies-vector-id165498505.jpg,gulbahar,gulbahar
E:/8semproject/dataset_split/test\gulbahar\marguerite-729510__480.jpg,gulbahar,gulbahar
E:/8semproject/dataset_split/test\gulbahar\matricaria-chamomilla-flowers-picture-id936544792.jpg,gulbahar,gulbahar
E:/8semproject/dataset_split/test\gulbahar\mother-and-child-to-hand-flowers-picture-id938378950.jpg,gulbahar,gulbahar
E:/8semproject/dataset_split/test\gulbahar\oil-of-chamomile-flowers-in-a-glass-bottle-macro-picture-id507268037.jpg,gulbahar,gulbahar
E:/8semproject/dataset_split/test\gulbahar\orange-daisy-2142027.jpg,gulbahar,gulbahar
E:/8semproject/dataset_split/test\gulbahar\orange-daisy-608524.jpg,gulbahar,dandelion
E:/8semproject/dataset_split/test\gulbahar\orange-daisy-766980.jpg,gulbahar,gulbahar
E:/8semproject/dataset_split/test\gulbahar\orange-gerber-daisy-2864029.jpg,gulbahar,gulbahar
E:/8semproject/dataset_split/test\gulbahar\orange-gerber-daisy-5115964.jpg,gulbahar,gulbahar
E:/8semproject/dataset_split/test\gulbahar\orange-gerber-daisy-6218828.jpg,gulbahar,gulbahar
E:/8semproject/dataset_split/test\gulbahar\orange-gerber-daisy-8648316.jpg,gulbahar,gulbahar
E:/8semproject/dataset_split/test\gulbahar\orange-gerber-daisy-bloom-3202173.jpg,gulbahar,gulbahar
E:/8semproject/dataset_split/test\gulbahar\orange-gerber-daisy-white-4764883.jpg,gulbahar,gulbahar
E:/8semproject/dataset_split/test\gulbahar\orange-gerbera-daisy-13943623.jpg,gulbahar,gulbahar
E:/8semproject/dataset_split/test\gulbahar\osteospermum-daisy-kaleidoscopic-flower-mandala-isolated-white-background-35231110.jpg,gulbahar,gulbahar
E:/8semproject/dataset_split/test\gulbahar\osteospermum-light-purple-daisy-flower-head-14464705.jpg,gulbahar,dandelion
E:/8semproject/dataset_split/test\gulbahar\oxeye-daisy-1109608.jpg,gulbahar,gulbahar
E:/8semproject/dataset_split/test\gulbahar\painted-daisy-199653.jpg,gulbahar,japakusum
E:/8semproject/dataset_split/test\gulbahar\photo-abstract-art-pink-gerbera-daisy-490243.jpg,gulbahar,daisy
E:/8semproject/dataset_split/test\gulbahar\pink-african-daisy-isolated-top-view-56871455.jpg,gulbahar,japakusum
E:/8semproject/dataset_split/test\gulbahar\pink-bouquet-of-gerberas-picture-id1144232746.jpg,gulbahar,gulbahar
E:/8semproject/dataset_split/test\gulbahar\pink-cape-daisy-581022.jpg,gulbahar,japakusum
E:/8semproject/dataset_split/test\gulbahar\pink-daisy-13882071.jpg,gulbahar,dandelion
E:/8semproject/dataset_split/test\gulbahar\pink-daisy-1601840.jpg,gulbahar,gulbahar
E:/8semproject/dataset_split/test\gulbahar\pink-daisy-18915640.jpg,gulbahar,gulbahar
E:/8semproject/dataset_split/test\gulbahar\pink-daisy-759691.jpg,gulbahar,gulbahar
E:/8semproject/dataset_split/test\gulbahar\pink-daisy-7634881.jpg,gulbahar,gulbahar
E:/8semproject/dataset_split/test\gulbahar\pink-daisy-9056750.jpg,gulbahar,japakusum
E:/8semproject/dataset_split/test\gulbahar\pink-daisy-background-13651601.jpg,gulbahar,gulbahar
E:/8semproject/dataset_split/test\gulbahar\pink-daisy-background-13651655.jpg,gulbahar,gulbahar
E:/8semproject/dataset_split/test\gulbahar\pink-daisy-flower-1074614.jpg,gulbahar,gulbahar
E:/8semproject/dataset_split/test\gulbahar\pink-daisy-highkey-513823.jpg,gulbahar,gulbahar
E:/8semproject/dataset_split/test\gulbahar\pink-daisy-isolated-9739404.jpg,gulbahar,gulbahar
E:/8semproject/dataset_split/test\gulbahar\pink-daisy-water-droplets-4464571.jpg,gulbahar,gulbahar
E:/8semproject/dataset_split/test\gulbahar\pink-gerber-daisy-3987780.jpg,gulbahar,japakusum
E:/8semproject/dataset_split/test\gulbahar\pink-gerbera-daisy-collage-9498194.jpg,gulbahar,gulbahar
E:/8semproject/dataset_split/test\gulbahar\pink-gerbera-daisy-flower-isolated-on-white-picture-id523053610.jpg,gulbahar,japakusum
E:/8semproject/dataset_split/test\gulbahar\pink-osteosperumum-flower-daisy-violet-44737688.jpg,gulbahar,gulbahar
E:/8semproject/dataset_split/test\gulbahar\poppy-daisy-5695122.jpg,gulbahar,gulbahar
E:/8semproject/dataset_split/test\gulbahar\purple-center-osteospermum-flowers-yellow-daisy-flower-daisies-f-80219929.jpg,gulbahar,rose
E:/8semproject/dataset_split/test\gulbahar\purple-daisy-13736797.jpg,gulbahar,japakusum
E:/8semproject/dataset_split/test\gulbahar\purple-daisy-18998807.jpg,gulbahar,japakusum
E:/8semproject/dataset_split/test\gulbahar\purple-daisy-5468204.jpg,gulbahar,gulbahar
E:/8semproject/dataset_split/test\gulbahar\purple-daisy-macro-12989136.jpg,gulbahar,gulbahar
E:/8semproject/dataset_split/test\gulbahar\purple-flowers-cape-daisies-white-background-with-copy-space-picture-id1185942480.jpg,gulbahar,gulbahar
E:/8semproject/dataset_split/test\gulbahar\pyrethrum-daisy-red-blooming-spring-39569228.jpg,gulbahar,dandelion
E:/8semproject/dataset_split/test\gulbahar\rain-daisy-against-blue-sky-917595.jpg,gulbahar,gulbahar
E:/8semproject/dataset_split/test\gulbahar\red-admiral-butterfly-shasta-daisy-15103045.jpg,gulbahar,gulbahar
E:/8semproject/dataset_split/test\gulbahar\red-daisy-2595334.jpg,gulbahar,gulbahar
E:/8semproject/dataset_split/test\gulbahar\red-daisy-4717749.jpg,gulbahar,gulbahar
E:/8semproject/dataset_split/test\gulbahar\red-daisy-flower-isolated-white-9929596.jpg,gulbahar,gulbahar
E:/8semproject/dataset_split/test\gulbahar\red-daisy-isolated-2014814.jpg,gulbahar,gulbahar
E:/8semproject/dataset_split/test\gulbahar\red-daisy-macro-6412932.jpg,gulbahar,daisy
E:/8semproject/dataset_split/test\gulbahar\red-gerbera-daisy-22905978.jpg,gulbahar,japakusum
E:/8semproject/dataset_split/test\gulbahar\red-red-daisy-flowers-27783077.jpg,gulbahar,japakusum
E:/8semproject/dataset_split/test\gulbahar\rubber-boots-daisy-grass-13793977.jpg,gulbahar,gulbahar
E:/8semproject/dataset_split/test\gulbahar\selection-of-isolated-gerberas-picture-id184617765.jpg,gulbahar,japakusum
E:/8semproject/dataset_split/test\gulbahar\sepia-daisy-18161217.jpg,gulbahar,dandelion
E:/8semproject/dataset_split/test\gulbahar\sepia-textured-daisy-wallpaper-4087567.jpg,gulbahar,gulbahar
E:/8semproject/dataset_split/test\gulbahar\single-daisy-4970253.jpg,gulbahar,dandelion
E:/8semproject/dataset_split/test\gulbahar\single-purple-chrysanthemum-flower-cut-out-white-background-picture-id1126454956.jpg,gulbahar,japakusum
E:/8semproject/dataset_split/test\gulbahar\small-white-flowers-and-leafs-isolated-vector-id506909292.jpg,gulbahar,gulbahar
E:/8semproject/dataset_split/test\gulbahar\solitary-daisy-4823287.jpg,gulbahar,gulbahar
E:/8semproject/dataset_split/test\gulbahar\spring-daisy-flowers-picture-id915614956.jpg,gulbahar,gulbahar
E:/8semproject/dataset_split/test\gulbahar\spring-grass-daisy-wildflowers-isolated-clipping-path-alpha-channel-156239543.jpg,gulbahar,amala
E:/8semproject/dataset_split/test\gulbahar\stock-photo-of-a-white-daisy-on-a-white-background-picture-id186810844.jpg,gulbahar,gulbahar
E:/8semproject/dataset_split/test\gulbahar\stones-daisy-25358142.jpg,gulbahar,gulbahar
E:/8semproject/dataset_split/test\gulbahar\strawberries-daisy-867844.jpg,gulbahar,rose
E:/8semproject/dataset_split/test\gulbahar\summer-beauty-daisy-13919280.jpg,gulbahar,gulbahar
E:/8semproject/dataset_split/test\gulbahar\summer-daisy-yellow-flower-background-7316660.jpg,gulbahar,gulbahar
E:/8semproject/dataset_split/test\gulbahar\summer-flowers-picture-id936801350.jpg,gulbahar,gulbahar
E:/8semproject/dataset_split/test\gulbahar\summer-nature-background-with-daises-and-sunlight-banner-for-website-picture-id484552812.jpg,gulbahar,gulbahar
E:/8semproject/dataset_split/test\gulbahar\sunny-daisy-9961556.jpg,gulbahar,gulbahar
E:/8semproject/dataset_split/test\gulbahar\sunny-daisy-blue-sky-background-10151272.jpg,gulbahar,gulbahar
E:/8semproject/dataset_split/test\gulbahar\sunray-on-flower-daisy-nature-poem-postcard-picture-id168492607.jpg,gulbahar,gulbahar
E:/8semproject/dataset_split/test\gulbahar\sunrise-spring-field-daisy-flowers-9308836.jpg,gulbahar,gulbahar
E:/8semproject/dataset_split/test\gulbahar\sy-flower-lovely-petals-brilliant-pretty-has-stunning-pattern-petal-32988573.jpg,gulbahar,gulbahar
E:/8semproject/dataset_split/test\gulbahar\three-daisys-isolated-picture-id182721513.jpg,gulbahar,gulbahar
E:/8semproject/dataset_split/test\gulbahar\three-flowers-of-chamomile-isolated-on-a-white-background-picture-id902990068.jpg,gulbahar,gulbahar
E:/8semproject/dataset_split/test\gulbahar\tural-wallpaper-soft-focus-blue-blurry-pastel-picture-spring-nature-29956116.jpg,gulbahar,gulbahar
E:/8semproject/dataset_split/test\gulbahar\twisted-daisy-14897220.jpg,gulbahar,gulbahar
E:/8semproject/dataset_split/test\gulbahar\two-chamomiles-picture-id490211514.jpg,gulbahar,gulbahar
E:/8semproject/dataset_split/test\gulbahar\ulus-hyacinth-daisy-gerb-gerber-beautiful-isolated-white-background-58827450.jpg,gulbahar,japakusum
E:/8semproject/dataset_split/test\gulbahar\violet-daisy-4175820.jpg,gulbahar,japakusum
E:/8semproject/dataset_split/test\gulbahar\violet-daisy-gerber-4713320.jpg,gulbahar,japakusum
E:/8semproject/dataset_split/test\gulbahar\violet-garber-daisy-2066270.jpg,gulbahar,rose
E:/8semproject/dataset_split/test\gulbahar\wedding-rings-daisy-14950853.jpg,gulbahar,gulbahar
E:/8semproject/dataset_split/test\gulbahar\wet-daisy-2217410.jpg,gulbahar,daisy
E:/8semproject/dataset_split/test\gulbahar\wet-daisy-heads-2655306.jpg,gulbahar,gulbahar
E:/8semproject/dataset_split/test\gulbahar\wet-daisy-heads-2655307.jpg,gulbahar,gulbahar
E:/8semproject/dataset_split/test\gulbahar\white-daisies-flowers-in-bright-sun-light-picture-id938573104.jpg,gulbahar,gulbahar
E:/8semproject/dataset_split/test\gulbahar\white-daisies-from-different-sides-picture-id1285308969.jpg,gulbahar,gulbahar
E:/8semproject/dataset_split/test\gulbahar\white-daisies-in-a-meadow-lit-by-sunlight-picture-id941033510.jpg,gulbahar,gulbahar
E:/8semproject/dataset_split/test\gulbahar\white-daisies-in-spring-meadow-oxeye-daisy-leucanthemum-vulgare-picture-id968606200.jpg,gulbahar,dandelion
E:/8semproject/dataset_split/test\gulbahar\white-daisies-outdoors-picture-id854169798.jpg,gulbahar,gulbahar
E:/8semproject/dataset_split/test\gulbahar\white-daisy-10541467.jpg,gulbahar,gulbahar
E:/8semproject/dataset_split/test\gulbahar\white-daisy-1610302.jpg,gulbahar,gulbahar
E:/8semproject/dataset_split/test\gulbahar\white-daisy-5124079.jpg,gulbahar,gulbahar
E:/8semproject/dataset_split/test\gulbahar\white-daisy-9382211.jpg,gulbahar,gulbahar
E:/8semproject/dataset_split/test\gulbahar\white-daisy-black-reflection-6998188.jpg,gulbahar,dandelion
E:/8semproject/dataset_split/test\gulbahar\white-daisy-flower-bellis-spp-field-top-view-39008084.jpg,gulbahar,gulbahar
E:/8semproject/dataset_split/test\gulbahar\white-daisy-flowers-14688943.jpg,gulbahar,gulbahar
E:/8semproject/dataset_split/test\gulbahar\white-daisy-isolated-2014824.jpg,gulbahar,gulbahar
E:/8semproject/dataset_split/test\gulbahar\white-daisy-picture-id173838767.jpg,gulbahar,gulbahar
E:/8semproject/dataset_split/test\gulbahar\white-daisy-with-stem-picture-id89346531.jpg,gulbahar,gulbahar
E:/8semproject/dataset_split/test\gulbahar\white-marguerite-and-european-honey-bee-leucanthemum-vulgare-apis-picture-id963337162.jpg,gulbahar,gulbahar
E:/8semproject/dataset_split/test\gulbahar\wild-spring-flowers-green-meadow-picture-id157405420.jpg,gulbahar,gulbahar
E:/8semproject/dataset_split/test\gulbahar\wreath-made-of-chamomiles-petals-leaves-on-beige-background-flat-lay-picture-id1199484533.jpg,gulbahar,gulbahar
E:/8semproject/dataset_split/test\gulbahar\wreath-made-of-chamomiles-petals-leaves-on-beige-background-flat-lay-picture-id1275671276.jpg,gulbahar,gulbahar
E:/8semproject/dataset_split/test\gulbahar\yellow-concentric-daisy-flower-isolated-white-mandala-design-background-kaleidoscopic-35480737.jpg,gulbahar,gulbahar
E:/8semproject/dataset_split/test\gulbahar\yellow-daisy-12372177.jpg,gulbahar,gulbahar
E:/8semproject/dataset_split/test\gulbahar\yellow-daisy-20625891.jpg,gulbahar,gulbahar
E:/8semproject/dataset_split/test\gulbahar\yellow-daisy-2105661.jpg,gulbahar,gulbahar
E:/8semproject/dataset_split/test\gulbahar\yellow-daisy-4380299.jpg,gulbahar,gulbahar
E:/8semproject/dataset_split/test\gulbahar\yellow-daisy-heart-center-5307793.jpg,gulbahar,amala
E:/8semproject/dataset_split/test\gulbahar\yellow-flowers-picture-id506321010.jpg,gulbahar,gulbahar
E:/8semproject/dataset_split/test\gulbahar\yellow-gerber-daisy-8208048.jpg,gulbahar,gulbahar
E:/8semproject/dataset_split/test\gulbahar\yellow-gerber-daisy-flower-6099289.jpg,gulbahar,dandelion
E:/8semproject/dataset_split/test\gulbahar\yellow-gerbera-daisy-549337.jpg,gulbahar,gulbahar
E:/8semproject/dataset_split/test\gulbahar\yellow-sunny-daisy-flower-5760172.jpg,gulbahar,gulbahar
E:/8semproject/dataset_split/test\japakusum\00b9381bee79ee3944a064ffc88422cb2bdf89af.jpg,japakusum,japakusum
E:/8semproject/dataset_split/test\japakusum\00cae5f8be7019aab0f3f5cbe1f8f851c9c42c38.jpg,japakusum,gulbahar
E:/8semproject/dataset_split/test\japakusum\04be205105ed1a2aea8b6c4628bd340241d661cb.jpg,japakusum,japakusum
E:/8semproject/dataset_split/test\japakusum\05a6d80500430dc40b48fc83b27d73c6d296dd45.jpg,japakusum,japakusum
E:/8semproject/dataset_split/test\japakusum\05edba903658366230d53abe805df4a1b555bddf.jpg,japakusum,japakusum
E:/8semproject/dataset_split/test\japakusum\07a96117b6c03d24c104dad7622f9ba04ecb69d4.jpg,japakusum,japakusum
E:/8semproject/dataset_split/test\japakusum\07e24802a58017e2ccedb0107e8347e11d5356bd.jpg,japakusum,japakusum
E:/8semproject/dataset_split/test\japakusum\07e24f717567ca1fe091c92c738b3e1d53cc28e7.jpg,japakusum,japakusum
E:/8semproject/dataset_split/test\japakusum\07f8c53b575c97d350974afd8c73b82a7e7524fd.jpg,japakusum,japakusum
E:/8semproject/dataset_split/test\japakusum\0a211ad149207cdec935aecc5c489cef19a2544b.jpg,japakusum,japakusum
E:/8semproject/dataset_split/test\japakusum\0a57547024548f29d718d4a4f99394e6b68c7ab4.jpg,japakusum,japakusum
E:/8semproject/dataset_split/test\japakusum\0a5d6da5d9a0cd2e8007536fd20460c493b99852.jpg,japakusum,japakusum
E:/8semproject/dataset_split/test\japakusum\0a94d8228d56ce6edd99f1a9049649f9c7fe5f0a.jpg,japakusum,gulbahar
E:/8semproject/dataset_split/test\japakusum\0aacb63d1d0f2c538ef0f69d5444a2102161993e.jpg,japakusum,gulbahar
E:/8semproject/dataset_split/test\japakusum\0ad06c966e94978b659f44e72cba384abfefa5b6.jpg,japakusum,japakusum
E:/8semproject/dataset_split/test\japakusum\0b2bc6beeac03eea224225954b0512e2bd516089.jpg,japakusum,gulbahar
E:/8semproject/dataset_split/test\japakusum\0b614fa397a945b69addd8ccd8630276317047fd.jpg,japakusum,japakusum
E:/8semproject/dataset_split/test\japakusum\0b7d47c02eeacc985ddeebcfa5920a65182c3aea.jpg,japakusum,japakusum
E:/8semproject/dataset_split/test\japakusum\0b95b745f684a3c5e5130b9bb39781b1259b84e6.jpg,japakusum,japakusum
E:/8semproject/dataset_split/test\japakusum\1-1254836694ahTH.jpg,japakusum,japakusum
E:/8semproject/dataset_split/test\japakusum\1200px-Hibiscus_Brilliant.jpg,japakusum,japakusum
E:/8semproject/dataset_split/test\japakusum\1672290.jpg,japakusum,japakusum
E:/8semproject/dataset_split/test\japakusum\3fc38964479d010ac3115221be8a5a5d41d616c1.jpg,japakusum,japakusum
E:/8semproject/dataset_split/test\japakusum\3fcd2c532b833c3c98f244d368b6316b9e0937d0.jpg,japakusum,gulbahar
E:/8semproject/dataset_split/test\japakusum\41AmV83eL.jpg,japakusum,rose
E:/8semproject/dataset_split/test\japakusum\4a065b091ae2d4fdba98b792b10d51bc67b4bd04.jpg,japakusum,gulbahar
E:/8semproject/dataset_split/test\japakusum\4a10a175f5ebdefcbb607a8fe64a72d36e30c0aa.jpg,japakusum,japakusum
E:/8semproject/dataset_split/test\japakusum\4a696a39c39ce1713d9ee791a13cd5e54fa46432.jpg,japakusum,japakusum
E:/8semproject/dataset_split/test\japakusum\4acb1e71e45a828c7e3c4e5a7f08bee93ed4f4e5.jpg,japakusum,gulbahar
E:/8semproject/dataset_split/test\japakusum\4ae45330ae17ef620f9607833da2dd0d7f10b497.jpg,japakusum,rose
E:/8semproject/dataset_split/test\japakusum\4ae5c866da51f5fd2ade5f034db870e10e118d87.jpg,japakusum,japakusum
E:/8semproject/dataset_split/test\japakusum\4ae9e5689e9cb24deb7be7094d82d5d3eed5793a.jpg,japakusum,gulbahar
E:/8semproject/dataset_split/test\japakusum\4b139bb17165da5cdb9b5c8374c0a2df0ec9f86b.jpg,japakusum,japakusum
E:/8semproject/dataset_split/test\japakusum\4b468d0b54ca3f302fec183df972c74353a30c7c.jpg,japakusum,japakusum
E:/8semproject/dataset_split/test\japakusum\4b4730ca06780ff74190357b0dc506f70811b12e.jpg,japakusum,japakusum
E:/8semproject/dataset_split/test\japakusum\4b8875f7df9f22f8fbf4f13bac0d39a916ef629d.jpg,japakusum,japakusum
E:/8semproject/dataset_split/test\japakusum\4b941f8bd327a1ef36e18ba0ddecb3d33df283cd.jpg,japakusum,gulbahar
E:/8semproject/dataset_split/test\japakusum\4c1e2159e00eaa3da86f0a44c6207deed04d2fe9.jpg,japakusum,gulbahar
E:/8semproject/dataset_split/test\japakusum\4c8b03585d09768d958a1be42582f471883add69.jpg,japakusum,japakusum
E:/8semproject/dataset_split/test\japakusum\4c8fc1f21737cddde67662bdb9dc6ab3a9e21cc8.jpg,japakusum,japakusum
E:/8semproject/dataset_split/test\japakusum\4d31860bbc05c231508e33294b78df93c3932b01.jpg,japakusum,japakusum
E:/8semproject/dataset_split/test\japakusum\4d555670028fe5e5ee87cc8973fa74a429804359.jpg,japakusum,japakusum
E:/8semproject/dataset_split/test\japakusum\4d7287c6396ff703faf26e03c68edc8363af9a34.jpg,japakusum,gulbahar
E:/8semproject/dataset_split/test\japakusum\4d7609d5f16201c1d7b738b707c62392a044d844.jpg,japakusum,japakusum
E:/8semproject/dataset_split/test\japakusum\4daed5f34ffc5999046a3bf9b0b92bd914c0e6d9.jpg,japakusum,japakusum
E:/8semproject/dataset_split/test\japakusum\4dfb4f4295e3b6bd56ee6171c89c73306e860878.jpg,japakusum,japakusum
E:/8semproject/dataset_split/test\japakusum\4dfe2404a4727dfb2999747adf78a210d664c290.jpg,japakusum,gulbahar
E:/8semproject/dataset_split/test\japakusum\4e5ea6b8f25793d338dea9abd77c9471ea2c81c6.jpg,japakusum,japakusum
E:/8semproject/dataset_split/test\japakusum\4e8a7d718f5bc4f619c8d90450cced2e4eba53b6.jpg,japakusum,gulbahar
E:/8semproject/dataset_split/test\japakusum\519bXwBNHXL._AC_SX466_.jpg,japakusum,japakusum
E:/8semproject/dataset_split/test\japakusum\5a0944d0e4487a1d929014f07ec652f2c8587875.jpg,japakusum,japakusum
E:/8semproject/dataset_split/test\japakusum\5a4a8e07fa49ff2b05b580c4798a002bf18e60d1.jpg,japakusum,japakusum
E:/8semproject/dataset_split/test\japakusum\5a6468b8e11aa77c6a6d7154856c5753f6d5da4a.jpg,japakusum,japakusum
E:/8semproject/dataset_split/test\japakusum\5a79c581d0092bb31466baaaf26a2f5ca26b26db.jpg,japakusum,japakusum
E:/8semproject/dataset_split/test\japakusum\5a8f8798b5d25bc3c84fafdeb5a3deb079b2adf5.jpg,japakusum,japakusum
E:/8semproject/dataset_split/test\japakusum\5aa19e6b8029c8be0facc73c74c52cc0ade250f3.jpg,japakusum,japakusum
E:/8semproject/dataset_split/test\japakusum\5ab81f727f27361eac0f8aaccf5cc61c94a9fa0d.jpg,japakusum,japakusum
E:/8semproject/dataset_split/test\japakusum\5b629c8e7b3d92469979eaf1dc7727ea6481d186.jpg,japakusum,japakusum
E:/8semproject/dataset_split/test\japakusum\5c3302217d4bd7c13ca45e6e9e6de83917f9734d.jpg,japakusum,japakusum
E:/8semproject/dataset_split/test\japakusum\5c6b99d1a90494d0bb0b8b2ae047a8a3a00266f5.jpg,japakusum,gulbahar
E:/8semproject/dataset_split/test\japakusum\5c7874953397e423ecdb2d0a236b00c179a47b84.jpg,japakusum,gulbahar
E:/8semproject/dataset_split/test\japakusum\5c81e26501053b01c6338b33755028f50b8426e2.jpg,japakusum,japakusum
E:/8semproject/dataset_split/test\japakusum\5c89ddb0dda12d9d2fb8e978f54de4415e047396.jpg,japakusum,japakusum
E:/8semproject/dataset_split/test\japakusum\5c9986364345f6be8ddc6b5950c859534066d2c4.jpg,japakusum,gulbahar
E:/8semproject/dataset_split/test\japakusum\5cc690765bd3395ac753c77279c78559e9f68b27.jpg,japakusum,japakusum
E:/8semproject/dataset_split/test\japakusum\5cd5522dbbbde5bbb7bccb1650fb06d2a70109d1.jpg,japakusum,gulbahar
E:/8semproject/dataset_split/test\japakusum\5d4fa557de2ba74119acc3a353deba65554b390e.jpg,japakusum,japakusum
E:/8semproject/dataset_split/test\japakusum\5d67663345a18ab6e1025fb9e220fb0c25f458cd.jpg,japakusum,japakusum
E:/8semproject/dataset_split/test\japakusum\5d797f71e255ff53a58c4ac15e9d776e31f58aad.jpg,japakusum,japakusum
E:/8semproject/dataset_split/test\japakusum\5d9d9bc36a3a4413b17ef066ad5166bca8002276.jpg,japakusum,gulbahar
E:/8semproject/dataset_split/test\japakusum\5db0f8446c39c89a0adb9e1c0e964309c0effc59.jpg,japakusum,gulbahar
E:/8semproject/dataset_split/test\japakusum\5de99498ae9948220c5f4da8ae0ec89eaed73231.jpg,japakusum,gulbahar
E:/8semproject/dataset_split/test\japakusum\5e7142a021ae1ca7166c435933b3c7f61fd47609.jpg,japakusum,japakusum
E:/8semproject/dataset_split/test\japakusum\5e9a1af1263add5c9208d8470d56206a36774f87.jpg,japakusum,japakusum
E:/8semproject/dataset_split/test\japakusum\5effe07ad89d2f37817ce2474de3d627a8f2dfc6.jpg,japakusum,gulbahar
E:/8semproject/dataset_split/test\japakusum\5f0aed75205ba20aeb443eefa29410a044f9b4bf.jpg,japakusum,japakusum
E:/8semproject/dataset_split/test\japakusum\5f1cde15c33611d4a15a94267b113300212d55bc.jpg,japakusum,gulbahar
E:/8semproject/dataset_split/test\japakusum\5f5dacc35b173395758f6eaa7ecba83cf6301a60.jpg,japakusum,japakusum
E:/8semproject/dataset_split/test\japakusum\5f76846897464b7681ae75586ffdfdc55e035b57.jpg,japakusum,japakusum
E:/8semproject/dataset_split/test\japakusum\5f80d048bc3e0b9bac4bc4278fbec880542b5998.jpg,japakusum,gulbahar
E:/8semproject/dataset_split/test\japakusum\5f98d22e47e084938f0798a7b9d67cc61a70cb08.jpg,japakusum,japakusum
E:/8semproject/dataset_split/test\japakusum\5fc723b17f850f8b7dbfc6f5868ef63ded678c9a.jpg,japakusum,japakusum
E:/8semproject/dataset_split/test\japakusum\6a60f56fda593655263e64c72d526fbbae680d54.jpg,japakusum,japakusum
E:/8semproject/dataset_split/test\japakusum\6a8be9071e480546d3e7554ef473ab2b583c187d.jpg,japakusum,japakusum
E:/8semproject/dataset_split/test\japakusum\6b0d184cec2c4d4583b2406fdab8433b47c21e03.jpg,japakusum,gulbahar
E:/8semproject/dataset_split/test\japakusum\6b2da5f9306ffd8a1d9a5d38034ec4483da3063b.jpg,japakusum,japakusum
E:/8semproject/dataset_split/test\japakusum\6b38d7e401f088a54fa00df31c14922061104c1c.jpg,japakusum,gulbahar
E:/8semproject/dataset_split/test\japakusum\6b4b4d2a817a866063ca5e0a61c266b65e8f357a.jpg,japakusum,gulbahar
E:/8semproject/dataset_split/test\japakusum\6b6279c268ca15620702acefac5eefc6e8d6a78b.jpg,japakusum,japakusum
E:/8semproject/dataset_split/test\japakusum\6b642028392a2f91e9f5a7871850365d558d55c2.jpg,japakusum,gulbahar
E:/8semproject/dataset_split/test\japakusum\6b6cd3a590a4944b616cdcbdf77ef1ec864b75d8.jpg,japakusum,japakusum
E:/8semproject/dataset_split/test\japakusum\6b75df7d89aa6421adeb77af17dabe4cb311864d.jpg,japakusum,japakusum
E:/8semproject/dataset_split/test\japakusum\6c01117fbae1d14ede0eef09d2b22bf92ace9305.jpg,japakusum,japakusum
E:/8semproject/dataset_split/test\japakusum\6c1d702a96ed6652a7751193c6525c25848ee26c.jpg,japakusum,rose
E:/8semproject/dataset_split/test\japakusum\6c245feaf682945e2c098d515458fb5fbead0073.jpg,japakusum,japakusum
E:/8semproject/dataset_split/test\japakusum\6c4a5991211f022d90ba5f19736710d0d18df38b.jpg,japakusum,japakusum
E:/8semproject/dataset_split/test\japakusum\6c54a8a1ed2bc05cef4571cf557a3c456c62d52a.jpg,japakusum,gulbahar
E:/8semproject/dataset_split/test\japakusum\6c5ca25d3080f8f57edf352d64c881a239d5188a.jpg,japakusum,gulbahar
E:/8semproject/dataset_split/test\japakusum\6c636a98686f8a1600734979aacb879f6077c2fb.jpg,japakusum,japakusum
E:/8semproject/dataset_split/test\japakusum\6c6383c21552ecb4ebc4942ed4864a4b07d10b0a.jpg,japakusum,gulbahar
E:/8semproject/dataset_split/test\japakusum\6c8d7fe22766d990187c23bd216822d74071b810.jpg,japakusum,gulbahar
E:/8semproject/dataset_split/test\japakusum\6cccca21249a8216c1a53505ac110d26f434d60a.jpg,japakusum,japakusum
E:/8semproject/dataset_split/test\japakusum\6d186bca3360e895af4511c25f13e473de8db848.jpg,japakusum,gulbahar
E:/8semproject/dataset_split/test\japakusum\6d3a273d3ad925f3be93415bf409ac4e419b99be.jpg,japakusum,japakusum
E:/8semproject/dataset_split/test\japakusum\6d495abe5a9f649276593d28e8cbcd6f64e852fe.jpg,japakusum,japakusum
E:/8semproject/dataset_split/test\japakusum\6d673d166385e50abb1d9c2d311f9d2e5f947e60.jpg,japakusum,japakusum
E:/8semproject/dataset_split/test\japakusum\6d7c96b3ce7f7b947e85448730f9cf6e32acd5bf.jpg,japakusum,japakusum
E:/8semproject/dataset_split/test\japakusum\6d81bd79f6a88ee7b4f59746e934ffd80e05ed17.jpg,japakusum,japakusum
E:/8semproject/dataset_split/test\japakusum\6dcd0c7d5a0224762992ceebc1bdb3e86ec1d76c.jpg,japakusum,gulbahar
E:/8semproject/dataset_split/test\japakusum\6e735d550d347e2dcad6c4e785842ae6bef4b5d5.jpg,japakusum,japakusum
E:/8semproject/dataset_split/test\japakusum\6e80564b4711151db1dc278515d83a469d2c48cd.jpg,japakusum,gulbahar
E:/8semproject/dataset_split/test\japakusum\6ebbb546bb6a23beb3d4006b57e5d4c121dfdcc6.jpg,japakusum,japakusum
E:/8semproject/dataset_split/test\japakusum\6ef58caeb3f9d793f875a45e7842cf8a30929a90.jpg,japakusum,japakusum
E:/8semproject/dataset_split/test\japakusum\6efd2b5a5572325dd028e7d2a6f39c5ea7aff2d6.jpg,japakusum,japakusum
E:/8semproject/dataset_split/test\japakusum\6f0300349b2ee06e92d0161d3a5c7c064990ff67.jpg,japakusum,japakusum
E:/8semproject/dataset_split/test\japakusum\6f43ff9721b2701d240403d02792e2c57144e83a.jpg,japakusum,gulbahar
E:/8semproject/dataset_split/test\japakusum\6f45f4b8c51e3a91f440a8298232b7b7a959b47e.jpg,japakusum,dandelion
E:/8semproject/dataset_split/test\japakusum\6f68f300426429e479eb332a2ef0cfd281108242.jpg,japakusum,japakusum
E:/8semproject/dataset_split/test\japakusum\6f9bff0192bc574d8daf32ae4f67a98f4a05316f.jpg,japakusum,japakusum
E:/8semproject/dataset_split/test\japakusum\77246A.jpg,japakusum,japakusum
E:/8semproject/dataset_split/test\japakusum\7a0221293d75251fdb966a21b4be9130fc1cf879.jpg,japakusum,japakusum
E:/8semproject/dataset_split/test\japakusum\7a18b95ba6692a4cc12b78b2379ec091d279070d.jpg,japakusum,japakusum
E:/8semproject/dataset_split/test\japakusum\7a788267641afd21e4fac4f8a2accd6f23b4ea97.jpg,japakusum,japakusum
E:/8semproject/dataset_split/test\japakusum\7a7c646f204dc8be742db186919b5396b808591a.jpg,japakusum,japakusum
E:/8semproject/dataset_split/test\japakusum\7aa3421193ce06e2700625ea5abafafc9daad4bf.jpg,japakusum,gulbahar
E:/8semproject/dataset_split/test\japakusum\7ac481083a5a4b991dbbfb99359be1be5ddc6dcd.jpg,japakusum,gulbahar
E:/8semproject/dataset_split/test\japakusum\7aeab0dbf69838daf70bb5a703f943334fb326cc.jpg,japakusum,japakusum
E:/8semproject/dataset_split/test\japakusum\7b3aab40017fae265051125ba1c289c0742b13fe.jpg,japakusum,gulbahar
E:/8semproject/dataset_split/test\japakusum\7b9dece09e416bce84a47c60104f234c3a04715c.jpg,japakusum,japakusum
E:/8semproject/dataset_split/test\japakusum\7ba15a6377f91107330325737e0f19f27b8e1704.jpg,japakusum,japakusum
E:/8semproject/dataset_split/test\japakusum\7bbaff09947c14a00259dafa458d0670877457ef.jpg,japakusum,japakusum
E:/8semproject/dataset_split/test\japakusum\7bbb575a07f1ec64abb96afd75f481c63bc016b8.jpg,japakusum,gulbahar
E:/8semproject/dataset_split/test\japakusum\7c3954928985f398c5ddbc65b35a5ff28b7e69f3.jpg,japakusum,japakusum
E:/8semproject/dataset_split/test\japakusum\7c4f863eb58ec9af2646d05c1807c6e01f35d9ce.jpg,japakusum,gulbahar
E:/8semproject/dataset_split/test\japakusum\7c614066d564b77c0e547db455d5b57d5f5a90d8.jpg,japakusum,japakusum
E:/8semproject/dataset_split/test\japakusum\7c845bb965f207b85832e451f9f06838cec13c11.jpg,japakusum,japakusum
E:/8semproject/dataset_split/test\japakusum\7cdd9403eb78cc8ed2fac50765a002a6b53bd16e.jpg,japakusum,japakusum
E:/8semproject/dataset_split/test\japakusum\7d29af12371f483563eac11add9833b3e34d42ef.jpg,japakusum,japakusum
E:/8semproject/dataset_split/test\japakusum\7d330d993c8089f6cfe8b765bc5da5a35d6ae103.jpg,japakusum,japakusum
E:/8semproject/dataset_split/test\japakusum\7d37947d7c17ad854b34acf1490985743f2adf94.jpg,japakusum,japakusum
E:/8semproject/dataset_split/test\japakusum\7d85616f95885bfa594fd06afb6c3c969875e9ec.jpg,japakusum,japakusum
E:/8semproject/dataset_split/test\japakusum\7d888ad7116c4794ec4401de460df621c889655f.jpg,japakusum,gulbahar
E:/8semproject/dataset_split/test\japakusum\7dbe77da9feaecfba436ede55938b717688f077e.jpg,japakusum,japakusum
E:/8semproject/dataset_split/test\japakusum\7dd460e88e936a3087f3e7c07f69d3d59a5ecb9e.jpg,japakusum,gulbahar
E:/8semproject/dataset_split/test\japakusum\7e1c057b7d629a076d536c6b6415641d826ea6ad.jpg,japakusum,japakusum
E:/8semproject/dataset_split/test\japakusum\7e1e4d8ef4b729344f2191c337babc33337e53ce.jpg,japakusum,japakusum
E:/8semproject/dataset_split/test\japakusum\7e654c2076e2171cc39b84a364eb11c632548bb5.jpg,japakusum,japakusum
E:/8semproject/dataset_split/test\japakusum\7e6a6142ce14ef1aecdd2177da0ebaeb94f7f7d9.jpg,japakusum,japakusum
E:/8semproject/dataset_split/test\japakusum\7e81bae0821aaa04bfe0a8c9892df4dcdc009f3b.jpg,japakusum,japakusum
E:/8semproject/dataset_split/test\japakusum\7eae4e85e52fa5e6adba829ca0bbe0075d0559d7.jpg,japakusum,japakusum
E:/8semproject/dataset_split/test\japakusum\7ebcd1b0c092ce8137491995c91a7ead8bb715f1.jpg,japakusum,gulbahar
E:/8semproject/dataset_split/test\japakusum\7ebef2909a1731781627387ab71e398a111b9ab2.jpg,japakusum,gulbahar
E:/8semproject/dataset_split/test\japakusum\7eef03f67da73d4be7155389d3377e44f4980d75.jpg,japakusum,japakusum
E:/8semproject/dataset_split/test\japakusum\7f1c7ed3a8c676c1147e8ff43f31b3ff47a32486.jpg,japakusum,gulbahar
E:/8semproject/dataset_split/test\japakusum\7f22ae9301852b5401c3ecd2fd8119025c8806b6.jpg,japakusum,japakusum
E:/8semproject/dataset_split/test\japakusum\7f86a89b5eec9b82f3f638d5b7aa86fe12eec6d7.jpg,japakusum,gulbahar
E:/8semproject/dataset_split/test\japakusum\7f8a896e3476c18b0be761d0d0a79566412fcb60.jpg,japakusum,japakusum
E:/8semproject/dataset_split/test\japakusum\7fbc2405076c5b03bc96914e44e58ff16890d2a4.jpg,japakusum,japakusum
E:/8semproject/dataset_split/test\japakusum\7fe80ea18c867c4e6b8bbe9dfb1af537d496df18.jpg,japakusum,japakusum
E:/8semproject/dataset_split/test\japakusum\7feae49bb0ba7c524a40e9e628f6ca519c929bee.jpg,japakusum,japakusum
E:/8semproject/dataset_split/test\japakusum\7ff84436b89bc435ed3606924c5189e105c6ce73.jpg,japakusum,japakusum
E:/8semproject/dataset_split/test\japakusum\8a341dfd51ae827316390a0d0c8b3613dbbb32e9.jpg,japakusum,japakusum
E:/8semproject/dataset_split/test\japakusum\8a3837f0308dbdd2272cf4ed751541d22ade2c32.jpg,japakusum,japakusum
E:/8semproject/dataset_split/test\japakusum\8a5f953af72cd28b697ae5bf6a5049c81dbef5f9.jpg,japakusum,japakusum
E:/8semproject/dataset_split/test\japakusum\8a6a4531a9b295c587a24ebd0dc97e7e60180e23.jpg,japakusum,japakusum
E:/8semproject/dataset_split/test\japakusum\8a94557d034bd7092b525cce281bf4ff7ca9fd3c.jpg,japakusum,gulbahar
E:/8semproject/dataset_split/test\japakusum\8aba380e909797707f78fa40393652391388bcae.jpg,japakusum,gulbahar
E:/8semproject/dataset_split/test\japakusum\8ae2696e27137445c0f42b5a743f3e37f68d6da9.jpg,japakusum,japakusum
E:/8semproject/dataset_split/test\japakusum\8ae35e1ab890e1757589b3243c5448057e004e90.jpg,japakusum,gulbahar
E:/8semproject/dataset_split/test\japakusum\8b05ff5320885b72ea5cdd74e787e0f0db90ad48.jpg,japakusum,japakusum
E:/8semproject/dataset_split/test\japakusum\8b1055c8a63c3fc7e1481296c82894cb17a85d90.jpg,japakusum,gulbahar
E:/8semproject/dataset_split/test\japakusum\8b36eb9df4b15ab2fde5e2d1daa8e79b66a61dc6.jpg,japakusum,japakusum
E:/8semproject/dataset_split/test\japakusum\8b484d763fa9e93942d3f0b0ebca06763e076b9f.jpg,japakusum,japakusum
E:/8semproject/dataset_split/test\japakusum\8b56e7be5216cb774b285b071ff77515877536b0.jpg,japakusum,japakusum
E:/8semproject/dataset_split/test\japakusum\8b7a860d2a432db02bfc28164ac4de4398b59e53.jpg,japakusum,amala
E:/8semproject/dataset_split/test\japakusum\8bd902b0b4e7969806bc6d9c24fdd5cf9e12609b.jpg,japakusum,japakusum
E:/8semproject/dataset_split/test\japakusum\8bfc95d7d78de1d640c860fc2f3fcf889b1f910a.jpg,japakusum,gulbahar
E:/8semproject/dataset_split/test\japakusum\8c3f6a4b16ce64e123d59a246ab03bd2e7d1865b.jpg,japakusum,japakusum
E:/8semproject/dataset_split/test\japakusum\8ce8742a3fe4a92a3e362671f102c4b43497cf31.jpg,japakusum,gulbahar
E:/8semproject/dataset_split/test\japakusum\8d866143ce96faa136249ec66c25b68be1f4e6fc.jpg,japakusum,japakusum
E:/8semproject/dataset_split/test\japakusum\8db569deb49c91999a06b700ce21eab7de3f13b2.jpg,japakusum,japakusum
E:/8semproject/dataset_split/test\japakusum\9956507-red-hibiscus-flower.jpg,japakusum,japakusum
E:/8semproject/dataset_split/test\japakusum\E282ACC2AAhibiscus-syriacusC3A2E282ACC2AC-isolated-white-background-41245901.jpg,japakusum,gulbahar
E:/8semproject/dataset_split/test\japakusum\aves-overlapping-photo-realism-seamless-tropical-pattern-beautiful-159375105.jpg,japakusum,baganbilas
E:/8semproject/dataset_split/test\japakusum\beautiful-spa-setting-blooming-pink-hibiscus-zen-stones-drops-water-closeup-41996014.jpg,japakusum,rose
E:/8semproject/dataset_split/test\japakusum\bermuda-red-hibiscus-flower-growing-tropical-island-35522497.jpg,japakusum,rose
E:/8semproject/dataset_split/test\japakusum\blooming-red-hibiscus-flowers-with-plenty-of-leaves-photographed-in-picture-id1182203811.jpg,japakusum,japakusum
E:/8semproject/dataset_split/test\japakusum\blue-hibiscus-flower-14680799.jpg,japakusum,japakusum
E:/8semproject/dataset_split/test\japakusum\branch-pink-hibiscus-flower-isolated-white-background-30379020.jpg,japakusum,gulbahar
E:/8semproject/dataset_split/test\japakusum\brilliant-san-diego-red-hibiscus-8310421.jpg,japakusum,gulbahar
E:/8semproject/dataset_split/test\japakusum\budding-red-hibiscus-flower-1146364.jpg,japakusum,gulbahar
E:/8semproject/dataset_split/test\japakusum\bushes-1-64_600.jpg,japakusum,japakusum
E:/8semproject/dataset_split/test\japakusum\chinese-hibiscus-4158345.jpg,japakusum,dandelion
E:/8semproject/dataset_split/test\japakusum\chinese-hibiscus-picture-id1198713412.jpg,japakusum,rhododendron
E:/8semproject/dataset_split/test\japakusum\ckground-flat-lay-top-view-red-hibiscus-flower-leaf-isolated-white-130786051.jpg,japakusum,japakusum
E:/8semproject/dataset_split/test\japakusum\close-up-hibiscus-flower-4165385.jpg,japakusum,gulbahar
E:/8semproject/dataset_split/test\japakusum\close-up-hibiscus-flower-4165971.jpg,japakusum,japakusum
E:/8semproject/dataset_split/test\japakusum\close-up-look-white-flower-hibiscus-moscheutos-101728413.jpg,japakusum,gulbahar
E:/8semproject/dataset_split/test\japakusum\closeup-of-pale-pink-hibiscus-flower-on-white-background-picture-id185013255.jpg,japakusum,japakusum
E:/8semproject/dataset_split/test\japakusum\exotic-yellow-hibiscus-flower-plant-orange-colored-rare-31895897.jpg,japakusum,dandelion
E:/8semproject/dataset_split/test\japakusum\floating-pink-hibiscus-21912900.jpg,japakusum,gulbahar
E:/8semproject/dataset_split/test\japakusum\flowering-hibiscus-25937788.jpg,japakusum,gulbahar
E:/8semproject/dataset_split/test\japakusum\flowering-pink-hibiscus-28166796.jpg,japakusum,gulbahar
E:/8semproject/dataset_split/test\japakusum\flowering-pink-hibiscus-tree-bright-pink-flower-of-hibiscus-picture-id1255864520.jpg,japakusum,japakusum
E:/8semproject/dataset_split/test\japakusum\flowers-blooming-on-ishigaki-island-in-autumn-hibiscus-picture-id1177764693.jpg,japakusum,rhododendron
E:/8semproject/dataset_split/test\japakusum\fresh-hibiscus-flowers-picture-id1300704408.jpg,japakusum,gulbahar
E:/8semproject/dataset_split/test\japakusum\fresh-orange-hibiscus-flower-on-white-background-top-and-side-view-picture-id1168206407.jpg,japakusum,gulbahar
E:/8semproject/dataset_split/test\japakusum\gentle-red-hibiscus-blooming-picture-id1071712334.jpg,japakusum,rose
E:/8semproject/dataset_split/test\japakusum\hardy-hibiscus-close-up-view-winter-not-to-be-confused-smaller-tropical-version-77481259.jpg,japakusum,japakusum
E:/8semproject/dataset_split/test\japakusum\hibi_c.jpg,japakusum,rose
E:/8semproject/dataset_split/test\japakusum\hibiscus-1-256472.jpg,japakusum,japakusum
E:/8semproject/dataset_split/test\japakusum\hibiscus-1-2718147.jpg,japakusum,gulbahar
E:/8semproject/dataset_split/test\japakusum\hibiscus-10615387.jpg,japakusum,japakusum
E:/8semproject/dataset_split/test\japakusum\hibiscus-10771278.jpg,japakusum,gulbahar
E:/8semproject/dataset_split/test\japakusum\hibiscus-1119177.jpg,japakusum,japakusum
E:/8semproject/dataset_split/test\japakusum\hibiscus-12394405.jpg,japakusum,japakusum
E:/8semproject/dataset_split/test\japakusum\hibiscus-12490364.jpg,japakusum,gulbahar
E:/8semproject/dataset_split/test\japakusum\hibiscus-14191343.jpg,japakusum,rose
E:/8semproject/dataset_split/test\japakusum\hibiscus-14398536.jpg,japakusum,japakusum
E:/8semproject/dataset_split/test\japakusum\hibiscus-14541945.jpg,japakusum,dandelion
E:/8semproject/dataset_split/test\japakusum\hibiscus-147287.jpg,japakusum,gulbahar
E:/8semproject/dataset_split/test\japakusum\hibiscus-14860993.jpg,japakusum,gulbahar
E:/8semproject/dataset_split/test\japakusum\hibiscus-18403780.jpg,japakusum,gulbahar
E:/8semproject/dataset_split/test\japakusum\hibiscus-18612516.jpg,japakusum,japakusum
E:/8semproject/dataset_split/test\japakusum\hibiscus-19231515.jpg,japakusum,japakusum
E:/8semproject/dataset_split/test\japakusum\hibiscus-19969994.jpg,japakusum,japakusum
E:/8semproject/dataset_split/test\japakusum\hibiscus-2.jpg,japakusum,japakusum
E:/8semproject/dataset_split/test\japakusum\hibiscus-20409832.jpg,japakusum,japakusum
E:/8semproject/dataset_split/test\japakusum\hibiscus-24814528.jpg,japakusum,japakusum
E:/8semproject/dataset_split/test\japakusum\hibiscus-27300297.jpg,japakusum,gulbahar
E:/8semproject/dataset_split/test\japakusum\hibiscus-2855892.jpg,japakusum,japakusum
E:/8semproject/dataset_split/test\japakusum\hibiscus-29401016.jpg,japakusum,japakusum
E:/8semproject/dataset_split/test\japakusum\hibiscus-3069875.jpg,japakusum,japakusum
E:/8semproject/dataset_split/test\japakusum\hibiscus-3075173.jpg,japakusum,japakusum
E:/8semproject/dataset_split/test\japakusum\hibiscus-3611684.jpg,japakusum,dandelion
E:/8semproject/dataset_split/test\japakusum\hibiscus-4749723.jpg,japakusum,japakusum
E:/8semproject/dataset_split/test\japakusum\hibiscus-4959462.jpg,japakusum,japakusum
E:/8semproject/dataset_split/test\japakusum\hibiscus-5228331.jpg,japakusum,japakusum
E:/8semproject/dataset_split/test\japakusum\hibiscus-5612975.jpg,japakusum,gulbahar
E:/8semproject/dataset_split/test\japakusum\hibiscus-598720.jpg,japakusum,gulbahar
E:/8semproject/dataset_split/test\japakusum\hibiscus-6717991.jpg,japakusum,gulbahar
E:/8semproject/dataset_split/test\japakusum\hibiscus-7009562.jpg,japakusum,japakusum
E:/8semproject/dataset_split/test\japakusum\hibiscus-7188492.jpg,japakusum,japakusum
E:/8semproject/dataset_split/test\japakusum\hibiscus-8237065.jpg,japakusum,japakusum
E:/8semproject/dataset_split/test\japakusum\hibiscus-8350206.jpg,japakusum,gulbahar
E:/8semproject/dataset_split/test\japakusum\hibiscus-apollo-national-flower-malaysia-82182573.jpg,japakusum,japakusum
E:/8semproject/dataset_split/test\japakusum\hibiscus-bloom-4685522.jpg,japakusum,japakusum
E:/8semproject/dataset_split/test\japakusum\hibiscus-blooms-coconut-husk-two-booms-35921351.jpg,japakusum,japakusum
E:/8semproject/dataset_split/test\japakusum\hibiscus-blossom-4981335.jpg,japakusum,gulbahar
E:/8semproject/dataset_split/test\japakusum\hibiscus-bush-flowers-garden-73371361.jpg,japakusum,dandelion
E:/8semproject/dataset_split/test\japakusum\hibiscus-dried-flowers-its-entirety-environment-gambia-africa-37429860.jpg,japakusum,gulbahar
E:/8semproject/dataset_split/test\japakusum\hibiscus-flower-10541316.jpg,japakusum,gulbahar
E:/8semproject/dataset_split/test\japakusum\hibiscus-flower-10938985.jpg,japakusum,gulbahar
E:/8semproject/dataset_split/test\japakusum\hibiscus-flower-11402985.jpg,japakusum,rose
E:/8semproject/dataset_split/test\japakusum\hibiscus-flower-115635.jpg,japakusum,gulbahar
E:/8semproject/dataset_split/test\japakusum\hibiscus-flower-12171550.jpg,japakusum,japakusum
E:/8semproject/dataset_split/test\japakusum\hibiscus-flower-12422859.jpg,japakusum,japakusum
E:/8semproject/dataset_split/test\japakusum\hibiscus-flower-13049948.jpg,japakusum,japakusum
E:/8semproject/dataset_split/test\japakusum\hibiscus-flower-13637240.jpg,japakusum,japakusum
E:/8semproject/dataset_split/test\japakusum\hibiscus-flower-13914674.jpg,japakusum,japakusum
E:/8semproject/dataset_split/test\japakusum\hibiscus-flower-14020633.jpg,japakusum,japakusum
E:/8semproject/dataset_split/test\japakusum\hibiscus-flower-14960117.jpg,japakusum,gulbahar
E:/8semproject/dataset_split/test\japakusum\hibiscus-flower-17318208.jpg,japakusum,japakusum
E:/8semproject/dataset_split/test\japakusum\hibiscus-flower-20239914.jpg,japakusum,gulbahar
E:/8semproject/dataset_split/test\japakusum\hibiscus-flower-20503019.jpg,japakusum,japakusum
E:/8semproject/dataset_split/test\japakusum\hibiscus-flower-21017237.jpg,japakusum,rose
E:/8semproject/dataset_split/test\japakusum\hibiscus-flower-2419004.jpg,japakusum,japakusum
E:/8semproject/dataset_split/test\japakusum\hibiscus-flower-28564622.jpg,japakusum,japakusum
E:/8semproject/dataset_split/test\japakusum\hibiscus-flower-3611760.jpg,japakusum,rose
E:/8semproject/dataset_split/test\japakusum\hibiscus-flower-3636386.jpg,japakusum,japakusum
E:/8semproject/dataset_split/test\japakusum\hibiscus-flower-454497.jpg,japakusum,japakusum
E:/8semproject/dataset_split/test\japakusum\hibiscus-flower-6491880.jpg,japakusum,gulbahar
E:/8semproject/dataset_split/test\japakusum\hibiscus-flower-6594864.jpg,japakusum,gulbahar
E:/8semproject/dataset_split/test\japakusum\hibiscus-flower-7281117.jpg,japakusum,japakusum
E:/8semproject/dataset_split/test\japakusum\hibiscus-flower-9615101.jpg,japakusum,gulbahar
E:/8semproject/dataset_split/test\japakusum\hibiscus-flower-aesthetic-paint-by-numbers.jpg,japakusum,japakusum
E:/8semproject/dataset_split/test\japakusum\hibiscus-flower-and-pool-picture-id471364405.jpg,japakusum,japakusum
E:/8semproject/dataset_split/test\japakusum\hibiscus-flower-close-up-1134999.jpg,japakusum,gulbahar
E:/8semproject/dataset_split/test\japakusum\hibiscus-flower-close-up-macro-image-taken-rainfall-66954801.jpg,japakusum,japakusum
E:/8semproject/dataset_split/test\japakusum\hibiscus-flower-colorful-orange-isolated-white-background-33493857.jpg,japakusum,gulbahar
E:/8semproject/dataset_split/test\japakusum\hibiscus-flower-colorful-orange-isolated-white-background-33493900.jpg,japakusum,gulbahar
E:/8semproject/dataset_split/test\japakusum\hibiscus-flower-extreme-macro-view-orange-color-background-45267343.jpg,japakusum,dandelion
E:/8semproject/dataset_split/test\japakusum\hibiscus-flower-full-bloom-4834967.jpg,japakusum,japakusum
E:/8semproject/dataset_split/test\japakusum\hibiscus-flower-in-fiji-picture-id496230562.jpg,japakusum,japakusum
E:/8semproject/dataset_split/test\japakusum\hibiscus-flower-in-front-of-palms-picture-id468275676.jpg,japakusum,dandelion
E:/8semproject/dataset_split/test\japakusum\hibiscus-flower-in-indonesia-china-rose-picture-id1183972353.jpg,japakusum,rhododendron
E:/8semproject/dataset_split/test\japakusum\hibiscus-flower-isolated-path-included-picture-id146781813.jpg,japakusum,japakusum
E:/8semproject/dataset_split/test\japakusum\hibiscus-flower-isolated-white-30638090.jpg,japakusum,japakusum
E:/8semproject/dataset_split/test\japakusum\hibiscus-flower-macro-shot-16335039.jpg,japakusum,gulbahar
E:/8semproject/dataset_split/test\japakusum\hibiscus-flower-macro-white-background-43938105.jpg,japakusum,gulbahar
E:/8semproject/dataset_split/test\japakusum\hibiscus-flower-meaning.jpg,japakusum,gulbahar
E:/8semproject/dataset_split/test\japakusum\hibiscus-flower-one-beautiful-red-38790170.jpg,japakusum,tulip
E:/8semproject/dataset_split/test\japakusum\hibiscus-flower-palm-leaves-corner-tropical-arrangement-isolated-white-142587732.jpg,japakusum,gulbahar
E:/8semproject/dataset_split/test\japakusum\hibiscus-flower-picture-id123496403.jpg,japakusum,japakusum
E:/8semproject/dataset_split/test\japakusum\hibiscus-flower-picture-id1281616776.jpg,japakusum,japakusum
E:/8semproject/dataset_split/test\japakusum\hibiscus-flower-picture-id1288661183.jpg,japakusum,gulbahar
E:/8semproject/dataset_split/test\japakusum\hibiscus-flower-picture-id174746109.jpg,japakusum,japakusum
E:/8semproject/dataset_split/test\japakusum\hibiscus-flower-pink-isolated-on-white-picture-id483564685.jpg,japakusum,gulbahar
E:/8semproject/dataset_split/test\japakusum\hibiscus-flower-pistil-17357172.jpg,japakusum,japakusum
E:/8semproject/dataset_split/test\japakusum\hibiscus-flower-plant-500x500.jpg,japakusum,japakusum
E:/8semproject/dataset_split/test\japakusum\hibiscus-flower-plant-pink-stuffed-bloom-36426002.jpg,japakusum,rose
E:/8semproject/dataset_split/test\japakusum\hibiscus-flower-powder-market-400x225.png,japakusum,rose
E:/8semproject/dataset_split/test\japakusum\hibiscus-flower-red-aitutaki-lagoon-cook-islands-34792563.jpg,japakusum,japakusum
E:/8semproject/dataset_split/test\japakusum\hibiscus-flower-red-aitutaki-lagoon-cook-islands-34836431.jpg,japakusum,rose
E:/8semproject/dataset_split/test\japakusum\hibiscus-flower-red-black-background-47405722.jpg,japakusum,rose
E:/8semproject/dataset_split/test\japakusum\hibiscus-flower-top-view-cut-out-on-white-background-picture-id1065081516.jpg,japakusum,japakusum
E:/8semproject/dataset_split/test\japakusum\hibiscus-flower-white-background-33383931.jpg,japakusum,japakusum
E:/8semproject/dataset_split/test\japakusum\hibiscus-flower-yellowOG.jpg,japakusum,gulbahar
E:/8semproject/dataset_split/test\japakusum\hibiscus-flowers-12915938.jpg,japakusum,japakusum
E:/8semproject/dataset_split/test\japakusum\hibiscus-flowers-23861051.jpg,japakusum,gulbahar
E:/8semproject/dataset_split/test\japakusum\hibiscus-flowers-26190900.jpg,japakusum,japakusum
E:/8semproject/dataset_split/test\japakusum\hibiscus-flowers-green-twigs-15959222.jpg,japakusum,japakusum
E:/8semproject/dataset_split/test\japakusum\hibiscus-flowers-hawaii-18202322.jpg,japakusum,tulip
E:/8semproject/dataset_split/test\japakusum\hibiscus-flowers-isolated-on-white-background-picture-id517004490.jpg,japakusum,japakusum
E:/8semproject/dataset_split/test\japakusum\hibiscus-flowers-picture-id483098698.jpg,japakusum,rose
E:/8semproject/dataset_split/test\japakusum\hibiscus-hibiscus-red-flower-gray-background-116085833.jpg,japakusum,gulbahar
E:/8semproject/dataset_split/test\japakusum\hibiscus-isolated-13193169.jpg,japakusum,gulbahar
E:/8semproject/dataset_split/test\japakusum\hibiscus-isolated-white-backgr-16911913.jpg,japakusum,gulbahar
E:/8semproject/dataset_split/test\japakusum\hibiscus-jason-horizontal-close-up-7678640.jpg,japakusum,daisy
E:/8semproject/dataset_split/test\japakusum\hibiscus-moscheutos-details-beautiful-pink-garden-32805922.jpg,japakusum,japakusum
E:/8semproject/dataset_split/test\japakusum\hibiscus-new-apollo-national-flower-malaysia-82221253.jpg,japakusum,japakusum
E:/8semproject/dataset_split/test\japakusum\hibiscus-picture-id518203107.jpg,japakusum,gulbahar
E:/8semproject/dataset_split/test\japakusum\hibiscus-picture-id526664151.jpg,japakusum,gulbahar
E:/8semproject/dataset_split/test\japakusum\hibiscus-picture-id90898052.jpg,japakusum,gulbahar
E:/8semproject/dataset_split/test\japakusum\hibiscus-pink-753414.jpg,japakusum,japakusum
E:/8semproject/dataset_split/test\japakusum\hibiscus-pink-green-leaf-garden-56904462.jpg,japakusum,japakusum
E:/8semproject/dataset_split/test\japakusum\hibiscus-red-flower-white-background-isolated-47822357.jpg,japakusum,japakusum
E:/8semproject/dataset_split/test\japakusum\hibiscus-rosa-chinensis-13563616.jpg,japakusum,japakusum
E:/8semproject/dataset_split/test\japakusum\hibiscus-rosa-sinensis-7137687.jpg,japakusum,gulbahar
E:/8semproject/dataset_split/test\japakusum\hibiscus-rosa-sinensis-8278873.jpg,japakusum,japakusum
E:/8semproject/dataset_split/test\japakusum\hibiscus-rosa-sinensis-beautiful-res-flowers-garden-102500822.jpg,japakusum,japakusum
E:/8semproject/dataset_split/test\japakusum\hibiscus-rosa-sinensis-flower-22683576.jpg,japakusum,japakusum
E:/8semproject/dataset_split/test\japakusum\hibiscus-rosa-sinensis-l-red-10363321.jpg,japakusum,gulbahar
E:/8semproject/dataset_split/test\japakusum\hibiscus-spa-10987880.jpg,japakusum,japakusum
E:/8semproject/dataset_split/test\japakusum\hibiscus-stamen-pollen-laden-orange-flower-49078087.jpg,japakusum,japakusum
E:/8semproject/dataset_split/test\japakusum\hibiscus-syriacus-12295556.jpg,japakusum,dandelion
E:/8semproject/dataset_split/test\japakusum\hibiscus-syriacus-blue-bird-picture-id1255389078.jpg,japakusum,gulbahar
E:/8semproject/dataset_split/test\japakusum\hibiscus-syriacus-blue-chiffon-128852485.jpg,japakusum,japakusum
E:/8semproject/dataset_split/test\japakusum\hibiscus-syriacus-picture-id1000441402.jpg,japakusum,japakusum
E:/8semproject/dataset_split/test\japakusum\hibiscus-tropical-flower-floating-on-water-picture-id154960640.jpg,japakusum,gulbahar
E:/8semproject/dataset_split/test\japakusum\hibiscus-tropical-paradise-picture-id185220090.jpg,japakusum,japakusum
E:/8semproject/dataset_split/test\japakusum\hibiscus-tropical-setting-5215023.jpg,japakusum,japakusum
E:/8semproject/dataset_split/test\japakusum\hibiscus-violetta-5384724.jpg,japakusum,gulbahar
E:/8semproject/dataset_split/test\japakusum\hibiscus2.jpg,japakusum,rose
E:/8semproject/dataset_split/test\japakusum\image-of-red-hibiscus-flower-hollyhock-tree-growing-in-summer-garden-picture-id1136070148.jpg,japakusum,japakusum
E:/8semproject/dataset_split/test\japakusum\image10.jpeg,japakusum,rose
E:/8semproject/dataset_split/test\japakusum\image12.jpeg,japakusum,japakusum
E:/8semproject/dataset_split/test\japakusum\image17.jpeg,japakusum,japakusum
E:/8semproject/dataset_split/test\japakusum\image20.jpeg,japakusum,japakusum
E:/8semproject/dataset_split/test\japakusum\image22.jpeg,japakusum,rose
E:/8semproject/dataset_split/test\japakusum\image5.jpeg,japakusum,tulip
E:/8semproject/dataset_split/test\japakusum\image6.jpeg,japakusum,japakusum
E:/8semproject/dataset_split/test\japakusum\image7.jpeg,japakusum,gulbahar
E:/8semproject/dataset_split/test\japakusum\images11.jpg,japakusum,rose
E:/8semproject/dataset_split/test\japakusum\images15.jpg,japakusum,japakusum
E:/8semproject/dataset_split/test\japakusum\images17.jpg,japakusum,rose
E:/8semproject/dataset_split/test\japakusum\images27.jpg,japakusum,japakusum
E:/8semproject/dataset_split/test\japakusum\images28.jpg,japakusum,japakusum
E:/8semproject/dataset_split/test\japakusum\images3.jpg,japakusum,japakusum
E:/8semproject/dataset_split/test\japakusum\images38.jpg,japakusum,gulbahar
E:/8semproject/dataset_split/test\japakusum\images43.jpg,japakusum,dandelion
E:/8semproject/dataset_split/test\japakusum\isolated-hibiscus-picture-id477674907.jpg,japakusum,japakusum
E:/8semproject/dataset_split/test\japakusum\isolated-red-hibiscus-7847843.jpg,japakusum,gulbahar
E:/8semproject/dataset_split/test\japakusum\macro-photo-blur-red-hibiscus-image-describes-close-up-blurred-background-flower-226868653.jpg,japakusum,gulbahar
E:/8semproject/dataset_split/test\japakusum\macro-view-red-hibiscus-1842231.jpg,japakusum,tulip
E:/8semproject/dataset_split/test\japakusum\macro-view-red-image-shows-details-flowers-stigma-pollen-tube-genus-98831314.jpg,japakusum,dandelion
E:/8semproject/dataset_split/test\japakusum\natural-hibiscus-flower-plant-500x500.jpg,japakusum,gulbahar
E:/8semproject/dataset_split/test\japakusum\nurserylive-plants-hibiscus-gudhal-flower-peach-double-plant-16968931115148_600x.jpg,japakusum,japakusum
E:/8semproject/dataset_split/test\japakusum\nurserylive-plants-hibiscus-gudhal-flower-red-double-plant-16968931901580_512x512.jpg,japakusum,japakusum
E:/8semproject/dataset_split/test\japakusum\opening-hibiscus-flower-beautiful-burgundy-violet-peachy-colored-hawaii-shallow-dof-50579282.jpg,japakusum,gulbahar
E:/8semproject/dataset_split/test\japakusum\orange-hibiscus-23082299.jpg,japakusum,rose
E:/8semproject/dataset_split/test\japakusum\orange-hibiscus-27899429.jpg,japakusum,japakusum
E:/8semproject/dataset_split/test\japakusum\orange-hibiscus-582871.jpg,japakusum,gulbahar
E:/8semproject/dataset_split/test\japakusum\orange-hibiscus-blossom-tropical-32785750.jpg,japakusum,japakusum
E:/8semproject/dataset_split/test\japakusum\orange-hibiscus-picture-id172716289.jpg,japakusum,rose
E:/8semproject/dataset_split/test\japakusum\orange-hibiscus-picture-id94465858.jpg,japakusum,gulbahar
E:/8semproject/dataset_split/test\japakusum\orange-hibiscus-white-18501486.jpg,japakusum,japakusum
E:/8semproject/dataset_split/test\japakusum\pink-fluted-hibiscus-monsoons-26684363.jpg,japakusum,tulip
E:/8semproject/dataset_split/test\japakusum\pink-hibiscus-10262108.jpg,japakusum,gulbahar
E:/8semproject/dataset_split/test\japakusum\pink-hibiscus-20752513.jpg,japakusum,japakusum
E:/8semproject/dataset_split/test\japakusum\pink-hibiscus-26732189.jpg,japakusum,gulbahar
E:/8semproject/dataset_split/test\japakusum\pink-hibiscus-5902904.jpg,japakusum,gulbahar
E:/8semproject/dataset_split/test\japakusum\pink-hibiscus-717813.jpg,japakusum,japakusum
E:/8semproject/dataset_split/test\japakusum\pink-hibiscus-721171.jpg,japakusum,japakusum
E:/8semproject/dataset_split/test\japakusum\pink-hibiscus-black-274997.jpg,japakusum,gulbahar
E:/8semproject/dataset_split/test\japakusum\pink-hibiscus-floating-5548359.jpg,japakusum,gulbahar
E:/8semproject/dataset_split/test\japakusum\pink-hibiscus-flower-15620545.jpg,japakusum,japakusum
E:/8semproject/dataset_split/test\japakusum\pink-hibiscus-flower-24685833.jpg,japakusum,japakusum
E:/8semproject/dataset_split/test\japakusum\pink-hibiscus-flower-25685199.jpg,japakusum,japakusum
E:/8semproject/dataset_split/test\japakusum\pink-hibiscus-flower-picture-id451774255.jpg,japakusum,gulbahar
E:/8semproject/dataset_split/test\japakusum\pink-hibiscus-flower-white-background-pink-hibiscus-flower-102193496.jpg,japakusum,japakusum
E:/8semproject/dataset_split/test\japakusum\pink-hibiscus-flowers-picture-id183775012.jpg,japakusum,japakusum
E:/8semproject/dataset_split/test\japakusum\pink-hibiscus-isolated-10011841.jpg,japakusum,japakusum
E:/8semproject/dataset_split/test\japakusum\pink-hibiscus-isolated-13882059.jpg,japakusum,japakusum
E:/8semproject/dataset_split/test\japakusum\pink-hibiscus-isolated-9672514.jpg,japakusum,japakusum
E:/8semproject/dataset_split/test\japakusum\pink-hibiscus-isolated-9739375.jpg,japakusum,gulbahar
E:/8semproject/dataset_split/test\japakusum\pink-hibiscus-isolated-white-6615837.jpg,japakusum,gulbahar
E:/8semproject/dataset_split/test\japakusum\pink-hibiscus-picture-id1068805196.jpg,japakusum,japakusum
E:/8semproject/dataset_split/test\japakusum\pink-hibiscus-white-background-30219308.jpg,japakusum,japakusum
E:/8semproject/dataset_split/test\japakusum\pink-hibiscus-white-background-31431578.jpg,japakusum,japakusum
E:/8semproject/dataset_split/test\japakusum\potted-hibiscus-448363.jpg,japakusum,japakusum
E:/8semproject/dataset_split/test\japakusum\purple-hibiscus-21028061.jpg,japakusum,japakusum
E:/8semproject/dataset_split/test\japakusum\raindrops-hibiscus-4827026.jpg,japakusum,gulbahar
E:/8semproject/dataset_split/test\japakusum\red-and-white-hibiscus-flower-picture-id1073831678.jpg,japakusum,gulbahar
E:/8semproject/dataset_split/test\japakusum\red-and-yellow-hibiscus-picture-id1189226118.jpg,japakusum,amala
E:/8semproject/dataset_split/test\japakusum\red-flower-and-hibiscus-hot-tea-picture-id158153723.jpg,japakusum,japakusum
E:/8semproject/dataset_split/test\japakusum\red-flower-and-hibiscus-hot-tea-picture-id644376404.jpg,japakusum,japakusum
E:/8semproject/dataset_split/test\japakusum\red-flower-hibiscus-10337238.jpg,japakusum,rose
E:/8semproject/dataset_split/test\japakusum\red-fresh-hibiscus-flower-picture-id123020719.jpg,japakusum,japakusum
E:/8semproject/dataset_split/test\japakusum\red-hibiscus-10758211.jpg,japakusum,japakusum
E:/8semproject/dataset_split/test\japakusum\red-hibiscus-10806702.jpg,japakusum,rose
E:/8semproject/dataset_split/test\japakusum\red-hibiscus-14473710.jpg,japakusum,dandelion
E:/8semproject/dataset_split/test\japakusum\red-hibiscus-16182439.jpg,japakusum,japakusum
E:/8semproject/dataset_split/test\japakusum\red-hibiscus-22257364.jpg,japakusum,japakusum
E:/8semproject/dataset_split/test\japakusum\red-hibiscus-2478929.jpg,japakusum,japakusum
E:/8semproject/dataset_split/test\japakusum\red-hibiscus-26483980.jpg,japakusum,japakusum
E:/8semproject/dataset_split/test\japakusum\red-hibiscus-4145912.jpg,japakusum,japakusum
E:/8semproject/dataset_split/test\japakusum\red-hibiscus-5129223.jpg,japakusum,rose
E:/8semproject/dataset_split/test\japakusum\red-hibiscus-955712.jpg,japakusum,dandelion
E:/8semproject/dataset_split/test\japakusum\red-hibiscus-against-white-4352479.jpg,japakusum,japakusum
E:/8semproject/dataset_split/test\japakusum\red-hibiscus-close-up-flower-41525999.jpg,japakusum,rose
E:/8semproject/dataset_split/test\japakusum\red-hibiscus-flower-14819409.jpg,japakusum,gulbahar
E:/8semproject/dataset_split/test\japakusum\red-hibiscus-flower-15324395.jpg,japakusum,japakusum
E:/8semproject/dataset_split/test\japakusum\red-hibiscus-flower-15569961.jpg,japakusum,tulip
E:/8semproject/dataset_split/test\japakusum\red-hibiscus-flower-16334830.jpg,japakusum,japakusum
E:/8semproject/dataset_split/test\japakusum\red-hibiscus-flower-20593935.jpg,japakusum,japakusum
E:/8semproject/dataset_split/test\japakusum\red-hibiscus-flower-23017603.jpg,japakusum,gulbahar
E:/8semproject/dataset_split/test\japakusum\red-hibiscus-flower-4215467.jpg,japakusum,tulip
E:/8semproject/dataset_split/test\japakusum\red-hibiscus-flower-8201234.jpg,japakusum,rose
E:/8semproject/dataset_split/test\japakusum\red-hibiscus-flower-blue-sky-greeting-card-16393263.jpg,japakusum,gulbahar
E:/8semproject/dataset_split/test\japakusum\red-hibiscus-flower-isolated-on-white-background-picture-id979217998.jpg,japakusum,japakusum
E:/8semproject/dataset_split/test\japakusum\red-hibiscus-flower-isolated-on-white-background-picture-id999906862.jpg,japakusum,japakusum
E:/8semproject/dataset_split/test\japakusum\red-hibiscus-flower-isolated-on-white-picture-id90634084.jpg,japakusum,japakusum
E:/8semproject/dataset_split/test\japakusum\red-hibiscus-flower-isolated-picture-id872881808.jpg,japakusum,japakusum
E:/8semproject/dataset_split/test\japakusum\red-hibiscus-flower-macro-and-details-picture-id979579488.jpg,japakusum,gulbahar
E:/8semproject/dataset_split/test\japakusum\red-hibiscus-flower-macro-closeup-33791799.jpg,japakusum,gulbahar
E:/8semproject/dataset_split/test\japakusum\red-hibiscus-flower-picture-id512009411.jpg,japakusum,rose
E:/8semproject/dataset_split/test\japakusum\red-hibiscus-flowers-28317697.jpg,japakusum,japakusum
E:/8semproject/dataset_split/test\japakusum\red-hibiscus-flowers-7842268.jpg,japakusum,japakusum
E:/8semproject/dataset_split/test\japakusum\red-hibiscus-flowers-and-buds-picture-id1250490918.jpg,japakusum,japakusum
E:/8semproject/dataset_split/test\japakusum\red-hibiscus-flowers-in-corner-tropical-arrangement-picture-id1136700977.jpg,japakusum,japakusum
E:/8semproject/dataset_split/test\japakusum\red-hibiscus-flowers-leaves-and-buds-picture-id1270239970.jpg,japakusum,japakusum
E:/8semproject/dataset_split/test\japakusum\red-hibiscus-flowers-picture-id176063667.jpg,japakusum,tulip
E:/8semproject/dataset_split/test\japakusum\red-hibiscus-on-white-background-with-path-picture-id652320258.jpg,japakusum,japakusum
E:/8semproject/dataset_split/test\japakusum\red-hibiscus-rosa-close-up-picture-id1128681916.jpg,japakusum,japakusum
E:/8semproject/dataset_split/test\japakusum\red-hibiscus-white-background-37416815.jpg,japakusum,japakusum
E:/8semproject/dataset_split/test\japakusum\red-hibiscus-with-a-resort-in-the-background-picture-id481727259.jpg,japakusum,japakusum
E:/8semproject/dataset_split/test\japakusum\rose-of-sharon-picture-id1298100781.jpg,japakusum,japakusum
E:/8semproject/dataset_split/test\japakusum\rose-sharon-hamabo-rose-sharon-hamabo-latin-name-hibiscus-syriacus-hamabo-129266747.jpg,japakusum,japakusum
E:/8semproject/dataset_split/test\japakusum\rozen-mid-air-ruby-throated-hovers-over-fully-bloomed-search-pollen-33389621.jpg,japakusum,gulbahar
E:/8semproject/dataset_split/test\japakusum\sign-hibiscus-syriacus-ardens-deciduous-hibiscus-green-leaves-pink-155589198.jpg,japakusum,japakusum
E:/8semproject/dataset_split/test\japakusum\single-purple-hibiscus-25881138.jpg,japakusum,japakusum
E:/8semproject/dataset_split/test\japakusum\soap-hibiscus-22517073.jpg,japakusum,japakusum
E:/8semproject/dataset_split/test\japakusum\spectacular-vivid-red-hawaiian-hibiscus-flower-with-ruffled-edges-DH5G5H.jpg,japakusum,rose
E:/8semproject/dataset_split/test\japakusum\stalk-exotic-tropical-red-hibiscus-5461859.jpg,japakusum,japakusum
E:/8semproject/dataset_split/test\japakusum\stamen-hibiscus-2-2837593.jpg,japakusum,japakusum
E:/8semproject/dataset_split/test\japakusum\stamen-hibiscus-4749610.jpg,japakusum,japakusum
E:/8semproject/dataset_split/test\japakusum\t-beautiful-chinese-hybrid-hibiscus-flower-against-dark-background-143368022.jpg,japakusum,gulbahar
E:/8semproject/dataset_split/test\japakusum\two-hibiscus-6080444.jpg,japakusum,gulbahar
E:/8semproject/dataset_split/test\japakusum\two-hibiscus-flowers-12876074.jpg,japakusum,rose
E:/8semproject/dataset_split/test\japakusum\two-pink-flowers-with-red-center-of-hibiscus-syriacus-with-buds-and-picture-id1269129710.jpg,japakusum,japakusum
E:/8semproject/dataset_split/test\japakusum\two-pink-hibiscus-flowers-38438412.jpg,japakusum,japakusum
E:/8semproject/dataset_split/test\japakusum\unds-exploring-nooks-crannies-mckee-botanical-gardens-i-came-across-47261560.jpg,japakusum,tulip
E:/8semproject/dataset_split/test\japakusum\vibrant-red-hibiscus-flower-6943628.jpg,japakusum,rose
E:/8semproject/dataset_split/test\japakusum\view-red-black-background-image-shows-details-flowers-stigma-pollen-98544730.jpg,japakusum,gulbahar
E:/8semproject/dataset_split/test\japakusum\wet-hibiscus-flower-9929527.jpg,japakusum,japakusum
E:/8semproject/dataset_split/test\japakusum\wet-hibiscus-picture-id94466984.jpg,japakusum,gulbahar
E:/8semproject/dataset_split/test\japakusum\white-hibiscus-4296537.jpg,japakusum,dandelion
E:/8semproject/dataset_split/test\japakusum\white-hibiscus-5090815.jpg,japakusum,gulbahar
E:/8semproject/dataset_split/test\japakusum\white-hibiscus-6148919.jpg,japakusum,gulbahar
E:/8semproject/dataset_split/test\japakusum\white-hibiscus-flower-in-closeup-on-plain-background-picture-id91938529.jpg,japakusum,gulbahar
E:/8semproject/dataset_split/test\japakusum\white-hibiscus-flower-picture-id1252924240.jpg,japakusum,gulbahar
E:/8semproject/dataset_split/test\japakusum\white-red-hibiscus-21139788.jpg,japakusum,japakusum
E:/8semproject/dataset_split/test\japakusum\wild-hibiscus-flower-small-yellow-branch-isolated-white-background-65112907.jpg,japakusum,gulbahar
E:/8semproject/dataset_split/test\japakusum\wildflower-blue-hibiscus-26716806.jpg,japakusum,tulip
E:/8semproject/dataset_split/test\japakusum\withering-red-hibiscus-picture-id845745384.jpg,japakusum,japakusum
E:/8semproject/dataset_split/test\japakusum\yellow-hibiscus-721186.jpg,japakusum,japakusum
E:/8semproject/dataset_split/test\japakusum\yellow-hibiscus-black-10839286.jpg,japakusum,amala
E:/8semproject/dataset_split/test\japakusum\yellow-hibiscus-flower-10126137.jpg,japakusum,gulbahar
E:/8semproject/dataset_split/test\japakusum\yellow-hibiscus-flower-13310300.jpg,japakusum,gulbahar
E:/8semproject/dataset_split/test\japakusum\yellow-hibiscus-flower-4451678.jpg,japakusum,gulbahar
E:/8semproject/dataset_split/test\japakusum\yellow-hibiscus-flower-in-urban-gardening-picture-id1163634489.jpg,japakusum,dandelion
E:/8semproject/dataset_split/test\japakusum\yellow-hibiscus-flower-isolated-10126153.jpg,japakusum,gulbahar
E:/8semproject/dataset_split/test\japakusum\yellow-hibiscus-flower-vibrant-beautiful-spring-garden-79242620.jpg,japakusum,japakusum
E:/8semproject/dataset_split/test\japakusum\yellow-hibiscus-flowers-picture-id1241920375.jpg,japakusum,japakusum
E:/8semproject/dataset_split/test\japakusum\yellow-hibiscus-picture-id450709887.jpg,japakusum,japakusum
E:/8semproject/dataset_split/test\japakusum\yellow-hibiscus-plant-bright-flower-41034619.jpg,japakusum,japakusum
E:/8semproject/dataset_split/test\japakusum\yellow-hibiscus-tropical-flower-white-isolated-background-32175391.jpg,japakusum,gulbahar
E:/8semproject/dataset_split/test\neem\20210414_1614232B252812529.jpg,neem,dandelion
E:/8semproject/dataset_split/test\neem\21132788-margosa-flower-or-neem-flowers-in-thailand.jpg,neem,dandelion
E:/8semproject/dataset_split/test\neem\4000px-Neem_flower_of_Tamilnadu.jpg,neem,dandelion
E:/8semproject/dataset_split/test\neem\8112_11.jpg,neem,dandelion
E:/8semproject/dataset_split/test\neem\Azadirachta_indica_-_Neem_at_Tenkasi_2014_28172920Vinayaraj_0.jpg,neem,dandelion
E:/8semproject/dataset_split/test\neem\Healthy10.jpg,neem,gulbahar
E:/8semproject/dataset_split/test\neem\Healthy104.jpg,neem,gulbahar
E:/8semproject/dataset_split/test\neem\Healthy111.jpg,neem,gulbahar
E:/8semproject/dataset_split/test\neem\Healthy114.jpg,neem,gulbahar
E:/8semproject/dataset_split/test\neem\Healthy119.jpg,neem,gulbahar
E:/8semproject/dataset_split/test\neem\Healthy12.jpg,neem,gulbahar
E:/8semproject/dataset_split/test\neem\Healthy124.jpg,neem,gulbahar
E:/8semproject/dataset_split/test\neem\Healthy125.jpg,neem,gulbahar
E:/8semproject/dataset_split/test\neem\Healthy127.jpg,neem,gulbahar
E:/8semproject/dataset_split/test\neem\Healthy130.jpg,neem,gulbahar
E:/8semproject/dataset_split/test\neem\Healthy131.jpg,neem,gulbahar
E:/8semproject/dataset_split/test\neem\Healthy135.jpg,neem,gulbahar
E:/8semproject/dataset_split/test\neem\Healthy138.jpg,neem,gulbahar
E:/8semproject/dataset_split/test\neem\Healthy149.jpg,neem,gulbahar
E:/8semproject/dataset_split/test\neem\Healthy150.jpg,neem,gulbahar
E:/8semproject/dataset_split/test\neem\Healthy152.jpg,neem,gulbahar
E:/8semproject/dataset_split/test\neem\Healthy159.jpg,neem,gulbahar
E:/8semproject/dataset_split/test\neem\Healthy16.jpg,neem,gulbahar
E:/8semproject/dataset_split/test\neem\Healthy169.jpg,neem,gulbahar
E:/8semproject/dataset_split/test\neem\Healthy17.jpg,neem,gulbahar
E:/8semproject/dataset_split/test\neem\Healthy173.jpg,neem,gulbahar
E:/8semproject/dataset_split/test\neem\Healthy174.jpg,neem,gulbahar
E:/8semproject/dataset_split/test\neem\Healthy184.jpg,neem,gulbahar
E:/8semproject/dataset_split/test\neem\Healthy191.jpg,neem,gulbahar
E:/8semproject/dataset_split/test\neem\Healthy194.jpg,neem,gulbahar
E:/8semproject/dataset_split/test\neem\Healthy199.jpg,neem,gulbahar
E:/8semproject/dataset_split/test\neem\Healthy207.jpg,neem,gulbahar
E:/8semproject/dataset_split/test\neem\Healthy208.jpg,neem,gulbahar
E:/8semproject/dataset_split/test\neem\Healthy212.jpg,neem,gulbahar
E:/8semproject/dataset_split/test\neem\Healthy220.jpg,neem,gulbahar
E:/8semproject/dataset_split/test\neem\Healthy222.jpg,neem,gulbahar
E:/8semproject/dataset_split/test\neem\Healthy225.jpg,neem,gulbahar
E:/8semproject/dataset_split/test\neem\Healthy23.jpg,neem,gulbahar
E:/8semproject/dataset_split/test\neem\Healthy230.jpg,neem,gulbahar
E:/8semproject/dataset_split/test\neem\Healthy239.jpg,neem,gulbahar
E:/8semproject/dataset_split/test\neem\Healthy245.jpg,neem,gulbahar
E:/8semproject/dataset_split/test\neem\Healthy246.jpg,neem,gulbahar
E:/8semproject/dataset_split/test\neem\Healthy271.jpg,neem,gulbahar
E:/8semproject/dataset_split/test\neem\Healthy278.jpg,neem,gulbahar
E:/8semproject/dataset_split/test\neem\Healthy282.jpg,neem,gulbahar
E:/8semproject/dataset_split/test\neem\Healthy288.jpg,neem,gulbahar
E:/8semproject/dataset_split/test\neem\Healthy295.jpg,neem,gulbahar
E:/8semproject/dataset_split/test\neem\Healthy296.jpg,neem,gulbahar
E:/8semproject/dataset_split/test\neem\Healthy302.jpg,neem,gulbahar
E:/8semproject/dataset_split/test\neem\Healthy306.jpg,neem,gulbahar
E:/8semproject/dataset_split/test\neem\Healthy334.jpg,neem,gulbahar
E:/8semproject/dataset_split/test\neem\Healthy360.jpg,neem,gulbahar
E:/8semproject/dataset_split/test\neem\Healthy366.jpg,neem,gulbahar
E:/8semproject/dataset_split/test\neem\Healthy371.jpg,neem,gulbahar
E:/8semproject/dataset_split/test\neem\Healthy378.jpg,neem,gulbahar
E:/8semproject/dataset_split/test\neem\Healthy379.jpg,neem,gulbahar
E:/8semproject/dataset_split/test\neem\Healthy383.jpg,neem,gulbahar
E:/8semproject/dataset_split/test\neem\Healthy390.jpg,neem,gulbahar
E:/8semproject/dataset_split/test\neem\Healthy393.jpg,neem,gulbahar
E:/8semproject/dataset_split/test\neem\Healthy396.jpg,neem,gulbahar
E:/8semproject/dataset_split/test\neem\Healthy401.jpg,neem,gulbahar
E:/8semproject/dataset_split/test\neem\Healthy402.jpg,neem,gulbahar
E:/8semproject/dataset_split/test\neem\Healthy414.jpg,neem,gulbahar
E:/8semproject/dataset_split/test\neem\Healthy421.jpg,neem,gulbahar
E:/8semproject/dataset_split/test\neem\Healthy428.jpg,neem,gulbahar
E:/8semproject/dataset_split/test\neem\Healthy436.jpg,neem,gulbahar
E:/8semproject/dataset_split/test\neem\Healthy44.jpg,neem,gulbahar
E:/8semproject/dataset_split/test\neem\Healthy443.jpg,neem,gulbahar
E:/8semproject/dataset_split/test\neem\Healthy447.jpg,neem,gulbahar
E:/8semproject/dataset_split/test\neem\Healthy450.jpg,neem,gulbahar
E:/8semproject/dataset_split/test\neem\Healthy463.jpg,neem,gulbahar
E:/8semproject/dataset_split/test\neem\Healthy465.jpg,neem,gulbahar
E:/8semproject/dataset_split/test\neem\Healthy466.jpg,neem,gulbahar
E:/8semproject/dataset_split/test\neem\Healthy472.jpg,neem,gulbahar
E:/8semproject/dataset_split/test\neem\Healthy478.jpg,neem,gulbahar
E:/8semproject/dataset_split/test\neem\Healthy487.jpg,neem,gulbahar
E:/8semproject/dataset_split/test\neem\Healthy500.jpg,neem,gulbahar
E:/8semproject/dataset_split/test\neem\Healthy502.jpg,neem,gulbahar
E:/8semproject/dataset_split/test\neem\Healthy505.jpg,neem,gulbahar
E:/8semproject/dataset_split/test\neem\Healthy509.jpg,neem,gulbahar
E:/8semproject/dataset_split/test\neem\Healthy510.jpg,neem,gulbahar
E:/8semproject/dataset_split/test\neem\Healthy58.jpg,neem,gulbahar
E:/8semproject/dataset_split/test\neem\Healthy7.jpg,neem,gulbahar
E:/8semproject/dataset_split/test\neem\Healthy73.jpg,neem,gulbahar
E:/8semproject/dataset_split/test\neem\Healthy9.jpg,neem,gulbahar
E:/8semproject/dataset_split/test\neem\Healthy92.jpg,neem,gulbahar
E:/8semproject/dataset_split/test\neem\Healthy93.jpg,neem,gulbahar
E:/8semproject/dataset_split/test\neem\Healthy96.jpg,neem,gulbahar
E:/8semproject/dataset_split/test\neem\Melia_azedarach_01.JPG.jpg,neem,dandelion
E:/8semproject/dataset_split/test\neem\NEEM-FLOWER-IN-BLOOM-500x500.jpg,neem,dandelion
E:/8semproject/dataset_split/test\neem\Neem-flower_1788.jpg,neem,dandelion
E:/8semproject/dataset_split/test\neem\Neem-the-most-medically-useful-tree-of-all-time.jpg,neem,dandelion
E:/8semproject/dataset_split/test\neem\azadirachta-indica-commonly-known-margosa-260nw-2311163213.webp,neem,gulbahar
E:/8semproject/dataset_split/test\neem\azadirachta-indica-on-a-blurred-background-neem-flower-on-a-blurred-background-2GW7YE0.jpg,neem,dandelion
E:/8semproject/dataset_split/test\neem\b503e66a174747c68faae358.jpg,neem,amala
E:/8semproject/dataset_split/test\neem\cfb51e0962546238dfbf5b34700f5e08.jpg,neem,gulbahar
E:/8semproject/dataset_split/test\neem\close-neem-flower-on-tree-260nw-576479320.jpg,neem,gulbahar
E:/8semproject/dataset_split/test\neem\close-neem-flowers-azadirachta-indica-260nw-717050194.jpg,neem,dandelion
E:/8semproject/dataset_split/test\neem\closeup-neem-flower-on-white-DP9MP8.jpg,neem,dandelion
E:/8semproject/dataset_split/test\neem\flower-2205653_960_720-1.jpg,neem,dandelion
E:/8semproject/dataset_split/test\neem\gettyimages-1407512347-612x612.jpg,neem,dandelion
E:/8semproject/dataset_split/test\neem\gettyimages-1448358871-612x612.jpg,neem,amala
E:/8semproject/dataset_split/test\neem\image11.jpeg,neem,dandelion
E:/8semproject/dataset_split/test\neem\image13.jpeg,neem,dandelion
E:/8semproject/dataset_split/test\neem\image21.jpeg,neem,tulsi
E:/8semproject/dataset_split/test\neem\image28.jpeg,neem,gulbahar
E:/8semproject/dataset_split/test\neem\image29.jpeg,neem,dandelion
E:/8semproject/dataset_split/test\neem\image31.jpeg,neem,tulsi
E:/8semproject/dataset_split/test\neem\image32.jpeg,neem,dandelion
E:/8semproject/dataset_split/test\neem\images103.jpg,neem,gulbahar
E:/8semproject/dataset_split/test\neem\images111.jpg,neem,gulbahar
E:/8semproject/dataset_split/test\neem\images122.jpg,neem,dandelion
E:/8semproject/dataset_split/test\neem\images140.jpg,neem,gulbahar
E:/8semproject/dataset_split/test\neem\images150.jpg,neem,dandelion
E:/8semproject/dataset_split/test\neem\images156.jpg,neem,amala
E:/8semproject/dataset_split/test\neem\images158.jpg,neem,gulbahar
E:/8semproject/dataset_split/test\neem\images159.jpg,neem,gulbahar
E:/8semproject/dataset_split/test\neem\images163.jpg,neem,gulbahar
E:/8semproject/dataset_split/test\neem\images173.jpg,neem,gulbahar
E:/8semproject/dataset_split/test\neem\images174.jpg,neem,tulsi
E:/8semproject/dataset_split/test\neem\images183.jpg,neem,tulsi
E:/8semproject/dataset_split/test\neem\images186.jpg,neem,dandelion
E:/8semproject/dataset_split/test\neem\images191.jpg,neem,dandelion
E:/8semproject/dataset_split/test\neem\images195.jpg,neem,gulbahar
E:/8semproject/dataset_split/test\neem\images201.jpg,neem,gulbahar
E:/8semproject/dataset_split/test\neem\images202.jpg,neem,dandelion
E:/8semproject/dataset_split/test\neem\images204.jpg,neem,dandelion
E:/8semproject/dataset_split/test\neem\images205.jpg,neem,dandelion
E:/8semproject/dataset_split/test\neem\images206.jpg,neem,dandelion
E:/8semproject/dataset_split/test\neem\images207.jpg,neem,dandelion
E:/8semproject/dataset_split/test\neem\images209.jpg,neem,amala
E:/8semproject/dataset_split/test\neem\images215.jpg,neem,gulbahar
E:/8semproject/dataset_split/test\neem\images221.jpg,neem,gulbahar
E:/8semproject/dataset_split/test\neem\images223.jpg,neem,dandelion
E:/8semproject/dataset_split/test\neem\images229.jpg,neem,dandelion
E:/8semproject/dataset_split/test\neem\images230.jpg,neem,gulbahar
E:/8semproject/dataset_split/test\neem\images236.jpg,neem,tulsi
E:/8semproject/dataset_split/test\neem\images238.jpg,neem,dandelion
E:/8semproject/dataset_split/test\neem\images255.jpg,neem,gulbahar
E:/8semproject/dataset_split/test\neem\images259.jpg,neem,dandelion
E:/8semproject/dataset_split/test\neem\images264.jpg,neem,gulbahar
E:/8semproject/dataset_split/test\neem\images265.jpg,neem,daisy
E:/8semproject/dataset_split/test\neem\images276.jpg,neem,dandelion
E:/8semproject/dataset_split/test\neem\images288.jpg,neem,dandelion
E:/8semproject/dataset_split/test\neem\images289.jpg,neem,tulsi
E:/8semproject/dataset_split/test\neem\images293.jpg,neem,dandelion
E:/8semproject/dataset_split/test\neem\images294.jpg,neem,tulsi
E:/8semproject/dataset_split/test\neem\images302.jpg,neem,dandelion
E:/8semproject/dataset_split/test\neem\images321.jpg,neem,gulbahar
E:/8semproject/dataset_split/test\neem\images324.jpg,neem,dandelion
E:/8semproject/dataset_split/test\neem\images331.jpg,neem,dandelion
E:/8semproject/dataset_split/test\neem\images340.jpg,neem,rhododendron
E:/8semproject/dataset_split/test\neem\images344.jpg,neem,dandelion
E:/8semproject/dataset_split/test\neem\images347.jpg,neem,dandelion
E:/8semproject/dataset_split/test\neem\images348.jpg,neem,dandelion
E:/8semproject/dataset_split/test\neem\images36.jpg,neem,dandelion
E:/8semproject/dataset_split/test\neem\images362.jpg,neem,rhododendron
E:/8semproject/dataset_split/test\neem\images365.jpg,neem,dandelion
E:/8semproject/dataset_split/test\neem\images367.jpg,neem,gulbahar
E:/8semproject/dataset_split/test\neem\images368.jpg,neem,rhododendron
E:/8semproject/dataset_split/test\neem\images390.jpg,neem,dandelion
E:/8semproject/dataset_split/test\neem\images43.jpg,neem,dandelion
E:/8semproject/dataset_split/test\neem\images46.jpg,neem,dandelion
E:/8semproject/dataset_split/test\neem\images54.jpg,neem,dandelion
E:/8semproject/dataset_split/test\neem\images64.jpg,neem,dandelion
E:/8semproject/dataset_split/test\neem\images74.jpg,neem,gulbahar
E:/8semproject/dataset_split/test\neem\images77.jpg,neem,dandelion
E:/8semproject/dataset_split/test\neem\images78.jpg,neem,tulsi
E:/8semproject/dataset_split/test\neem\images80.jpg,neem,tulsi
E:/8semproject/dataset_split/test\neem\images94.jpg,neem,gulbahar
E:/8semproject/dataset_split/test\neem\maxresdefault2.jpg,neem,gulbahar
E:/8semproject/dataset_split/test\neem\medicinal-neem-flower-and-leaves-over-white-background-E99407.jpg,neem,gulbahar
E:/8semproject/dataset_split/test\neem\medicinal-neem-flower-over-white-background-45935254.jpg,neem,gulbahar
E:/8semproject/dataset_split/test\neem\medicinal-neem-leaves-flower-over-260nw-186843146.jpg,neem,gulbahar
E:/8semproject/dataset_split/test\neem\neem-flower-chutney.jpg,neem,gulbahar
E:/8semproject/dataset_split/test\neem\neem-flower1.jpg,neem,gulbahar
E:/8semproject/dataset_split/test\neem\neem-flower2.jpg,neem,dandelion
E:/8semproject/dataset_split/test\neem\neem-flowers-isolated-white-background-137093945.jpg,neem,tulsi
E:/8semproject/dataset_split/test\neem\neem-flowers-leaves-isolated-white-background-selective-focus-flower-ayurvedic-herbs-178763259.jpg,neem,dandelion
E:/8semproject/dataset_split/test\neem\neem-flowers-on-a-neem-tree-2BH71AM.jpg,neem,dandelion
E:/8semproject/dataset_split/test\neem\neem-flowers2.jpg,neem,dandelion
E:/8semproject/dataset_split/test\neem\neem_5e47e35408fba.PNG.jpg,neem,gulbahar
E:/8semproject/dataset_split/test\neem\neem_flowers_pppr.jpg,neem,dandelion
E:/8semproject/dataset_split/test\neem\the-neem-flower-azadirachta-indica-a-jus-has-its-origins-in-north-DGFB7T.jpg,neem,dandelion
E:/8semproject/dataset_split/test\neem\up-view-selective-focus-neem-flower-neem-isolated-white-background-178861111.jpg,neem,amala
E:/8semproject/dataset_split/test\neem\veppam-poo-neem-flower-powder_compressed.jpg,neem,dandelion
E:/8semproject/dataset_split/test\neem\wp-15969597273851511397028368270956.jpg,neem,dandelion
E:/8semproject/dataset_split/test\rhododendron\118152184-beautiful-colors-of-rhododendron-flowers.jpg,rhododendron,tulip
E:/8semproject/dataset_split/test\rhododendron\51t27SPisRL._AC_SX425_.jpg,rhododendron,japakusum
E:/8semproject/dataset_split/test\rhododendron\6924343-HSC00001-7.jpg,rhododendron,gulbahar
E:/8semproject/dataset_split/test\rhododendron\Alpenroos.jpg,rhododendron,rose
E:/8semproject/dataset_split/test\rhododendron\FG192-rhododendron-flowers-1.jpg,rhododendron,rose
E:/8semproject/dataset_split/test\rhododendron\Red-flower-Pictures-Laliguras-Rhododendron.jpg,rhododendron,rose
E:/8semproject/dataset_split/test\rhododendron\Rhododendron-Flower-2.jpg,rhododendron,gulbahar
E:/8semproject/dataset_split/test\rhododendron\Rhododendron-Flower-Nepal.jpg,rhododendron,tulip
E:/8semproject/dataset_split/test\rhododendron\Rhododendron-Flower.jpg,rhododendron,gulbahar
E:/8semproject/dataset_split/test\rhododendron\Rhododendron-bloom.jpg,rhododendron,rose
E:/8semproject/dataset_split/test\rhododendron\Rhododendron_Photo_2000x.jpg,rhododendron,gulbahar
E:/8semproject/dataset_split/test\rhododendron\Rhododendron_arboreum_subsp._nilagiricum_28129.jpg,rhododendron,tulip
E:/8semproject/dataset_split/test\rhododendron\Tree20Rhododendron.jpg,rhododendron,tulip
E:/8semproject/dataset_split/test\rhododendron\azalea_flower_arranger_resized.jpg,rhododendron,rhododendron
E:/8semproject/dataset_split/test\rhododendron\c26981.jpg,rhododendron,japakusum
E:/8semproject/dataset_split/test\rhododendron\c26982.jpg,rhododendron,rose
E:/8semproject/dataset_split/test\rhododendron\e46a94b997394e7a04e1244d2716bdf1.jpg,rhododendron,rose
E:/8semproject/dataset_split/test\rhododendron\huge-rhododendron-tree-in-flower-in-spring-in-the-lost-gardens-of-DT1KB6.jpg,rhododendron,tulip
E:/8semproject/dataset_split/test\rhododendron\image.jpeg,rhododendron,gulbahar
E:/8semproject/dataset_split/test\rhododendron\image18.jpeg,rhododendron,japakusum
E:/8semproject/dataset_split/test\rhododendron\image20.jpeg,rhododendron,rhododendron
E:/8semproject/dataset_split/test\rhododendron\image23.jpeg,rhododendron,japakusum
E:/8semproject/dataset_split/test\rhododendron\image24.jpeg,rhododendron,japakusum
E:/8semproject/dataset_split/test\rhododendron\image31.jpeg,rhododendron,japakusum
E:/8semproject/dataset_split/test\rhododendron\image4.jpeg,rhododendron,gulbahar
E:/8semproject/dataset_split/test\rhododendron\image8.jpeg,rhododendron,gulbahar
E:/8semproject/dataset_split/test\rhododendron\images10.jpg,rhododendron,tulip
E:/8semproject/dataset_split/test\rhododendron\images100.jpg,rhododendron,gulbahar
E:/8semproject/dataset_split/test\rhododendron\images102.jpg,rhododendron,gulbahar
E:/8semproject/dataset_split/test\rhododendron\images103.jpg,rhododendron,japakusum
E:/8semproject/dataset_split/test\rhododendron\images107.jpg,rhododendron,tulip
E:/8semproject/dataset_split/test\rhododendron\images109.jpg,rhododendron,tulip
E:/8semproject/dataset_split/test\rhododendron\images111.jpg,rhododendron,gulbahar
E:/8semproject/dataset_split/test\rhododendron\images112.jpg,rhododendron,japakusum
E:/8semproject/dataset_split/test\rhododendron\images114.jpg,rhododendron,japakusum
E:/8semproject/dataset_split/test\rhododendron\images115.jpg,rhododendron,gulbahar
E:/8semproject/dataset_split/test\rhododendron\images116.jpg,rhododendron,japakusum
E:/8semproject/dataset_split/test\rhododendron\images120.jpg,rhododendron,japakusum
E:/8semproject/dataset_split/test\rhododendron\images121.jpg,rhododendron,japakusum
E:/8semproject/dataset_split/test\rhododendron\images123.jpg,rhododendron,gulbahar
E:/8semproject/dataset_split/test\rhododendron\images126.jpg,rhododendron,gulbahar
E:/8semproject/dataset_split/test\rhododendron\images128.jpg,rhododendron,gulbahar
E:/8semproject/dataset_split/test\rhododendron\images130.jpg,rhododendron,rose
E:/8semproject/dataset_split/test\rhododendron\images134.jpg,rhododendron,japakusum
E:/8semproject/dataset_split/test\rhododendron\images138.jpg,rhododendron,gulbahar
E:/8semproject/dataset_split/test\rhododendron\images140.jpg,rhododendron,japakusum
E:/8semproject/dataset_split/test\rhododendron\images142.jpg,rhododendron,baganbilas
E:/8semproject/dataset_split/test\rhododendron\images144.jpg,rhododendron,gulbahar
E:/8semproject/dataset_split/test\rhododendron\images146.jpg,rhododendron,gulbahar
E:/8semproject/dataset_split/test\rhododendron\images148.jpg,rhododendron,gulbahar
E:/8semproject/dataset_split/test\rhododendron\images149.jpg,rhododendron,gulbahar
E:/8semproject/dataset_split/test\rhododendron\images151.jpg,rhododendron,japakusum
E:/8semproject/dataset_split/test\rhododendron\images154.jpg,rhododendron,tulip
E:/8semproject/dataset_split/test\rhododendron\images156.jpg,rhododendron,japakusum
E:/8semproject/dataset_split/test\rhododendron\images158.jpg,rhododendron,gulbahar
E:/8semproject/dataset_split/test\rhododendron\images164.jpg,rhododendron,japakusum
E:/8semproject/dataset_split/test\rhododendron\images167.jpg,rhododendron,gulbahar
E:/8semproject/dataset_split/test\rhododendron\images169.jpg,rhododendron,gulbahar
E:/8semproject/dataset_split/test\rhododendron\images17.jpg,rhododendron,gulbahar
E:/8semproject/dataset_split/test\rhododendron\images172.jpg,rhododendron,rose
E:/8semproject/dataset_split/test\rhododendron\images174.jpg,rhododendron,rhododendron
E:/8semproject/dataset_split/test\rhododendron\images176.jpg,rhododendron,gulbahar
E:/8semproject/dataset_split/test\rhododendron\images177.jpg,rhododendron,gulbahar
E:/8semproject/dataset_split/test\rhododendron\images178.jpg,rhododendron,rhododendron
E:/8semproject/dataset_split/test\rhododendron\images179.jpg,rhododendron,gulbahar
E:/8semproject/dataset_split/test\rhododendron\images181.jpg,rhododendron,daisy
E:/8semproject/dataset_split/test\rhododendron\images182.jpg,rhododendron,japakusum
E:/8semproject/dataset_split/test\rhododendron\images183.jpg,rhododendron,gulbahar
E:/8semproject/dataset_split/test\rhododendron\images188.jpg,rhododendron,dandelion
E:/8semproject/dataset_split/test\rhododendron\images189.jpg,rhododendron,rose
E:/8semproject/dataset_split/test\rhododendron\images193.jpg,rhododendron,japakusum
E:/8semproject/dataset_split/test\rhododendron\images196.jpg,rhododendron,gulbahar
E:/8semproject/dataset_split/test\rhododendron\images202.jpg,rhododendron,tulip
E:/8semproject/dataset_split/test\rhododendron\images204.jpg,rhododendron,gulbahar
E:/8semproject/dataset_split/test\rhododendron\images207.jpg,rhododendron,gulbahar
E:/8semproject/dataset_split/test\rhododendron\images210.jpg,rhododendron,gulbahar
E:/8semproject/dataset_split/test\rhododendron\images217.jpg,rhododendron,rhododendron
E:/8semproject/dataset_split/test\rhododendron\images219.jpg,rhododendron,gulbahar
E:/8semproject/dataset_split/test\rhododendron\images22.jpg,rhododendron,rose
E:/8semproject/dataset_split/test\rhododendron\images220.jpg,rhododendron,tulip
E:/8semproject/dataset_split/test\rhododendron\images221.jpg,rhododendron,gulbahar
E:/8semproject/dataset_split/test\rhododendron\images224.jpg,rhododendron,japakusum
E:/8semproject/dataset_split/test\rhododendron\images227.jpg,rhododendron,dandelion
E:/8semproject/dataset_split/test\rhododendron\images228.jpg,rhododendron,japakusum
E:/8semproject/dataset_split/test\rhododendron\images23.jpg,rhododendron,rhododendron
E:/8semproject/dataset_split/test\rhododendron\images235.jpg,rhododendron,gulbahar
E:/8semproject/dataset_split/test\rhododendron\images24.jpg,rhododendron,gulbahar
E:/8semproject/dataset_split/test\rhododendron\images241.jpg,rhododendron,tulip
E:/8semproject/dataset_split/test\rhododendron\images242.jpg,rhododendron,gulbahar
E:/8semproject/dataset_split/test\rhododendron\images246.jpg,rhododendron,rhododendron
E:/8semproject/dataset_split/test\rhododendron\images247.jpg,rhododendron,rose
E:/8semproject/dataset_split/test\rhododendron\images251.jpg,rhododendron,japakusum
E:/8semproject/dataset_split/test\rhododendron\images253.jpg,rhododendron,tulip
E:/8semproject/dataset_split/test\rhododendron\images258.jpg,rhododendron,rhododendron
E:/8semproject/dataset_split/test\rhododendron\images26.jpg,rhododendron,tulip
E:/8semproject/dataset_split/test\rhododendron\images262.jpg,rhododendron,japakusum
E:/8semproject/dataset_split/test\rhododendron\images263.jpg,rhododendron,baganbilas
E:/8semproject/dataset_split/test\rhododendron\images266.jpg,rhododendron,rhododendron
E:/8semproject/dataset_split/test\rhododendron\images267.jpg,rhododendron,japakusum
E:/8semproject/dataset_split/test\rhododendron\images271.jpg,rhododendron,japakusum
E:/8semproject/dataset_split/test\rhododendron\images275.jpg,rhododendron,tulip
E:/8semproject/dataset_split/test\rhododendron\images276.jpg,rhododendron,gulbahar
E:/8semproject/dataset_split/test\rhododendron\images280.jpg,rhododendron,rhododendron
E:/8semproject/dataset_split/test\rhododendron\images281.jpg,rhododendron,tulip
E:/8semproject/dataset_split/test\rhododendron\images282.jpg,rhododendron,gulbahar
E:/8semproject/dataset_split/test\rhododendron\images284.jpg,rhododendron,tulip
E:/8semproject/dataset_split/test\rhododendron\images289.jpg,rhododendron,tulip
E:/8semproject/dataset_split/test\rhododendron\images291.jpg,rhododendron,tulip
E:/8semproject/dataset_split/test\rhododendron\images295.jpg,rhododendron,gulbahar
E:/8semproject/dataset_split/test\rhododendron\images297.jpg,rhododendron,rhododendron
E:/8semproject/dataset_split/test\rhododendron\images303.jpg,rhododendron,gulbahar
E:/8semproject/dataset_split/test\rhododendron\images309.jpg,rhododendron,gulbahar
E:/8semproject/dataset_split/test\rhododendron\images31.jpg,rhododendron,gulbahar
E:/8semproject/dataset_split/test\rhododendron\images310.jpg,rhododendron,japakusum
E:/8semproject/dataset_split/test\rhododendron\images311.jpg,rhododendron,tulip
E:/8semproject/dataset_split/test\rhododendron\images317.jpg,rhododendron,gulbahar
E:/8semproject/dataset_split/test\rhododendron\images319.jpg,rhododendron,gulbahar
E:/8semproject/dataset_split/test\rhododendron\images320.jpg,rhododendron,tulip
E:/8semproject/dataset_split/test\rhododendron\images321.jpg,rhododendron,rhododendron
E:/8semproject/dataset_split/test\rhododendron\images324.jpg,rhododendron,rose
E:/8semproject/dataset_split/test\rhododendron\images325.jpg,rhododendron,tulsi
E:/8semproject/dataset_split/test\rhododendron\images328.jpg,rhododendron,rose
E:/8semproject/dataset_split/test\rhododendron\images331.jpg,rhododendron,gulbahar
E:/8semproject/dataset_split/test\rhododendron\images334.jpg,rhododendron,rose
E:/8semproject/dataset_split/test\rhododendron\images342.jpg,rhododendron,tulip
E:/8semproject/dataset_split/test\rhododendron\images348.jpg,rhododendron,japakusum
E:/8semproject/dataset_split/test\rhododendron\images35.jpg,rhododendron,tulip
E:/8semproject/dataset_split/test\rhododendron\images350.jpg,rhododendron,japakusum
E:/8semproject/dataset_split/test\rhododendron\images351.jpg,rhododendron,tulip
E:/8semproject/dataset_split/test\rhododendron\images353.jpg,rhododendron,japakusum
E:/8semproject/dataset_split/test\rhododendron\images356.jpg,rhododendron,tulip
E:/8semproject/dataset_split/test\rhododendron\images358.jpg,rhododendron,gulbahar
E:/8semproject/dataset_split/test\rhododendron\images360.jpg,rhododendron,gulbahar
E:/8semproject/dataset_split/test\rhododendron\images361.jpg,rhododendron,japakusum
E:/8semproject/dataset_split/test\rhododendron\images362.jpg,rhododendron,rhododendron
E:/8semproject/dataset_split/test\rhododendron\images365.jpg,rhododendron,gulbahar
E:/8semproject/dataset_split/test\rhododendron\images367.jpg,rhododendron,japakusum
E:/8semproject/dataset_split/test\rhododendron\images369.jpg,rhododendron,tulip
E:/8semproject/dataset_split/test\rhododendron\images37.jpg,rhododendron,rhododendron
E:/8semproject/dataset_split/test\rhododendron\images371.jpg,rhododendron,gulbahar
E:/8semproject/dataset_split/test\rhododendron\images373.jpg,rhododendron,gulbahar
E:/8semproject/dataset_split/test\rhododendron\images375.jpg,rhododendron,gulbahar
E:/8semproject/dataset_split/test\rhododendron\images377.jpg,rhododendron,rhododendron
E:/8semproject/dataset_split/test\rhododendron\images38.jpg,rhododendron,rhododendron
E:/8semproject/dataset_split/test\rhododendron\images384.jpg,rhododendron,japakusum
E:/8semproject/dataset_split/test\rhododendron\images386.jpg,rhododendron,japakusum
E:/8semproject/dataset_split/test\rhododendron\images387.jpg,rhododendron,gulbahar
E:/8semproject/dataset_split/test\rhododendron\images389.jpg,rhododendron,tulip
E:/8semproject/dataset_split/test\rhododendron\images391.jpg,rhododendron,gulbahar
E:/8semproject/dataset_split/test\rhododendron\images392.jpg,rhododendron,rhododendron
E:/8semproject/dataset_split/test\rhododendron\images4.jpg,rhododendron,gulbahar
E:/8semproject/dataset_split/test\rhododendron\images40.jpg,rhododendron,gulbahar
E:/8semproject/dataset_split/test\rhododendron\images400.jpg,rhododendron,japakusum
E:/8semproject/dataset_split/test\rhododendron\images404.jpg,rhododendron,gulbahar
E:/8semproject/dataset_split/test\rhododendron\images407.jpg,rhododendron,japakusum
E:/8semproject/dataset_split/test\rhododendron\images408.jpg,rhododendron,gulbahar
E:/8semproject/dataset_split/test\rhododendron\images409.jpg,rhododendron,gulbahar
E:/8semproject/dataset_split/test\rhododendron\images415.jpg,rhododendron,gulbahar
E:/8semproject/dataset_split/test\rhododendron\images416.jpg,rhododendron,rose
E:/8semproject/dataset_split/test\rhododendron\images418.jpg,rhododendron,japakusum
E:/8semproject/dataset_split/test\rhododendron\images419.jpg,rhododendron,rhododendron
E:/8semproject/dataset_split/test\rhododendron\images42.jpg,rhododendron,tulip
E:/8semproject/dataset_split/test\rhododendron\images420.jpg,rhododendron,tulip
E:/8semproject/dataset_split/test\rhododendron\images421.jpg,rhododendron,gulbahar
E:/8semproject/dataset_split/test\rhododendron\images425.jpg,rhododendron,gulbahar
E:/8semproject/dataset_split/test\rhododendron\images426.jpg,rhododendron,japakusum
E:/8semproject/dataset_split/test\rhododendron\images427.jpg,rhododendron,japakusum
E:/8semproject/dataset_split/test\rhododendron\images43.jpg,rhododendron,gulbahar
E:/8semproject/dataset_split/test\rhododendron\images437.jpg,rhododendron,rhododendron
E:/8semproject/dataset_split/test\rhododendron\images438.jpg,rhododendron,rhododendron
E:/8semproject/dataset_split/test\rhododendron\images440.jpg,rhododendron,japakusum
E:/8semproject/dataset_split/test\rhododendron\images445.jpg,rhododendron,gulbahar
E:/8semproject/dataset_split/test\rhododendron\images447.jpg,rhododendron,gulbahar
E:/8semproject/dataset_split/test\rhododendron\images448.jpg,rhododendron,gulbahar
E:/8semproject/dataset_split/test\rhododendron\images449.jpg,rhododendron,japakusum
E:/8semproject/dataset_split/test\rhododendron\images456.jpg,rhododendron,gulbahar
E:/8semproject/dataset_split/test\rhododendron\images457.jpg,rhododendron,tulip
E:/8semproject/dataset_split/test\rhododendron\images462.jpg,rhododendron,rose
E:/8semproject/dataset_split/test\rhododendron\images463.jpg,rhododendron,rhododendron
E:/8semproject/dataset_split/test\rhododendron\images464.jpg,rhododendron,gulbahar
E:/8semproject/dataset_split/test\rhododendron\images466.jpg,rhododendron,rose
E:/8semproject/dataset_split/test\rhododendron\images47.jpg,rhododendron,japakusum
E:/8semproject/dataset_split/test\rhododendron\images470.jpg,rhododendron,dandelion
E:/8semproject/dataset_split/test\rhododendron\images475.jpg,rhododendron,rhododendron
E:/8semproject/dataset_split/test\rhododendron\images481.jpg,rhododendron,dandelion
E:/8semproject/dataset_split/test\rhododendron\images483.jpg,rhododendron,japakusum
E:/8semproject/dataset_split/test\rhododendron\images487.jpg,rhododendron,tulip
E:/8semproject/dataset_split/test\rhododendron\images489.jpg,rhododendron,rhododendron
E:/8semproject/dataset_split/test\rhododendron\images491.jpg,rhododendron,tulip
E:/8semproject/dataset_split/test\rhododendron\images498.jpg,rhododendron,japakusum
E:/8semproject/dataset_split/test\rhododendron\images5.jpg,rhododendron,baganbilas
E:/8semproject/dataset_split/test\rhododendron\images50.jpg,rhododendron,tulip
E:/8semproject/dataset_split/test\rhododendron\images501.jpg,rhododendron,gulbahar
E:/8semproject/dataset_split/test\rhododendron\images503.jpg,rhododendron,tulip
E:/8semproject/dataset_split/test\rhododendron\images504.jpg,rhododendron,gulbahar
E:/8semproject/dataset_split/test\rhododendron\images508.jpg,rhododendron,gulbahar
E:/8semproject/dataset_split/test\rhododendron\images51.jpg,rhododendron,gulbahar
E:/8semproject/dataset_split/test\rhododendron\images510.jpg,rhododendron,japakusum
E:/8semproject/dataset_split/test\rhododendron\images512.jpg,rhododendron,tulip
E:/8semproject/dataset_split/test\rhododendron\images517.jpg,rhododendron,japakusum
E:/8semproject/dataset_split/test\rhododendron\images518.jpg,rhododendron,japakusum
E:/8semproject/dataset_split/test\rhododendron\images519.jpg,rhododendron,rhododendron
E:/8semproject/dataset_split/test\rhododendron\images524.jpg,rhododendron,japakusum
E:/8semproject/dataset_split/test\rhododendron\images525.jpg,rhododendron,rose
E:/8semproject/dataset_split/test\rhododendron\images526.jpg,rhododendron,gulbahar
E:/8semproject/dataset_split/test\rhododendron\images528.jpg,rhododendron,rose
E:/8semproject/dataset_split/test\rhododendron\images529.jpg,rhododendron,japakusum
E:/8semproject/dataset_split/test\rhododendron\images53.jpg,rhododendron,japakusum
E:/8semproject/dataset_split/test\rhododendron\images531.jpg,rhododendron,japakusum
E:/8semproject/dataset_split/test\rhododendron\images532.jpg,rhododendron,rose
E:/8semproject/dataset_split/test\rhododendron\images539.jpg,rhododendron,rhododendron
E:/8semproject/dataset_split/test\rhododendron\images540.jpg,rhododendron,tulip
E:/8semproject/dataset_split/test\rhododendron\images541.jpg,rhododendron,gulbahar
E:/8semproject/dataset_split/test\rhododendron\images546.jpg,rhododendron,gulbahar
E:/8semproject/dataset_split/test\rhododendron\images548.jpg,rhododendron,gulbahar
E:/8semproject/dataset_split/test\rhododendron\images550.jpg,rhododendron,japakusum
E:/8semproject/dataset_split/test\rhododendron\images554.jpg,rhododendron,gulbahar
E:/8semproject/dataset_split/test\rhododendron\images556.jpg,rhododendron,gulbahar
E:/8semproject/dataset_split/test\rhododendron\images558.jpg,rhododendron,japakusum
E:/8semproject/dataset_split/test\rhododendron\images561.jpg,rhododendron,baganbilas
E:/8semproject/dataset_split/test\rhododendron\images562.jpg,rhododendron,japakusum
E:/8semproject/dataset_split/test\rhododendron\images566.jpg,rhododendron,japakusum
E:/8semproject/dataset_split/test\rhododendron\images57.jpg,rhododendron,rhododendron
E:/8semproject/dataset_split/test\rhododendron\images573.jpg,rhododendron,rose
E:/8semproject/dataset_split/test\rhododendron\images575.jpg,rhododendron,rose
E:/8semproject/dataset_split/test\rhododendron\images577.jpg,rhododendron,baganbilas
E:/8semproject/dataset_split/test\rhododendron\images581.jpg,rhododendron,rhododendron
E:/8semproject/dataset_split/test\rhododendron\images583.jpg,rhododendron,japakusum
E:/8semproject/dataset_split/test\rhododendron\images588.jpg,rhododendron,tulip
E:/8semproject/dataset_split/test\rhododendron\images59.jpg,rhododendron,gulbahar
E:/8semproject/dataset_split/test\rhododendron\images590.jpg,rhododendron,gulbahar
E:/8semproject/dataset_split/test\rhododendron\images592.jpg,rhododendron,dandelion
E:/8semproject/dataset_split/test\rhododendron\images593.jpg,rhododendron,tulip
E:/8semproject/dataset_split/test\rhododendron\images594.jpg,rhododendron,baganbilas
E:/8semproject/dataset_split/test\rhododendron\images596.jpg,rhododendron,tulip
E:/8semproject/dataset_split/test\rhododendron\images597.jpg,rhododendron,gulbahar
E:/8semproject/dataset_split/test\rhododendron\images599.jpg,rhododendron,gulbahar
E:/8semproject/dataset_split/test\rhododendron\images6.jpg,rhododendron,tulip
E:/8semproject/dataset_split/test\rhododendron\images60.jpg,rhododendron,japakusum
E:/8semproject/dataset_split/test\rhododendron\images600.jpg,rhododendron,japakusum
E:/8semproject/dataset_split/test\rhododendron\images601.jpg,rhododendron,japakusum
E:/8semproject/dataset_split/test\rhododendron\images602.jpg,rhododendron,gulbahar
E:/8semproject/dataset_split/test\rhododendron\images605.jpg,rhododendron,japakusum
E:/8semproject/dataset_split/test\rhododendron\images606.jpg,rhododendron,rose
E:/8semproject/dataset_split/test\rhododendron\images609.jpg,rhododendron,gulbahar
E:/8semproject/dataset_split/test\rhododendron\images610.jpg,rhododendron,dandelion
E:/8semproject/dataset_split/test\rhododendron\images616.jpg,rhododendron,japakusum
E:/8semproject/dataset_split/test\rhododendron\images617.jpg,rhododendron,tulip
E:/8semproject/dataset_split/test\rhododendron\images619.jpg,rhododendron,baganbilas
E:/8semproject/dataset_split/test\rhododendron\images623.jpg,rhododendron,japakusum
E:/8semproject/dataset_split/test\rhododendron\images626.jpg,rhododendron,japakusum
E:/8semproject/dataset_split/test\rhododendron\images628.jpg,rhododendron,gulbahar
E:/8semproject/dataset_split/test\rhododendron\images63.jpg,rhododendron,gulbahar
E:/8semproject/dataset_split/test\rhododendron\images632.jpg,rhododendron,rhododendron
E:/8semproject/dataset_split/test\rhododendron\images638.jpg,rhododendron,japakusum
E:/8semproject/dataset_split/test\rhododendron\images641.jpg,rhododendron,japakusum
E:/8semproject/dataset_split/test\rhododendron\images643.jpg,rhododendron,gulbahar
E:/8semproject/dataset_split/test\rhododendron\images646.jpg,rhododendron,japakusum
E:/8semproject/dataset_split/test\rhododendron\images651.jpg,rhododendron,dandelion
E:/8semproject/dataset_split/test\rhododendron\images652.jpg,rhododendron,dandelion
E:/8semproject/dataset_split/test\rhododendron\images659.jpg,rhododendron,rhododendron
E:/8semproject/dataset_split/test\rhododendron\images66.jpg,rhododendron,gulbahar
E:/8semproject/dataset_split/test\rhododendron\images666.jpg,rhododendron,gulbahar
E:/8semproject/dataset_split/test\rhododendron\images667.jpg,rhododendron,gulbahar
E:/8semproject/dataset_split/test\rhododendron\images668.jpg,rhododendron,tulip
E:/8semproject/dataset_split/test\rhododendron\images669.jpg,rhododendron,gulbahar
E:/8semproject/dataset_split/test\rhododendron\images67.jpg,rhododendron,gulbahar
E:/8semproject/dataset_split/test\rhododendron\images670.jpg,rhododendron,japakusum
E:/8semproject/dataset_split/test\rhododendron\images674.jpg,rhododendron,tulip
E:/8semproject/dataset_split/test\rhododendron\images675.jpg,rhododendron,tulip
E:/8semproject/dataset_split/test\rhododendron\images676.jpg,rhododendron,gulbahar
E:/8semproject/dataset_split/test\rhododendron\images679.jpg,rhododendron,tulip
E:/8semproject/dataset_split/test\rhododendron\images68.jpg,rhododendron,japakusum
E:/8semproject/dataset_split/test\rhododendron\images680.jpg,rhododendron,gulbahar
E:/8semproject/dataset_split/test\rhododendron\images682.jpg,rhododendron,baganbilas
E:/8semproject/dataset_split/test\rhododendron\images685.jpg,rhododendron,rhododendron
E:/8semproject/dataset_split/test\rhododendron\images687.jpg,rhododendron,gulbahar
E:/8semproject/dataset_split/test\rhododendron\images688.jpg,rhododendron,gulbahar
E:/8semproject/dataset_split/test\rhododendron\images692.jpg,rhododendron,japakusum
E:/8semproject/dataset_split/test\rhododendron\images693.jpg,rhododendron,japakusum
E:/8semproject/dataset_split/test\rhododendron\images694.jpg,rhododendron,gulbahar
E:/8semproject/dataset_split/test\rhododendron\images695.jpg,rhododendron,japakusum
E:/8semproject/dataset_split/test\rhododendron\images70.jpg,rhododendron,gulbahar
E:/8semproject/dataset_split/test\rhododendron\images700.jpg,rhododendron,baganbilas
E:/8semproject/dataset_split/test\rhododendron\images704.jpg,rhododendron,tulip
E:/8semproject/dataset_split/test\rhododendron\images706.jpg,rhododendron,gulbahar
E:/8semproject/dataset_split/test\rhododendron\images718.jpg,rhododendron,gulbahar
E:/8semproject/dataset_split/test\rhododendron\images72.jpg,rhododendron,gulbahar
E:/8semproject/dataset_split/test\rhododendron\images720.jpg,rhododendron,rose
E:/8semproject/dataset_split/test\rhododendron\images721.jpg,rhododendron,tulip
E:/8semproject/dataset_split/test\rhododendron\images722.jpg,rhododendron,japakusum
E:/8semproject/dataset_split/test\rhododendron\images723.jpg,rhododendron,gulbahar
E:/8semproject/dataset_split/test\rhododendron\images724.jpg,rhododendron,baganbilas
E:/8semproject/dataset_split/test\rhododendron\images725.jpg,rhododendron,tulip
E:/8semproject/dataset_split/test\rhododendron\images729.jpg,rhododendron,rhododendron
E:/8semproject/dataset_split/test\rhododendron\images73.jpg,rhododendron,baganbilas
E:/8semproject/dataset_split/test\rhododendron\images730.jpg,rhododendron,japakusum
E:/8semproject/dataset_split/test\rhododendron\images734.jpg,rhododendron,japakusum
E:/8semproject/dataset_split/test\rhododendron\images739.jpg,rhododendron,gulbahar
E:/8semproject/dataset_split/test\rhododendron\images741.jpg,rhododendron,japakusum
E:/8semproject/dataset_split/test\rhododendron\images742.jpg,rhododendron,gulbahar
E:/8semproject/dataset_split/test\rhododendron\images747.jpg,rhododendron,gulbahar
E:/8semproject/dataset_split/test\rhododendron\images75.jpg,rhododendron,gulbahar
E:/8semproject/dataset_split/test\rhododendron\images753.jpg,rhododendron,rose
E:/8semproject/dataset_split/test\rhododendron\images756.jpg,rhododendron,gulbahar
E:/8semproject/dataset_split/test\rhododendron\images758.jpg,rhododendron,tulip
E:/8semproject/dataset_split/test\rhododendron\images762.jpg,rhododendron,tulip
E:/8semproject/dataset_split/test\rhododendron\images763.jpg,rhododendron,tulip
E:/8semproject/dataset_split/test\rhododendron\images768.jpg,rhododendron,gulbahar
E:/8semproject/dataset_split/test\rhododendron\images769.jpg,rhododendron,tulip
E:/8semproject/dataset_split/test\rhododendron\images77.jpg,rhododendron,japakusum
E:/8semproject/dataset_split/test\rhododendron\images773.jpg,rhododendron,baganbilas
E:/8semproject/dataset_split/test\rhododendron\images774.jpg,rhododendron,gulbahar
E:/8semproject/dataset_split/test\rhododendron\images775.jpg,rhododendron,gulbahar
E:/8semproject/dataset_split/test\rhododendron\images778.jpg,rhododendron,rose
E:/8semproject/dataset_split/test\rhododendron\images780.jpg,rhododendron,gulbahar
E:/8semproject/dataset_split/test\rhododendron\images783.jpg,rhododendron,gulbahar
E:/8semproject/dataset_split/test\rhododendron\images784.jpg,rhododendron,gulbahar
E:/8semproject/dataset_split/test\rhododendron\images785.jpg,rhododendron,baganbilas
E:/8semproject/dataset_split/test\rhododendron\images786.jpg,rhododendron,japakusum
E:/8semproject/dataset_split/test\rhododendron\images792.jpg,rhododendron,japakusum
E:/8semproject/dataset_split/test\rhododendron\images793.jpg,rhododendron,gulbahar
E:/8semproject/dataset_split/test\rhododendron\images796.jpg,rhododendron,gulbahar
E:/8semproject/dataset_split/test\rhododendron\images80.jpg,rhododendron,japakusum
E:/8semproject/dataset_split/test\rhododendron\images802.jpg,rhododendron,gulbahar
E:/8semproject/dataset_split/test\rhododendron\images804.jpg,rhododendron,baganbilas
E:/8semproject/dataset_split/test\rhododendron\images808.jpg,rhododendron,tulip
E:/8semproject/dataset_split/test\rhododendron\images81.jpg,rhododendron,tulip
E:/8semproject/dataset_split/test\rhododendron\images811.jpg,rhododendron,gulbahar
E:/8semproject/dataset_split/test\rhododendron\images821.jpg,rhododendron,rhododendron
E:/8semproject/dataset_split/test\rhododendron\images824.jpg,rhododendron,gulbahar
E:/8semproject/dataset_split/test\rhododendron\images826.jpg,rhododendron,gulbahar
E:/8semproject/dataset_split/test\rhododendron\images829.jpg,rhododendron,japakusum
E:/8semproject/dataset_split/test\rhododendron\images830.jpg,rhododendron,gulbahar
E:/8semproject/dataset_split/test\rhododendron\images834.jpg,rhododendron,rhododendron
E:/8semproject/dataset_split/test\rhododendron\images835.jpg,rhododendron,gulbahar
E:/8semproject/dataset_split/test\rhododendron\images836.jpg,rhododendron,rose
E:/8semproject/dataset_split/test\rhododendron\images837.jpg,rhododendron,gulbahar
E:/8semproject/dataset_split/test\rhododendron\images84.jpg,rhododendron,japakusum
E:/8semproject/dataset_split/test\rhododendron\images841.jpg,rhododendron,gulbahar
E:/8semproject/dataset_split/test\rhododendron\images843.jpg,rhododendron,japakusum
E:/8semproject/dataset_split/test\rhododendron\images844.jpg,rhododendron,dandelion
E:/8semproject/dataset_split/test\rhododendron\images845.jpg,rhododendron,gulbahar
E:/8semproject/dataset_split/test\rhododendron\images847.jpg,rhododendron,gulbahar
E:/8semproject/dataset_split/test\rhododendron\images848.jpg,rhododendron,rhododendron
E:/8semproject/dataset_split/test\rhododendron\images85.jpg,rhododendron,dandelion
E:/8semproject/dataset_split/test\rhododendron\images850.jpg,rhododendron,rose
E:/8semproject/dataset_split/test\rhododendron\images857.jpg,rhododendron,gulbahar
E:/8semproject/dataset_split/test\rhododendron\images858.jpg,rhododendron,rose
E:/8semproject/dataset_split/test\rhododendron\images860.jpg,rhododendron,japakusum
E:/8semproject/dataset_split/test\rhododendron\images864.jpg,rhododendron,gulbahar
E:/8semproject/dataset_split/test\rhododendron\images866.jpg,rhododendron,japakusum
E:/8semproject/dataset_split/test\rhododendron\images867.jpg,rhododendron,rhododendron
E:/8semproject/dataset_split/test\rhododendron\images87.jpg,rhododendron,baganbilas
E:/8semproject/dataset_split/test\rhododendron\images870.jpg,rhododendron,gulbahar
E:/8semproject/dataset_split/test\rhododendron\images872.jpg,rhododendron,tulip
E:/8semproject/dataset_split/test\rhododendron\images89.jpg,rhododendron,japakusum
E:/8semproject/dataset_split/test\rhododendron\images90.jpg,rhododendron,rhododendron
E:/8semproject/dataset_split/test\rhododendron\images91.jpg,rhododendron,japakusum
E:/8semproject/dataset_split/test\rhododendron\images95.jpg,rhododendron,gulbahar
E:/8semproject/dataset_split/test\rhododendron\images96.jpg,rhododendron,japakusum
E:/8semproject/dataset_split/test\rhododendron\images98.jpg,rhododendron,japakusum
E:/8semproject/dataset_split/test\rhododendron\images99.jpg,rhododendron,japakusum
E:/8semproject/dataset_split/test\rhododendron\k-rhododendron-flower-rhododendron-campanella-blooming-fully-rainy-123295461.jpg,rhododendron,tulip
E:/8semproject/dataset_split/test\rhododendron\maxresdefault.jpg,rhododendron,tulip
E:/8semproject/dataset_split/test\rhododendron\pink-purple-rhododendron-7d131722.jpg,rhododendron,tulip
E:/8semproject/dataset_split/test\rhododendron\red-rhododendron-flower-nepal-garden-ghandruk-village-annapurna-region-182248555.jpg,rhododendron,tulip
E:/8semproject/dataset_split/test\rhododendron\rhododendron-4573566_1280.jpg,rhododendron,rose
E:/8semproject/dataset_split/test\rhododendron\rhododendron-arboreum-flower.jpg,rhododendron,tulip
E:/8semproject/dataset_split/test\rhododendron\rhododendron-flower-in-annapurna-nepal-B0GTGC.jpg,rhododendron,tulip
E:/8semproject/dataset_split/test\rhododendron\rhododendron-flowering-3700m-shweta-basnett_mhzjxg.jpg,rhododendron,dandelion
E:/8semproject/dataset_split/test\rhododendron\rhododendron-flowers-1024x536.jpg,rhododendron,tulip
E:/8semproject/dataset_split/test\rhododendron\rhododendron-of-Nepal.jpg,rhododendron,daisy
E:/8semproject/dataset_split/test\rhododendron\rhododendron-pink-side-crop_full_width.jpg,rhododendron,rhododendron
E:/8semproject/dataset_split/test\rhododendron\rhododendron.jpg,rhododendron,rose
E:/8semproject/dataset_split/test\rhododendron\rhododendron_black_hat_02-macro.jpg,rhododendron,gulbahar
E:/8semproject/dataset_split/test\rhododendron\rhododendrons-photos-facts-and-care-tips.jpg,rhododendron,gulbahar
E:/8semproject/dataset_split/test\rhododendron\rhododendrons.jpg,rhododendron,gulbahar
E:/8semproject/dataset_split/test\rose\10894627425_ec76bbc757_n.jpg,rose,tulip
E:/8semproject/dataset_split/test\rose\110472418_87b6a3aa98_m.jpg,rose,tulip
E:/8semproject/dataset_split/test\rose\11102341464_508d558dfc_n.jpg,rose,dandelion
E:/8semproject/dataset_split/test\rose\12165480946_c4a3fe182d_n.jpg,rose,tulip
E:/8semproject/dataset_split/test\rose\12238827553_cf427bfd51_n.jpg,rose,dandelion
E:/8semproject/dataset_split/test\rose\12240165555_98625b1e88_n.jpg,rose,tulip
E:/8semproject/dataset_split/test\rose\12240303_80d87f77a3_n.jpg,rose,gulbahar
E:/8semproject/dataset_split/test\rose\123128873_546b8b7355_n.jpg,rose,tulip
E:/8semproject/dataset_split/test\rose\12338444334_72fcc2fc58_m.jpg,rose,tulip
E:/8semproject/dataset_split/test\rose\12406229175_82e2ac649c_n.jpg,rose,tulip
E:/8semproject/dataset_split/test\rose\12406418663_af20dc225f_n.jpg,rose,tulip
E:/8semproject/dataset_split/test\rose\13211873833_82b029c8a1_n.jpg,rose,gulbahar
E:/8semproject/dataset_split/test\rose\13235124703_a7e1266e44.jpg,rose,dandelion
E:/8semproject/dataset_split/test\rose\13279526615_a3b0059bec.jpg,rose,dandelion
E:/8semproject/dataset_split/test\rose\14001990976_bd2da42dbc.jpg,rose,tulip
E:/8semproject/dataset_split/test\rose\14154164774_3b39d36778.jpg,rose,tulip
E:/8semproject/dataset_split/test\rose\14166797345_d2ab9da518.jpg,rose,tulip
E:/8semproject/dataset_split/test\rose\14221192676_eb8c89a7d6_n.jpg,rose,tulip
E:/8semproject/dataset_split/test\rose\14381787252_e8e12e277a_n.jpg,rose,rose
E:/8semproject/dataset_split/test\rose\14414123198_24606fb32d.jpg,rose,gulbahar
E:/8semproject/dataset_split/test\rose\1445228333_59a07e0801.jpg,rose,tulip
E:/8semproject/dataset_split/test\rose\1461381091_aaaa663bbe_n.jpg,rose,rose
E:/8semproject/dataset_split/test\rose\14683774134_6367640585.jpg,rose,rose
E:/8semproject/dataset_split/test\rose\14687731322_5613f76353.jpg,rose,gulbahar
E:/8semproject/dataset_split/test\rose\1469726748_f359f4a8c5.jpg,rose,japakusum
E:/8semproject/dataset_split/test\rose\14747962886_2bff6bb323_m.jpg,rose,gulbahar
E:/8semproject/dataset_split/test\rose\14810868100_87eb739f26_m.jpg,rose,rose
E:/8semproject/dataset_split/test\rose\1485142251_ca89254442.jpg,rose,tulip
E:/8semproject/dataset_split/test\rose\14870567200_80cda4362e_n.jpg,rose,tulip
E:/8semproject/dataset_split/test\rose\14943194730_f48b4d4547_n.jpg,rose,rose
E:/8semproject/dataset_split/test\rose\14970973709_968910640e_n.jpg,rose,gulbahar
E:/8semproject/dataset_split/test\rose\15011625580_7974c44bce.jpg,rose,japakusum
E:/8semproject/dataset_split/test\rose\15184419268_7230e9728e.jpg,rose,gulbahar
E:/8semproject/dataset_split/test\rose\15186434972_e353da940a.jpg,rose,gulbahar
E:/8semproject/dataset_split/test\rose\15202632426_d88efb321a_n.jpg,rose,rose
E:/8semproject/dataset_split/test\rose\15222804561_0fde5eb4ae_n.jpg,rose,tulip
E:/8semproject/dataset_split/test\rose\15236835789_6009b8f33d.jpg,rose,tulip
E:/8semproject/dataset_split/test\rose\15255964274_cf2ecdf702.jpg,rose,rose
E:/8semproject/dataset_split/test\rose\15274443248_76b9f3eb24.jpg,rose,tulip
E:/8semproject/dataset_split/test\rose\15333843782_060cef3030.jpg,rose,tulip
E:/8semproject/dataset_split/test\rose\15498482197_8878cdfb07_n.jpg,rose,gulbahar
E:/8semproject/dataset_split/test\rose\15674450867_0ced942941_n.jpg,rose,tulip
E:/8semproject/dataset_split/test\rose\15697872479_ed48e9dd73_n.jpg,rose,dandelion
E:/8semproject/dataset_split/test\rose\15811411368_f4f2cd8873_n.jpg,rose,daisy
E:/8semproject/dataset_split/test\rose\15818051327_9a44bf6244_n.jpg,rose,rose
E:/8semproject/dataset_split/test\rose\15820572326_be2ea4a55c_n.jpg,rose,rose
E:/8semproject/dataset_split/test\rose\15822837396_96b392fda8_m.jpg,rose,rose
E:/8semproject/dataset_split/test\rose\15859434664_67bf3ef29f.jpg,rose,tulip
E:/8semproject/dataset_split/test\rose\15901230359_1819e96b89_n.jpg,rose,dandelion
E:/8semproject/dataset_split/test\rose\15965652160_de91389965_m.jpg,rose,japakusum
E:/8semproject/dataset_split/test\rose\15978020586_6cb322b120_n.jpg,rose,gulbahar
E:/8semproject/dataset_split/test\rose\15996816031_7f2fea25cb_n.jpg,rose,japakusum
E:/8semproject/dataset_split/test\rose\15999816377_4b95e0b538_n.jpg,rose,daisy
E:/8semproject/dataset_split/test\rose\16051111039_0f0626a241_n.jpg,rose,tulip
E:/8semproject/dataset_split/test\rose\160954292_6c2b4fda65_n.jpg,rose,gulbahar
E:/8semproject/dataset_split/test\rose\16100313047_c2e23cbb3d_n.jpg,rose,tulip
E:/8semproject/dataset_split/test\rose\16155980245_6ab8d7b888.jpg,rose,gulbahar
E:/8semproject/dataset_split/test\rose\16157873719_bf0bdf8558_n.jpg,rose,dandelion
E:/8semproject/dataset_split/test\rose\16229215579_e7dd808e9c.jpg,rose,rose
E:/8semproject/dataset_split/test\rose\16258946661_f9739cdc0a.jpg,rose,tulip
E:/8semproject/dataset_split/test\rose\1667199972_7ba7d999c1_m.jpg,rose,dandelion
E:/8semproject/dataset_split/test\rose\17062080069_36ac7907d2_n.jpg,rose,rose
E:/8semproject/dataset_split/test\rose\17105684129_e2cb69ea24_n.jpg,rose,gulbahar
E:/8semproject/dataset_split/test\rose\17165596357_392a12391f.jpg,rose,japakusum
E:/8semproject/dataset_split/test\rose\17302463621_d82be11f01_n.jpg,rose,tulip
E:/8semproject/dataset_split/test\rose\17305246720_1866d6303b.jpg,rose,rose
E:/8semproject/dataset_split/test\rose\174109630_3c544b8a2f.jpg,rose,gulbahar
E:/8semproject/dataset_split/test\rose\17449165090_dfb27af360_n.jpg,rose,gulbahar
E:/8semproject/dataset_split/test\rose\17554868955_35f48516cd_m.jpg,rose,tulip
E:/8semproject/dataset_split/test\rose\1757822526_fe30b9b3ca_m.jpg,rose,dandelion
E:/8semproject/dataset_split/test\rose\1775233884_12ff5a124f.jpg,rose,gulbahar
E:/8semproject/dataset_split/test\rose\17869846573_d6c9c39843_n.jpg,rose,tulip
E:/8semproject/dataset_split/test\rose\1793211631_68c31a74dc.jpg,rose,daisy
E:/8semproject/dataset_split/test\rose\17953368844_be3d18cf30_m.jpg,rose,dandelion
E:/8semproject/dataset_split/test\rose\1801614110_bb9fa46830.jpg,rose,daisy
E:/8semproject/dataset_split/test\rose\18302672248_38fe0f70af_n.jpg,rose,tulip
E:/8semproject/dataset_split/test\rose\18302801780_50f9a04639_n.jpg,rose,dandelion
E:/8semproject/dataset_split/test\rose\18304294599_2b0b604a8d_n.jpg,rose,dandelion
E:/8semproject/dataset_split/test\rose\1831404161_d2df86fd70.jpg,rose,japakusum
E:/8semproject/dataset_split/test\rose\18464052396_6327841e65_n.jpg,rose,dandelion
E:/8semproject/dataset_split/test\rose\18464055536_709c8af0b7_n.jpg,rose,dandelion
E:/8semproject/dataset_split/test\rose\18486124712_17ebe7559b_n.jpg,rose,rose
E:/8semproject/dataset_split/test\rose\18486146942_e09ecd0e25_n.jpg,rose,dandelion
E:/8semproject/dataset_split/test\rose\18486151112_6f83e92223_n.jpg,rose,dandelion
E:/8semproject/dataset_split/test\rose\18486171962_c46dbd067d_n.jpg,rose,tulip
E:/8semproject/dataset_split/test\rose\18492288871_8c9d5657bb_n.jpg,rose,gulbahar
E:/8semproject/dataset_split/test\rose\18492342231_c074b4b19c_n.jpg,rose,tulip
E:/8semproject/dataset_split/test\rose\18563353954_b761d97155_m.jpg,rose,tulip
E:/8semproject/dataset_split/test\rose\18741313803_1bbf842fc6_n.jpg,rose,tulip
E:/8semproject/dataset_split/test\rose\18760363474_a707331322_n.jpg,rose,rose
E:/8semproject/dataset_split/test\rose\19440805164_920b28da61_n.jpg,rose,rose
E:/8semproject/dataset_split/test\rose\1949195327_75f76c12b1.jpg,rose,tulip
E:/8semproject/dataset_split/test\rose\19823402005_2db025dd66_m.jpg,rose,japakusum
E:/8semproject/dataset_split/test\rose\19988406792_68201f76e3_n.jpg,rose,rose
E:/8semproject/dataset_split/test\rose\20409866779_ac473f55e0_m.jpg,rose,rose
E:/8semproject/dataset_split/test\rose\20596941736_f2c5f496cf.jpg,rose,tulip
E:/8semproject/dataset_split/test\rose\20622485918_90fc000c86_n.jpg,rose,gulbahar
E:/8semproject/dataset_split/test\rose\2065522422_cfdd80044a_n.jpg,rose,tulip
E:/8semproject/dataset_split/test\rose\21039447185_96d59941b2_n.jpg,rose,tulip
E:/8semproject/dataset_split/test\rose\21522100663_455b77a90c_n.jpg,rose,daisy
E:/8semproject/dataset_split/test\rose\22325299158_6e32e599f8_m.jpg,rose,rose
E:/8semproject/dataset_split/test\rose\22506717337_0fd63e53e9.jpg,rose,tulip
E:/8semproject/dataset_split/test\rose\2265390547_2409007cef_n.jpg,rose,tulip
E:/8semproject/dataset_split/test\rose\2265579414_2e00a8f265_n.jpg,rose,japakusum
E:/8semproject/dataset_split/test\rose\2273917656_6d6c038283.jpg,rose,gulbahar
E:/8semproject/dataset_split/test\rose\2332478138_28f1d586e4_n.jpg,rose,gulbahar
E:/8semproject/dataset_split/test\rose\2347579838_dd6d2aaefc_n.jpg,rose,rhododendron
E:/8semproject/dataset_split/test\rose\23891005905_17ce9e6936.jpg,rose,tulip
E:/8semproject/dataset_split/test\rose\2392457180_f02dab5c65.jpg,rose,daisy
E:/8semproject/dataset_split/test\rose\2471103806_87ba53d997_n.jpg,rose,rose
E:/8semproject/dataset_split/test\rose\2491600761_7e9d6776e8_m.jpg,rose,gulbahar
E:/8semproject/dataset_split/test\rose\2501297526_cbd66a3f7e_m.jpg,rose,rose
E:/8semproject/dataset_split/test\rose\2536282942_b5ca27577e.jpg,rose,gulbahar
E:/8semproject/dataset_split/test\rose\2609353769_dc3654f12f.jpg,rose,gulbahar
E:/8semproject/dataset_split/test\rose\26723815164_d03d4d69cb_n.jpg,rose,tulip
E:/8semproject/dataset_split/test\rose\2675221506_5286c0595f.jpg,rose,dandelion
E:/8semproject/dataset_split/test\rose\2682566502_967e7eaa2a.jpg,rose,daisy
E:/8semproject/dataset_split/test\rose\27619697563_228f5c4677_n.jpg,rose,rose
E:/8semproject/dataset_split/test\rose\2777518561_105abc8cfc_n.jpg,rose,dandelion
E:/8semproject/dataset_split/test\rose\2788276815_8f730bd942.jpg,rose,tulip
E:/8semproject/dataset_split/test\rose\28131227642_e279b5768b_n.jpg,rose,gulbahar
E:/8semproject/dataset_split/test\rose\3045046293_57f6d52065_m.jpg,rose,gulbahar
E:/8semproject/dataset_split/test\rose\3072908271_08764c732a_m.jpg,rose,tulip
E:/8semproject/dataset_split/test\rose\323872063_7264e7e018_m.jpg,rose,japakusum
E:/8semproject/dataset_split/test\rose\3253243865_435c1f2c2b_m.jpg,rose,tulip
E:/8semproject/dataset_split/test\rose\3264570182_c7ded528ba_m.jpg,rose,gulbahar
E:/8semproject/dataset_split/test\rose\3268459296_a7346c6b2c.jpg,rose,tulip
E:/8semproject/dataset_split/test\rose\32724693914_282ccc4f92_n.jpg,rose,tulip
E:/8semproject/dataset_split/test\rose\33568244695_7ec846bcc6_n.jpg,rose,tulip
E:/8semproject/dataset_split/test\rose\3407482427_49d5c75291_m.jpg,rose,tulip
E:/8semproject/dataset_split/test\rose\3415176946_248afe9f32.jpg,rose,tulip
E:/8semproject/dataset_split/test\rose\3422228549_f147d6e642.jpg,rose,tulip
E:/8semproject/dataset_split/test\rose\3451177763_729a4d54af_n.jpg,rose,rose
E:/8semproject/dataset_split/test\rose\3475572132_01ae28e834_n.jpg,rose,rose
E:/8semproject/dataset_split/test\rose\3554620445_082dd0bec4_n.jpg,rose,gulbahar
E:/8semproject/dataset_split/test\rose\3576488381_611f3446e0_n.jpg,rose,gulbahar
E:/8semproject/dataset_split/test\rose\3634244527_e72c47842c_n.jpg,rose,tulip
E:/8semproject/dataset_split/test\rose\3663244576_97f595cf4a.jpg,rose,gulbahar
E:/8semproject/dataset_split/test\rose\3664842094_5fd60ee26b.jpg,rose,rose
E:/8semproject/dataset_split/test\rose\3697780051_83e50a6dd1_m.jpg,rose,gulbahar
E:/8semproject/dataset_split/test\rose\3872230296_6c477309f3_n.jpg,rose,gulbahar
E:/8semproject/dataset_split/test\rose\3903276582_fe05bf84c7_n.jpg,rose,japakusum
E:/8semproject/dataset_split/test\rose\394990940_7af082cf8d_n.jpg,rose,tulip
E:/8semproject/dataset_split/test\rose\3971662839_5cb2963b20_n.jpg,rose,tulip
E:/8semproject/dataset_split/test\rose\4093390305_4010c736c9.jpg,rose,gulbahar
E:/8semproject/dataset_split/test\rose\4267024012_295e7141a3_n.jpg,rose,dandelion
E:/8semproject/dataset_split/test\rose\4413509121_a62879598a.jpg,rose,dandelion
E:/8semproject/dataset_split/test\rose\4414135084_1ac7e6cd54.jpg,rose,dandelion
E:/8semproject/dataset_split/test\rose\4495885281_fe2a3b671d.jpg,rose,gulbahar
E:/8semproject/dataset_split/test\rose\4503599544_3822e7d1be.jpg,rose,gulbahar
E:/8semproject/dataset_split/test\rose\4504731519_9a260b6607_n.jpg,rose,tulip
E:/8semproject/dataset_split/test\rose\4505921907_21c8002fde.jpg,rose,daisy
E:/8semproject/dataset_split/test\rose\4588034197_e300b0872a_n.jpg,rose,tulip
E:/8semproject/dataset_split/test\rose\4609166128_b7ed49b40b_m.jpg,rose,dandelion
E:/8semproject/dataset_split/test\rose\4609168052_3d4e1d3804_n.jpg,rose,dandelion
E:/8semproject/dataset_split/test\rose\4612784323_0bcfb978f0_n.jpg,rose,gulbahar
E:/8semproject/dataset_split/test\rose\4612826243_7d86870a1b_n.jpg,rose,gulbahar
E:/8semproject/dataset_split/test\rose\4612830331_2a44957465_n.jpg,rose,rose
E:/8semproject/dataset_split/test\rose\4612833069_8e48b47aa4_n.jpg,rose,gulbahar
E:/8semproject/dataset_split/test\rose\4625089819_55c45a189c.jpg,rose,tulip
E:/8semproject/dataset_split/test\rose\4644336779_acd973528c.jpg,rose,gulbahar
E:/8semproject/dataset_split/test\rose\466486216_ab13b55763.jpg,rose,rose
E:/8semproject/dataset_split/test\rose\4694341873_65fe187a4e_n.jpg,rose,rose
E:/8semproject/dataset_split/test\rose\4713531680_1110a2fa07_n.jpg,rose,tulip
E:/8semproject/dataset_split/test\rose\4735314389_94fe1b2a9f_n.jpg,rose,gulbahar
E:/8semproject/dataset_split/test\rose\4754734410_94d98463a5.jpg,rose,dandelion
E:/8semproject/dataset_split/test\rose\475947979_554062a608_m.jpg,rose,japakusum
E:/8semproject/dataset_split/test\rose\4765063233_f64440c20b.jpg,rose,japakusum
E:/8semproject/dataset_split/test\rose\4860145119_b1c3cbaa4e_n.jpg,rose,rose
E:/8semproject/dataset_split/test\rose\4918137796_21f0922b0c_n.jpg,rose,rose
E:/8semproject/dataset_split/test\rose\494803274_f84f21d53a.jpg,rose,gulbahar
E:/8semproject/dataset_split/test\rose\4951581805_b049304f1b_n.jpg,rose,rose
E:/8semproject/dataset_split/test\rose\5001843267_ccc0aa7d4d_n.jpg,rose,rhododendron
E:/8semproject/dataset_split/test\rose\5001844187_0a77b2eed6_n.jpg,rose,japakusum
E:/8semproject/dataset_split/test\rose\5001846495_56068de2da_n.jpg,rose,gulbahar
E:/8semproject/dataset_split/test\rose\5001847693_77a9fb4f3c_n.jpg,rose,japakusum
E:/8semproject/dataset_split/test\rose\5001848135_63300a26a8_n.jpg,rose,japakusum
E:/8semproject/dataset_split/test\rose\5001848317_b33d17ab7a_n.jpg,rose,japakusum
E:/8semproject/dataset_split/test\rose\5001850247_33681cc95c_n.jpg,rose,gulbahar
E:/8semproject/dataset_split/test\rose\5001854143_d868390640_n.jpg,rose,gulbahar
E:/8semproject/dataset_split/test\rose\5001854803_cb87747d4a_n.jpg,rose,gulbahar
E:/8semproject/dataset_split/test\rose\5001856549_7e0a640488_n.jpg,rose,gulbahar
E:/8semproject/dataset_split/test\rose\5001858821_731d128f20_n.jpg,rose,gulbahar
E:/8semproject/dataset_split/test\rose\5002448396_7ca4d44086_n.jpg,rose,rose
E:/8semproject/dataset_split/test\rose\5002449706_647ffe5249_n.jpg,rose,rose
E:/8semproject/dataset_split/test\rose\5002450022_33337e895b_n.jpg,rose,gulbahar
E:/8semproject/dataset_split/test\rose\5002452576_f61a48b2e3_n.jpg,rose,japakusum
E:/8semproject/dataset_split/test\rose\5002452834_167883dbcf_n.jpg,rose,gulbahar
E:/8semproject/dataset_split/test\rose\5002454522_300a419273_n.jpg,rose,gulbahar
E:/8semproject/dataset_split/test\rose\5002455602_4286b34dde_n.jpg,rose,gulbahar
E:/8semproject/dataset_split/test\rose\5002456302_e3d2600c17_n.jpg,rose,rose
E:/8semproject/dataset_split/test\rose\5002456992_4da0df247a_n.jpg,rose,dandelion
E:/8semproject/dataset_split/test\rose\5002457330_b77672da1c_n.jpg,rose,rose
E:/8semproject/dataset_split/test\rose\5002458392_f465ed905e_n.jpg,rose,dandelion
E:/8semproject/dataset_split/test\rose\5002458616_b1719ccc40_n.jpg,rose,gulbahar
E:/8semproject/dataset_split/test\rose\5002459442_81825061e9_n.jpg,rose,dandelion
E:/8semproject/dataset_split/test\rose\5002460856_c44a02442f_n.jpg,rose,rose
E:/8semproject/dataset_split/test\rose\5002461124_dc5988bbc9_n.jpg,rose,dandelion
E:/8semproject/dataset_split/test\rose\5002462640_5bf92142bf_n.jpg,rose,rose
E:/8semproject/dataset_split/test\rose\5060536705_b370a5c543_n.jpg,rose,tulip
E:/8semproject/dataset_split/test\rose\5061135742_2870a7b691_n.jpg,rose,gulbahar
E:/8semproject/dataset_split/test\rose\5083072098_81587295d5.jpg,rose,gulbahar
E:/8semproject/dataset_split/test\rose\509239741_28e2cfe492_m.jpg,rose,dandelion
E:/8semproject/dataset_split/test\rose\512694812_48ba9c0b49_n.jpg,rose,daisy
E:/8semproject/dataset_split/test\rose\5193918046_d44e4fcd75_m.jpg,rose,tulip
E:/8semproject/dataset_split/test\rose\5212877807_a3ddf06a7c_n.jpg,rose,daisy
E:/8semproject/dataset_split/test\rose\5231103167_a03280e9f6_n.jpg,rose,gulbahar
E:/8semproject/dataset_split/test\rose\5234278003_d827fcd73b_m.jpg,rose,gulbahar
E:/8semproject/dataset_split/test\rose\5273722065_c85d8543c2_m.jpg,rose,gulbahar
E:/8semproject/dataset_split/test\rose\5335936115_0292d0beef_n.jpg,rose,gulbahar
E:/8semproject/dataset_split/test\rose\5335936311_390e8ed5d9_n.jpg,rose,rose
E:/8semproject/dataset_split/test\rose\5335937417_74a03b52ec_n.jpg,rose,gulbahar
E:/8semproject/dataset_split/test\rose\5335945309_852d018a27_n.jpg,rose,gulbahar
E:/8semproject/dataset_split/test\rose\5335946401_f49bfbe3f9_n.jpg,rose,dandelion
E:/8semproject/dataset_split/test\rose\5336545886_7b93463c06_n.jpg,rose,gulbahar
E:/8semproject/dataset_split/test\rose\5336546068_8fd643243c_n.jpg,rose,gulbahar
E:/8semproject/dataset_split/test\rose\5336551122_2df8fee6da_n.jpg,rose,gulbahar
E:/8semproject/dataset_split/test\rose\5336555402_4f6f03f5a5_n.jpg,rose,dandelion
E:/8semproject/dataset_split/test\rose\5336558870_22d0a6a318_n.jpg,rose,gulbahar
E:/8semproject/dataset_split/test\rose\5336559428_71e8b58ab5_n.jpg,rose,gulbahar
E:/8semproject/dataset_split/test\rose\5336562212_d014ddf9ca_n.jpg,rose,gulbahar
E:/8semproject/dataset_split/test\rose\534228982_4afbcece9b_m.jpg,rose,gulbahar
E:/8semproject/dataset_split/test\rose\5349248481_6445341842_n.jpg,rose,gulbahar
E:/8semproject/dataset_split/test\rose\5349249357_d4c0523f7e_n.jpg,rose,gulbahar
E:/8semproject/dataset_split/test\rose\5349250145_960c51d4fc_n.jpg,rose,japakusum
E:/8semproject/dataset_split/test\rose\5349860036_389d912fb7_n.jpg,rose,gulbahar
E:/8semproject/dataset_split/test\rose\5349861432_96137002c4_n.jpg,rose,rose
E:/8semproject/dataset_split/test\rose\5349865018_99cd7f985a_n.jpg,rose,japakusum
E:/8semproject/dataset_split/test\rose\537625768_791e973b40.jpg,rose,gulbahar
E:/8semproject/dataset_split/test\rose\5402157745_a384f0583d_n.jpg,rose,tulip
E:/8semproject/dataset_split/test\rose\5415173021_ec34517d84_n.jpg,rose,gulbahar
E:/8semproject/dataset_split/test\rose\5415783734_b002ebce24_n.jpg,rose,rose
E:/8semproject/dataset_split/test\rose\5419629292_2f06e4b295.jpg,rose,tulip
E:/8semproject/dataset_split/test\rose\5497730366_44d758d8f5.jpg,rose,tulip
E:/8semproject/dataset_split/test\rose\5529341024_0c35f2657d.jpg,rose,tulip
E:/8semproject/dataset_split/test\rose\5578760521_e54aca6bed_n.jpg,rose,dandelion
E:/8semproject/dataset_split/test\rose\5578766623_542c91dfaa_n.jpg,rose,gulbahar
E:/8semproject/dataset_split/test\rose\5602220566_5cdde8fa6c_n.jpg,rose,gulbahar
E:/8semproject/dataset_split/test\rose\5628552852_60bbe8d9b0_n.jpg,rose,tulip
E:/8semproject/dataset_split/test\rose\5717319579_190e85c7d1_m.jpg,rose,tulip
E:/8semproject/dataset_split/test\rose\5721768347_2ec4d2247b_n.jpg,rose,gulbahar
E:/8semproject/dataset_split/test\rose\5863698305_04a4277401_n.jpg,rose,japakusum
E:/8semproject/dataset_split/test\rose\5960270643_1b8a94822e_m.jpg,rose,tulip
E:/8semproject/dataset_split/test\rose\6111589202_8b9555364c_m.jpg,rose,japakusum
E:/8semproject/dataset_split/test\rose\6241886381_cc722785af.jpg,rose,rhododendron
E:/8semproject/dataset_split/test\rose\6309548569_932fee8313_m.jpg,rose,gulbahar
E:/8semproject/dataset_split/test\rose\6347846935_51e3dc2481_n.jpg,rose,rose
E:/8semproject/dataset_split/test\rose\6347847065_83cf87333b_n.jpg,rose,rose
E:/8semproject/dataset_split/test\rose\6363951285_a802238d4e.jpg,rose,rose
E:/8semproject/dataset_split/test\rose\6473543547_4fefdbd5dc.jpg,rose,dandelion
E:/8semproject/dataset_split/test\rose\6864417932_36fa4ceecf_n.jpg,rose,tulip
E:/8semproject/dataset_split/test\rose\6867597533_d65d1c39fb_n.jpg,rose,tulip
E:/8semproject/dataset_split/test\rose\6879112993_5a29208438_n.jpg,rose,rose
E:/8semproject/dataset_split/test\rose\6950609394_c53b8c6ac0_m.jpg,rose,gulbahar
E:/8semproject/dataset_split/test\rose\7186509956_c37c02fb43_n.jpg,rose,japakusum
E:/8semproject/dataset_split/test\rose\7187035716_5d0fb95c31_n.jpg,rose,rose
E:/8semproject/dataset_split/test\rose\7251352826_69b62cba2c_m.jpg,rose,dandelion
E:/8semproject/dataset_split/test\rose\7302931078_30054c1970_n.jpg,rose,dandelion
E:/8semproject/dataset_split/test\rose\7304710956_015b41f802_m.jpg,rose,rose
E:/8semproject/dataset_split/test\rose\7456196908_d34b9b76c4_n.jpg,rose,tulip
E:/8semproject/dataset_split/test\rose\7456197696_7e1558cc22_n.jpg,rose,rose
E:/8semproject/dataset_split/test\rose\7456439188_c2ba954a5d_n.jpg,rose,dandelion
E:/8semproject/dataset_split/test\rose\7456439862_8b1ae909b7_n.jpg,rose,dandelion
E:/8semproject/dataset_split/test\rose\7456492140_478b48ef8e_n.jpg,rose,dandelion
E:/8semproject/dataset_split/test\rose\7461899330_3b72976570_n.jpg,rose,tulip
E:/8semproject/dataset_split/test\rose\7470985338_a1f3bba601_n.jpg,rose,gulbahar
E:/8semproject/dataset_split/test\rose\7470985840_a93e958554_n.jpg,rose,gulbahar
E:/8semproject/dataset_split/test\rose\7471890480_498910f3e3_n.jpg,rose,gulbahar
E:/8semproject/dataset_split/test\rose\7471890644_92a004ea92_n.jpg,rose,japakusum
E:/8semproject/dataset_split/test\rose\7471890996_e61b134867_n.jpg,rose,tulip
E:/8semproject/dataset_split/test\rose\7471891186_195bb02c98_n.jpg,rose,tulip
E:/8semproject/dataset_split/test\rose\7471891352_cfd56b4e45_n.jpg,rose,tulip
E:/8semproject/dataset_split/test\rose\7474124984_ca015e8c10_n.jpg,rose,tulip
E:/8semproject/dataset_split/test\rose\7474125638_332be2863e_n.jpg,rose,daisy
E:/8semproject/dataset_split/test\rose\7481117422_66e73115ac_n.jpg,rose,tulip
E:/8semproject/dataset_split/test\rose\7481118926_43fa291306_n.jpg,rose,dandelion
E:/8semproject/dataset_split/test\rose\7481119180_7be71a322a_n.jpg,rose,dandelion
E:/8semproject/dataset_split/test\rose\7481119854_b4bb358f0b_n.jpg,rose,rose
E:/8semproject/dataset_split/test\rose\7525783408_0999483bf4_m.jpg,rose,dandelion
E:/8semproject/dataset_split/test\rose\7683456068_02644b8382_m.jpg,rose,gulbahar
E:/8semproject/dataset_split/test\rose\7820626638_3e2d712303.jpg,rose,dandelion
E:/8semproject/dataset_split/test\rose\8032328803_30afac8b07_m.jpg,rose,japakusum
E:/8semproject/dataset_split/test\rose\8181940917_1ac63937d5_n.jpg,rose,daisy
E:/8semproject/dataset_split/test\rose\8516036987_8a06dfe1b5_n.jpg,rose,rose
E:/8semproject/dataset_split/test\rose\8524505682_bda885af3a_n.jpg,rose,japakusum
E:/8semproject/dataset_split/test\rose\8562144481_1d629848ff.jpg,rose,tulip
E:/8semproject/dataset_split/test\rose\8667101118_87ea757b15.jpg,rose,gulbahar
E:/8semproject/dataset_split/test\rose\8674140377_ae7b0be523.jpg,rose,tulip
E:/8semproject/dataset_split/test\rose\8692051081_dffa8709e7_m.jpg,rose,japakusum
E:/8semproject/dataset_split/test\rose\8723767157_c45bfd3ab6.jpg,rose,tulip
E:/8semproject/dataset_split/test\rose\8775267816_726ddc6d92_n.jpg,rose,gulbahar
E:/8semproject/dataset_split/test\rose\8949720453_66e8304c30.jpg,rose,gulbahar
E:/8semproject/dataset_split/test\rose\8960904651_9a0b727258.jpg,rose,tulip
E:/8semproject/dataset_split/test\rose\8983268106_dc913d17d8_m.jpg,rose,daisy
E:/8semproject/dataset_split/test\rose\8987479080_32ab912d10_n.jpg,rose,gulbahar
E:/8semproject/dataset_split/test\rose\909277823_e6fb8cb5c8_n.jpg,rose,gulbahar
E:/8semproject/dataset_split/test\rose\9164900485_605aa12da8.jpg,rose,gulbahar
E:/8semproject/dataset_split/test\rose\9164924345_6b63637acf.jpg,rose,dandelion
E:/8semproject/dataset_split/test\rose\9216321995_83df405ea9.jpg,rose,gulbahar
E:/8semproject/dataset_split/test\rose\9216324117_5fa1e2bc25_n.jpg,rose,dandelion
E:/8semproject/dataset_split/test\rose\9298314004_c1a8146521.jpg,rose,tulip
E:/8semproject/dataset_split/test\rose\9300754115_dd79670066_n.jpg,rose,gulbahar
E:/8semproject/dataset_split/test\rose\9309388105_12c0b8dd54_m.jpg,rose,gulbahar
E:/8semproject/dataset_split/test\rose\9337528427_3d09b7012b.jpg,rose,gulbahar
E:/8semproject/dataset_split/test\rose\9404876600_04f6d37685.jpg,rose,rose
E:/8semproject/dataset_split/test\rose\9423755543_edb35141a3_n.jpg,rose,tulip
E:/8semproject/dataset_split/test\rose\9433167170_fa056d3175.jpg,rose,daisy
E:/8semproject/dataset_split/test\rose\9458445402_79e4dfa89c.jpg,rose,dandelion
E:/8semproject/dataset_split/test\rose\9614492283_66020fb4eb_n.jpg,rose,tulip
E:/8semproject/dataset_split/test\rose\9702378513_229a96b754_m.jpg,rose,gulbahar
E:/8semproject/dataset_split/test\sunflower\1008566138_6927679c8a.jpg,sunflower,dandelion
E:/8semproject/dataset_split/test\sunflower\10386503264_e05387e1f7_m.jpg,sunflower,sunflower
E:/8semproject/dataset_split/test\sunflower\10386525695_2c38fea555_n.jpg,sunflower,dandelion
E:/8semproject/dataset_split/test\sunflower\10386540696_0a95ee53a8_n.jpg,sunflower,tulip
E:/8semproject/dataset_split/test\sunflower\10541580714_ff6b171abd_n.jpg,sunflower,dandelion
E:/8semproject/dataset_split/test\sunflower\1064662314_c5a7891b9f_m.jpg,sunflower,rose
E:/8semproject/dataset_split/test\sunflower\1217254584_4b3028b93d.jpg,sunflower,dandelion
E:/8semproject/dataset_split/test\sunflower\12323859023_447387dbf0_n.jpg,sunflower,dandelion
E:/8semproject/dataset_split/test\sunflower\127192624_afa3d9cb84.jpg,sunflower,dandelion
E:/8semproject/dataset_split/test\sunflower\1297092593_e573c0a3d6.jpg,sunflower,dandelion
E:/8semproject/dataset_split/test\sunflower\13095941995_9a66faa713_n.jpg,sunflower,dandelion
E:/8semproject/dataset_split/test\sunflower\13096076565_72c2c60875_n.jpg,sunflower,dandelion
E:/8semproject/dataset_split/test\sunflower\13959937305_2f5c532886_n.jpg,sunflower,dandelion
E:/8semproject/dataset_split/test\sunflower\14244410747_22691ece4a_n.jpg,sunflower,dandelion
E:/8semproject/dataset_split/test\sunflower\14460081668_eda8795693_m.jpg,sunflower,dandelion
E:/8semproject/dataset_split/test\sunflower\14472246629_72373111e6_m.jpg,sunflower,sunflower
E:/8semproject/dataset_split/test\sunflower\145303599_2627e23815_n.jpg,sunflower,gulbahar
E:/8semproject/dataset_split/test\sunflower\14623719696_1bb7970208_n.jpg,sunflower,sunflower
E:/8semproject/dataset_split/test\sunflower\14623720226_aeeac66e0a_n.jpg,sunflower,sunflower
E:/8semproject/dataset_split/test\sunflower\14646279002_9cdf97be97_n.jpg,sunflower,sunflower
E:/8semproject/dataset_split/test\sunflower\14646280372_dd50be16e4_n.jpg,sunflower,sunflower
E:/8semproject/dataset_split/test\sunflower\14646281372_5f13794b47.jpg,sunflower,sunflower
E:/8semproject/dataset_split/test\sunflower\14646282112_447cc7d1f9.jpg,sunflower,tulip
E:/8semproject/dataset_split/test\sunflower\14646283472_50a3ae1395.jpg,sunflower,dandelion
E:/8semproject/dataset_split/test\sunflower\14678298676_6db8831ee6_m.jpg,sunflower,dandelion
E:/8semproject/dataset_split/test\sunflower\14698136411_23bdcff7bf_n.jpg,sunflower,dandelion
E:/8semproject/dataset_split/test\sunflower\14741813010_5d44e33088_n.jpg,sunflower,dandelion
E:/8semproject/dataset_split/test\sunflower\14741907467_fab96f3b2b_n.jpg,sunflower,gulbahar
E:/8semproject/dataset_split/test\sunflower\14814264272_4b39a102f9_n.jpg,sunflower,sunflower
E:/8semproject/dataset_split/test\sunflower\1485456230_58d8e45e88.jpg,sunflower,dandelion
E:/8semproject/dataset_split/test\sunflower\14889392928_9742aed45b_m.jpg,sunflower,dandelion
E:/8semproject/dataset_split/test\sunflower\14901528533_ac1ce09063.jpg,sunflower,dandelion
E:/8semproject/dataset_split/test\sunflower\14925397351_c7f209d804_n.jpg,sunflower,dandelion
E:/8semproject/dataset_split/test\sunflower\14925398441_107f3e0304_n.jpg,sunflower,gulbahar
E:/8semproject/dataset_split/test\sunflower\14955545254_324cd4ee75.jpg,sunflower,sunflower
E:/8semproject/dataset_split/test\sunflower\15026703621_e15e9d55f0_n.jpg,sunflower,dandelion
E:/8semproject/dataset_split/test\sunflower\15030133005_9728102622_z.jpg,sunflower,sunflower
E:/8semproject/dataset_split/test\sunflower\15042911059_b6153d94e7_n.jpg,sunflower,dandelion
E:/8semproject/dataset_split/test\sunflower\15054750690_198b6ab0f2_n.jpg,sunflower,gulbahar
E:/8semproject/dataset_split/test\sunflower\15054864058_2edca122a9_n.jpg,sunflower,gulbahar
E:/8semproject/dataset_split/test\sunflower\15054864508_0334b892be_m.jpg,sunflower,dandelion
E:/8semproject/dataset_split/test\sunflower\15054865217_e398d0dc9f_n.jpg,sunflower,gulbahar
E:/8semproject/dataset_split/test\sunflower\15054865768_2cc87ac9d4_m.jpg,sunflower,gulbahar
E:/8semproject/dataset_split/test\sunflower\15069459615_7e0fd61914_n.jpg,sunflower,dandelion
E:/8semproject/dataset_split/test\sunflower\15118397087_bfb7ea70d5_n.jpg,sunflower,tulip
E:/8semproject/dataset_split/test\sunflower\15122871130_6a7d0b4372_n.jpg,sunflower,gulbahar
E:/8semproject/dataset_split/test\sunflower\15145607875_e87204d78c_n.jpg,sunflower,dandelion
E:/8semproject/dataset_split/test\sunflower\15243175532_ac28c48e14_m.jpg,sunflower,dandelion
E:/8semproject/dataset_split/test\sunflower\15380755137_a2e67839ab_m.jpg,sunflower,dandelion
E:/8semproject/dataset_split/test\sunflower\15443139789_5318389b8c_n.jpg,sunflower,sunflower
E:/8semproject/dataset_split/test\sunflower\15495579081_661cb260d1_n.jpg,sunflower,tulip
E:/8semproject/dataset_split/test\sunflower\15683877266_42e0fe3782_n.jpg,sunflower,dandelion
E:/8semproject/dataset_split/test\sunflower\16143151468_4f3c033e33.jpg,sunflower,gulbahar
E:/8semproject/dataset_split/test\sunflower\164670455_29d8e02bbd_n.jpg,sunflower,dandelion
E:/8semproject/dataset_split/test\sunflower\16988605969_570329ff20_n.jpg,sunflower,dandelion
E:/8semproject/dataset_split/test\sunflower\1715303025_e7065327e2.jpg,sunflower,dandelion
E:/8semproject/dataset_split/test\sunflower\17433282043_441b0a07f4_n.jpg,sunflower,sunflower
E:/8semproject/dataset_split/test\sunflower\1788133737_b1133d1aa7.jpg,sunflower,dandelion
E:/8semproject/dataset_split/test\sunflower\18097401209_910a46fae1_n.jpg,sunflower,dandelion
E:/8semproject/dataset_split/test\sunflower\184682320_73ccf74710.jpg,sunflower,dandelion
E:/8semproject/dataset_split/test\sunflower\184682506_8a9b8c662d.jpg,sunflower,dandelion
E:/8semproject/dataset_split/test\sunflower\184683023_737fec5b18.jpg,sunflower,sunflower
E:/8semproject/dataset_split/test\sunflower\18828283553_e46504ae38.jpg,sunflower,dandelion
E:/8semproject/dataset_split/test\sunflower\19349582128_68a662075e_n.jpg,sunflower,dandelion
E:/8semproject/dataset_split/test\sunflower\193878348_43571127b9_n.jpg,sunflower,dandelion
E:/8semproject/dataset_split/test\sunflower\19697910486_0086d893a2.jpg,sunflower,sunflower
E:/8semproject/dataset_split/test\sunflower\197011740_21825de2bf.jpg,sunflower,dandelion
E:/8semproject/dataset_split/test\sunflower\19756232959_17cde3b9f0_m.jpg,sunflower,dandelion
E:/8semproject/dataset_split/test\sunflower\19915160340_ec904edbdf_n.jpg,sunflower,dandelion
E:/8semproject/dataset_split/test\sunflower\200557981_f800fa1af9.jpg,sunflower,dandelion
E:/8semproject/dataset_split/test\sunflower\20171662239_f69b6c12bd_n.jpg,sunflower,dandelion
E:/8semproject/dataset_split/test\sunflower\201809908_0ef84bb351.jpg,sunflower,dandelion
E:/8semproject/dataset_split/test\sunflower\20183028616_beb937e75c_m.jpg,sunflower,dandelion
E:/8semproject/dataset_split/test\sunflower\20621698991_dcb323911d.jpg,sunflower,dandelion
E:/8semproject/dataset_split/test\sunflower\20704967595_a9c9b8d431.jpg,sunflower,sunflower
E:/8semproject/dataset_split/test\sunflower\20777358950_c63ea569a1.jpg,sunflower,daisy
E:/8semproject/dataset_split/test\sunflower\20938724084_7fe6bf87ae_n.jpg,sunflower,dandelion
E:/8semproject/dataset_split/test\sunflower\20965412955_2c640b13bd.jpg,sunflower,gulbahar
E:/8semproject/dataset_split/test\sunflower\20972862281_5367f4af88.jpg,sunflower,daisy
E:/8semproject/dataset_split/test\sunflower\21374127408_5ffbe87bb2.jpg,sunflower,dandelion
E:/8semproject/dataset_split/test\sunflower\21728822928_9f6817325a_n.jpg,sunflower,tulip
E:/8semproject/dataset_split/test\sunflower\21796333524_38fc8e0ab5_n.jpg,sunflower,sunflower
E:/8semproject/dataset_split/test\sunflower\21821266773_7113d34c35_m.jpg,sunflower,dandelion
E:/8semproject/dataset_split/test\sunflower\21995435890_e5672244a4_m.jpg,sunflower,dandelion
E:/8semproject/dataset_split/test\sunflower\22183521655_56221bf2a4_n.jpg,sunflower,dandelion
E:/8semproject/dataset_split/test\sunflower\22203670478_9ec5c2700b_n.jpg,sunflower,dandelion
E:/8semproject/dataset_split/test\sunflower\22405887122_75eda1872f_m.jpg,sunflower,dandelion
E:/8semproject/dataset_split/test\sunflower\22429946721_e17a12cb39_n.jpg,sunflower,sunflower
E:/8semproject/dataset_split/test\sunflower\22992257000_76dbc599e7_m.jpg,sunflower,dandelion
E:/8semproject/dataset_split/test\sunflower\2307673262_e1e1aefd29.jpg,sunflower,gulbahar
E:/8semproject/dataset_split/test\sunflower\23204123212_ef32fbafbe.jpg,sunflower,dandelion
E:/8semproject/dataset_split/test\sunflower\23247483352_0defc7a6dc_n.jpg,sunflower,amala
E:/8semproject/dataset_split/test\sunflower\2328600790_90e2942557_n.jpg,sunflower,dandelion
E:/8semproject/dataset_split/test\sunflower\23645265812_24352ff6bf.jpg,sunflower,dandelion
E:/8semproject/dataset_split/test\sunflower\23894449029_bf0f34d35d_n.jpg,sunflower,amala
E:/8semproject/dataset_split/test\sunflower\2425164088_4a5d2cdf21_n.jpg,sunflower,dandelion
E:/8semproject/dataset_split/test\sunflower\24459548_27a783feda.jpg,sunflower,dandelion
E:/8semproject/dataset_split/test\sunflower\253586685_ee5b5f5232.jpg,sunflower,dandelion
E:/8semproject/dataset_split/test\sunflower\2588234269_c4bfd0d8b9_n.jpg,sunflower,sunflower
E:/8semproject/dataset_split/test\sunflower\2678588376_6ca64a4a54_n.jpg,sunflower,dandelion
E:/8semproject/dataset_split/test\sunflower\2689228449_e0be72cf00_n.jpg,sunflower,sunflower
E:/8semproject/dataset_split/test\sunflower\2706304885_4916102704_n.jpg,sunflower,sunflower
E:/8semproject/dataset_split/test\sunflower\2733109082_1351f6738a_n.jpg,sunflower,tulip
E:/8semproject/dataset_split/test\sunflower\27466794_57e4fe5656.jpg,sunflower,dandelion
E:/8semproject/dataset_split/test\sunflower\274846229_990e976683_n.jpg,sunflower,sunflower
E:/8semproject/dataset_split/test\sunflower\2803725948_5fd1f2fc99_n.jpg,sunflower,dandelion
E:/8semproject/dataset_split/test\sunflower\2807106374_f422b5f00c.jpg,sunflower,dandelion
E:/8semproject/dataset_split/test\sunflower\2816256710_a2d3616fae.jpg,sunflower,dandelion
E:/8semproject/dataset_split/test\sunflower\2816503473_580306e772.jpg,sunflower,dandelion
E:/8semproject/dataset_split/test\sunflower\28661674053_44f8034570_n.jpg,sunflower,daisy
E:/8semproject/dataset_split/test\sunflower\28664252816_1f24388ee6_n.jpg,sunflower,gulbahar
E:/8semproject/dataset_split/test\sunflower\287233531_74d4605814_m.jpg,sunflower,dandelion
E:/8semproject/dataset_split/test\sunflower\2883115609_5a69357b5d_m.jpg,sunflower,dandelion
E:/8semproject/dataset_split/test\sunflower\2883115621_4837267ea1_m.jpg,sunflower,dandelion
E:/8semproject/dataset_split/test\sunflower\2895404754_6d9f9416d7_n.jpg,sunflower,sunflower
E:/8semproject/dataset_split/test\sunflower\29429430522_b7a22cd3df_n.jpg,sunflower,dandelion
E:/8semproject/dataset_split/test\sunflower\2949654221_909b0c86a1_n.jpg,sunflower,dandelion
E:/8semproject/dataset_split/test\sunflower\3001533700_1c62fb8b4a_n.jpg,sunflower,tulip
E:/8semproject/dataset_split/test\sunflower\310380634_60e6c79989.jpg,sunflower,daisy
E:/8semproject/dataset_split/test\sunflower\3154932076_eff5c38231_n.jpg,sunflower,dandelion
E:/8semproject/dataset_split/test\sunflower\34572755322_b43e90cae2_n.jpg,sunflower,daisy
E:/8semproject/dataset_split/test\sunflower\3466923719_b4b6df7f8b_n.jpg,sunflower,dandelion
E:/8semproject/dataset_split/test\sunflower\34692938506_efda47f39a_n.jpg,sunflower,daisy
E:/8semproject/dataset_split/test\sunflower\3514340206_efb8198a80_n.jpg,sunflower,dandelion
E:/8semproject/dataset_split/test\sunflower\3596902268_049e33a2cb_n.jpg,sunflower,tulip
E:/8semproject/dataset_split/test\sunflower\3731075939_6c92d7fe68_m.jpg,sunflower,sunflower
E:/8semproject/dataset_split/test\sunflower\3734999477_7f454081aa_n.jpg,sunflower,dandelion
E:/8semproject/dataset_split/test\sunflower\3749090865_b90f28a585_n.jpg,sunflower,dandelion
E:/8semproject/dataset_split/test\sunflower\3798841385_38142ea3c6_n.jpg,sunflower,sunflower
E:/8semproject/dataset_split/test\sunflower\3815322974_52c12dbde3.jpg,sunflower,sunflower
E:/8semproject/dataset_split/test\sunflower\3832945398_96509d192b.jpg,sunflower,gulbahar
E:/8semproject/dataset_split/test\sunflower\3865206264_5d81584bba.jpg,sunflower,dandelion
E:/8semproject/dataset_split/test\sunflower\3889699518_77bf85bf44_n.jpg,sunflower,dandelion
E:/8semproject/dataset_split/test\sunflower\3912497888_e7a5905bc3_n.jpg,sunflower,sunflower
E:/8semproject/dataset_split/test\sunflower\3920137864_e922ab25b4_n.jpg,sunflower,gulbahar
E:/8semproject/dataset_split/test\sunflower\3946535709_78613461cb_n.jpg,sunflower,dandelion
E:/8semproject/dataset_split/test\sunflower\40410963_3ac280f23a_n.jpg,sunflower,dandelion
E:/8semproject/dataset_split/test\sunflower\4042816698_578a1d599e.jpg,sunflower,dandelion
E:/8semproject/dataset_split/test\sunflower\4110787181_f73f12d107_m.jpg,sunflower,dandelion
E:/8semproject/dataset_split/test\sunflower\4186808407_06688641e2_n.jpg,sunflower,dandelion
E:/8semproject/dataset_split/test\sunflower\4235259239_21f2eb4f2e.jpg,sunflower,dandelion
E:/8semproject/dataset_split/test\sunflower\4398771472_44f2a0c162_n.jpg,sunflower,sunflower
E:/8semproject/dataset_split/test\sunflower\4414080766_5116e8084e.jpg,sunflower,tulip
E:/8semproject/dataset_split/test\sunflower\4414084638_03d2db38ae.jpg,sunflower,sunflower
E:/8semproject/dataset_split/test\sunflower\45045005_57354ee844.jpg,sunflower,dandelion
E:/8semproject/dataset_split/test\sunflower\4623843480_23e3fb8dcc_n.jpg,sunflower,gulbahar
E:/8semproject/dataset_split/test\sunflower\4626721387_88f89d5cc9_n.jpg,sunflower,sunflower
E:/8semproject/dataset_split/test\sunflower\4673984698_6ec14d5b79.jpg,sunflower,dandelion
E:/8semproject/dataset_split/test\sunflower\4745991955_6804568ae0_n.jpg,sunflower,dandelion
E:/8semproject/dataset_split/test\sunflower\4746648726_e37a2de16d_n.jpg,sunflower,dandelion
E:/8semproject/dataset_split/test\sunflower\4746668678_0e2693b1b9_n.jpg,sunflower,dandelion
E:/8semproject/dataset_split/test\sunflower\4794180388_c7b9294aef_n.jpg,sunflower,tulip
E:/8semproject/dataset_split/test\sunflower\4795924955_202448d8ea_n.jpg,sunflower,dandelion
E:/8semproject/dataset_split/test\sunflower\4798378647_ca199b18c0_n.jpg,sunflower,dandelion
E:/8semproject/dataset_split/test\sunflower\4805544785_a63241f6d0_n.jpg,sunflower,sunflower
E:/8semproject/dataset_split/test\sunflower\4813483281_f3707a71e7_n.jpg,sunflower,daisy
E:/8semproject/dataset_split/test\sunflower\4818994715_9d90527d18_n.jpg,sunflower,dandelion
E:/8semproject/dataset_split/test\sunflower\4869189730_f47c124cda_n.jpg,sunflower,sunflower
E:/8semproject/dataset_split/test\sunflower\4872284527_ff52128b97.jpg,sunflower,dandelion
E:/8semproject/dataset_split/test\sunflower\4895718876_0246882882_n.jpg,sunflower,dandelion
E:/8semproject/dataset_split/test\sunflower\4895721242_89014e723c_n.jpg,sunflower,dandelion
E:/8semproject/dataset_split/test\sunflower\4932143849_018486cbf7.jpg,sunflower,dandelion
E:/8semproject/dataset_split/test\sunflower\4932735362_6e1017140f.jpg,sunflower,sunflower
E:/8semproject/dataset_split/test\sunflower\4932735566_2327bf319a.jpg,sunflower,dandelion
E:/8semproject/dataset_split/test\sunflower\4933229357_1c5cc03f65_m.jpg,sunflower,dandelion
E:/8semproject/dataset_split/test\sunflower\4940287066_385afd9c18_m.jpg,sunflower,dandelion
E:/8semproject/dataset_split/test\sunflower\4977385375_e271e282f9.jpg,sunflower,gulbahar
E:/8semproject/dataset_split/test\sunflower\4980406384_791774d953.jpg,sunflower,dandelion
E:/8semproject/dataset_split/test\sunflower\5025805406_033cb03475_n.jpg,sunflower,dandelion
E:/8semproject/dataset_split/test\sunflower\5037531593_e2daf4c7f1.jpg,sunflower,tulip
E:/8semproject/dataset_split/test\sunflower\5042785753_392cc4e74d_n.jpg,sunflower,dandelion
E:/8semproject/dataset_split/test\sunflower\5067864967_19928ca94c_m.jpg,sunflower,sunflower
E:/8semproject/dataset_split/test\sunflower\5091281256_648c37d7c1_n.jpg,sunflower,dandelion
E:/8semproject/dataset_split/test\sunflower\5139969871_c9046bdaa7_n.jpg,sunflower,sunflower
E:/8semproject/dataset_split/test\sunflower\5180260869_1db7ff98e4_n.jpg,sunflower,dandelion
E:/8semproject/dataset_split/test\sunflower\5180859236_60aa57ff9b_n.jpg,sunflower,dandelion
E:/8semproject/dataset_split/test\sunflower\5180861654_0741222c62_n.jpg,sunflower,gulbahar
E:/8semproject/dataset_split/test\sunflower\5223643767_d8beb7e410.jpg,sunflower,dandelion
E:/8semproject/dataset_split/test\sunflower\5231868667_f0baa71feb_n.jpg,sunflower,dandelion
E:/8semproject/dataset_split/test\sunflower\5339004958_a0a6f385fd_m.jpg,sunflower,dandelion
E:/8semproject/dataset_split/test\sunflower\5492906452_80943bfd04.jpg,sunflower,tulip
E:/8semproject/dataset_split/test\sunflower\5556633113_0a04f5ed8a_n.jpg,sunflower,dandelion
E:/8semproject/dataset_split/test\sunflower\5923085671_f81dd1cf6f.jpg,sunflower,tulip
E:/8semproject/dataset_split/test\sunflower\5933438337_b26a81ea81_n.jpg,sunflower,gulbahar
E:/8semproject/dataset_split/test\sunflower\5933438547_0dea1fddd6_n.jpg,sunflower,gulbahar
E:/8semproject/dataset_split/test\sunflower\5952223760_85972671d6_n.jpg,sunflower,sunflower
E:/8semproject/dataset_split/test\sunflower\5955475577_3d923874d9_n.jpg,sunflower,dandelion
E:/8semproject/dataset_split/test\sunflower\5956626941_2885465093_n.jpg,sunflower,dandelion
E:/8semproject/dataset_split/test\sunflower\5967283168_90dd4daf28_n.jpg,sunflower,sunflower
E:/8semproject/dataset_split/test\sunflower\5967284308_85714d8cf7_m.jpg,sunflower,sunflower
E:/8semproject/dataset_split/test\sunflower\5970300143_36b42437de_n.jpg,sunflower,dandelion
E:/8semproject/dataset_split/test\sunflower\5970301989_fe3a68aac8_m.jpg,sunflower,dandelion
E:/8semproject/dataset_split/test\sunflower\5970868068_fe1c8b282e_n.jpg,sunflower,tulip
E:/8semproject/dataset_split/test\sunflower\5973935729_2868f2db1f_n.jpg,sunflower,tulip
E:/8semproject/dataset_split/test\sunflower\5994569021_749d5e2da3_n.jpg,sunflower,dandelion
E:/8semproject/dataset_split/test\sunflower\5994572653_ea98afa3af_n.jpg,sunflower,dandelion
E:/8semproject/dataset_split/test\sunflower\5994586159_1dd99d66b4_n.jpg,sunflower,dandelion
E:/8semproject/dataset_split/test\sunflower\5995136822_8e1eed76f5_n.jpg,sunflower,dandelion
E:/8semproject/dataset_split/test\sunflower\6002598514_22a9a404c7_n.jpg,sunflower,sunflower
E:/8semproject/dataset_split/test\sunflower\6056460102_f5569092a6_n.jpg,sunflower,gulbahar
E:/8semproject/dataset_split/test\sunflower\6061177447_d8ce96aee0.jpg,sunflower,dandelion
E:/8semproject/dataset_split/test\sunflower\6104713425_8a3277e34a.jpg,sunflower,dandelion
E:/8semproject/dataset_split/test\sunflower\6125761554_4e72819ce4_m.jpg,sunflower,sunflower
E:/8semproject/dataset_split/test\sunflower\6140661443_bb48344226.jpg,sunflower,sunflower
E:/8semproject/dataset_split/test\sunflower\6140693467_211a135b6d.jpg,sunflower,sunflower
E:/8semproject/dataset_split/test\sunflower\6166888942_7058198713_m.jpg,sunflower,dandelion
E:/8semproject/dataset_split/test\sunflower\6199086734_b7ddc65816_m.jpg,sunflower,dandelion
E:/8semproject/dataset_split/test\sunflower\6250692311_cb60c85ee9_n.jpg,sunflower,dandelion
E:/8semproject/dataset_split/test\sunflower\6482016425_d8fab362f6.jpg,sunflower,gulbahar
E:/8semproject/dataset_split/test\sunflower\6482016439_b0d06dac04.jpg,sunflower,rose
E:/8semproject/dataset_split/test\sunflower\6495554833_86eb8faa8e_n.jpg,sunflower,dandelion
E:/8semproject/dataset_split/test\sunflower\6606749757_b98a4ba403.jpg,sunflower,dandelion
E:/8semproject/dataset_split/test\sunflower\6606753075_72ee32aa30_m.jpg,sunflower,dandelion
E:/8semproject/dataset_split/test\sunflower\6606806621_5267acdd38.jpg,sunflower,dandelion
E:/8semproject/dataset_split/test\sunflower\6606815161_3c4372760f.jpg,sunflower,dandelion
E:/8semproject/dataset_split/test\sunflower\6606823367_e89dc52a95_n.jpg,sunflower,daisy
E:/8semproject/dataset_split/test\sunflower\678714585_addc9aaaef.jpg,sunflower,gulbahar
E:/8semproject/dataset_split/test\sunflower\6866250080_ae80df0cd5_m.jpg,sunflower,gulbahar
E:/8semproject/dataset_split/test\sunflower\6958724008_12259943a7.jpg,sunflower,amala
E:/8semproject/dataset_split/test\sunflower\7012364067_5ffc7654c9_m.jpg,sunflower,daisy
E:/8semproject/dataset_split/test\sunflower\7176723954_e41618edc1_n.jpg,sunflower,dandelion
E:/8semproject/dataset_split/test\sunflower\7270375648_79f0caef42_n.jpg,sunflower,rose
E:/8semproject/dataset_split/test\sunflower\7510262868_cf7d6f6f25_n.jpg,sunflower,dandelion
E:/8semproject/dataset_split/test\sunflower\7510285306_ba8f80c382_n.jpg,sunflower,dandelion
E:/8semproject/dataset_split/test\sunflower\7581713708_8eae6794f2.jpg,sunflower,dandelion
E:/8semproject/dataset_split/test\sunflower\7721658400_0dec46d225.jpg,sunflower,sunflower
E:/8semproject/dataset_split/test\sunflower\7728953426_abd179ab63.jpg,sunflower,dandelion
E:/8semproject/dataset_split/test\sunflower\7791014076_07a897cb85_n.jpg,sunflower,dandelion
E:/8semproject/dataset_split/test\sunflower\8014735546_3db46bb1fe_n.jpg,sunflower,dandelion
E:/8semproject/dataset_split/test\sunflower\8174935013_b16626b49b.jpg,sunflower,sunflower
E:/8semproject/dataset_split/test\sunflower\8174935717_d19367d502.jpg,sunflower,dandelion
E:/8semproject/dataset_split/test\sunflower\8174941335_56389b53e9_n.jpg,sunflower,sunflower
E:/8semproject/dataset_split/test\sunflower\8249000137_eddfffa380_n.jpg,sunflower,dandelion
E:/8semproject/dataset_split/test\sunflower\8265023280_713f2c69d0_m.jpg,sunflower,dandelion
E:/8semproject/dataset_split/test\sunflower\8266310743_02095e782d_m.jpg,sunflower,dandelion
E:/8semproject/dataset_split/test\sunflower\8478248531_1a16e232b5.jpg,sunflower,sunflower
E:/8semproject/dataset_split/test\sunflower\8481979626_98c9f88848_n.jpg,sunflower,dandelion
E:/8semproject/dataset_split/test\sunflower\8543642705_b841b0e5f6.jpg,sunflower,dandelion
E:/8semproject/dataset_split/test\sunflower\857698097_8068a2c135_n.jpg,sunflower,dandelion
E:/8semproject/dataset_split/test\sunflower\864957037_c75373d1c5.jpg,sunflower,sunflower
E:/8semproject/dataset_split/test\sunflower\877083343_e3338c4125.jpg,sunflower,dandelion
E:/8semproject/dataset_split/test\sunflower\8929274876_17efc1774a_n.jpg,sunflower,dandelion
E:/8semproject/dataset_split/test\sunflower\9111896677_ff0b6fa6f6_n.jpg,sunflower,dandelion
E:/8semproject/dataset_split/test\sunflower\9213511121_836a458021_m.jpg,sunflower,dandelion
E:/8semproject/dataset_split/test\sunflower\9216286876_289a4779f7.jpg,sunflower,dandelion
E:/8semproject/dataset_split/test\sunflower\9231555352_d2dd8f8e68_m.jpg,sunflower,tulip
E:/8semproject/dataset_split/test\sunflower\9240129413_f240ce7866_n.jpg,sunflower,sunflower
E:/8semproject/dataset_split/test\sunflower\9302733302_2cb92cf275.jpg,sunflower,sunflower
E:/8semproject/dataset_split/test\sunflower\9309473873_9d62b9082e.jpg,sunflower,dandelion
E:/8semproject/dataset_split/test\sunflower\9400904374_37723396e3_n.jpg,sunflower,dandelion
E:/8semproject/dataset_split/test\sunflower\9410186154_465642ed35.jpg,sunflower,dandelion
E:/8semproject/dataset_split/test\sunflower\9427945592_07a2676945_n.jpg,sunflower,dandelion
E:/8semproject/dataset_split/test\sunflower\9448615838_04078d09bf_n.jpg,sunflower,gulbahar
E:/8semproject/dataset_split/test\sunflower\9460336948_6ae968be93.jpg,sunflower,dandelion
E:/8semproject/dataset_split/test\sunflower\9479261399_cebfbff670_n.jpg,sunflower,gulbahar
E:/8semproject/dataset_split/test\sunflower\9481563239_01b585b41d_n.jpg,sunflower,dandelion
E:/8semproject/dataset_split/test\sunflower\9497774249_7f5ae70927_m.jpg,sunflower,dandelion
E:/8semproject/dataset_split/test\sunflower\9497774935_a7daec5433_n.jpg,sunflower,tulip
E:/8semproject/dataset_split/test\sunflower\9535500195_543d0b729b.jpg,sunflower,dandelion
E:/8semproject/dataset_split/test\sunflower\9555827829_74e6f60f1d_m.jpg,sunflower,daisy
E:/8semproject/dataset_split/test\sunflower\9558627290_353a14ba0b_m.jpg,sunflower,gulbahar
E:/8semproject/dataset_split/test\sunflower\9558632814_e78a780f4f.jpg,sunflower,sunflower
E:/8semproject/dataset_split/test\sunflower\9610373748_b9cb67bd55.jpg,sunflower,dandelion
E:/8semproject/dataset_split/test\sunflower\9651392844_77f90589ba_n.jpg,sunflower,sunflower
E:/8semproject/dataset_split/test\sunflower\9681915384_b3b646dc92_m.jpg,sunflower,dandelion
E:/8semproject/dataset_split/test\sunflower\9699724719_a8439cc0fd_n.jpg,sunflower,sunflower
E:/8semproject/dataset_split/test\sunflower\9738792160_00cbcc99c8_n.jpg,sunflower,daisy
E:/8semproject/dataset_split/test\sunflower\9783416751_b2a03920f7_n.jpg,sunflower,dandelion
E:/8semproject/dataset_split/test\sunflower\9825716455_f12bcc8d4e_n.jpg,sunflower,dandelion
E:/8semproject/dataset_split/test\sunflower\9904127656_f76a5a4811_m.jpg,sunflower,dandelion
E:/8semproject/dataset_split/test\tulip\10094729603_eeca3f2cb6.jpg,tulip,dandelion
E:/8semproject/dataset_split/test\tulip\10128546863_8de70c610d.jpg,tulip,tulip
E:/8semproject/dataset_split/test\tulip\112428665_d8f3632f36_n.jpg,tulip,tulip
E:/8semproject/dataset_split/test\tulip\112428919_f0c5ad7d9d_n.jpg,tulip,tulip
E:/8semproject/dataset_split/test\tulip\112651128_7b5d39a346_m.jpg,tulip,tulip
E:/8semproject/dataset_split/test\tulip\113291410_1bdc718ed8_n.jpg,tulip,tulip
E:/8semproject/dataset_split/test\tulip\11746276_de3dec8201.jpg,tulip,tulip
E:/8semproject/dataset_split/test\tulip\11746367_d23a35b085_n.jpg,tulip,rhododendron
E:/8semproject/dataset_split/test\tulip\11746452_5bc1749a36.jpg,tulip,tulip
E:/8semproject/dataset_split/test\tulip\11746548_26b3256922_n.jpg,tulip,tulip
E:/8semproject/dataset_split/test\tulip\12025038686_7f10811d4b_n.jpg,tulip,rose
E:/8semproject/dataset_split/test\tulip\12163418275_bd6a1edd61.jpg,tulip,tulip
E:/8semproject/dataset_split/test\tulip\12616825773_9aa4245b57_n.jpg,tulip,dandelion
E:/8semproject/dataset_split/test\tulip\12764617214_12211c6a0c_m.jpg,tulip,dandelion
E:/8semproject/dataset_split/test\tulip\12916135413_dafcf3089e_n.jpg,tulip,tulip
E:/8semproject/dataset_split/test\tulip\12916441224_2ed63596f8_n.jpg,tulip,rose
E:/8semproject/dataset_split/test\tulip\12949131454_4d3392f4dd_n.jpg,tulip,tulip
E:/8semproject/dataset_split/test\tulip\130685347_afbffe3afa_n.jpg,tulip,tulip
E:/8semproject/dataset_split/test\tulip\13176521023_4d7cc74856_m.jpg,tulip,tulip
E:/8semproject/dataset_split/test\tulip\132538273_335240fe5b_n.jpg,tulip,tulip
E:/8semproject/dataset_split/test\tulip\13289268363_b9337d751e.jpg,tulip,sunflower
E:/8semproject/dataset_split/test\tulip\133858239_3eaa8a91fd_n.jpg,tulip,tulip
E:/8semproject/dataset_split/test\tulip\13472141763_f2517e7f0d.jpg,tulip,tulip
E:/8semproject/dataset_split/test\tulip\13472387874_d844478dbb.jpg,tulip,gulbahar
E:/8semproject/dataset_split/test\tulip\13472393854_b2530f7029_n.jpg,tulip,sunflower
E:/8semproject/dataset_split/test\tulip\13509967925_eaaeefa396_m.jpg,tulip,gulbahar
E:/8semproject/dataset_split/test\tulip\13509973805_bda5fa8982.jpg,tulip,gulbahar
E:/8semproject/dataset_split/test\tulip\13513851673_9d813dc7b0.jpg,tulip,gulbahar
E:/8semproject/dataset_split/test\tulip\13514136074_ab1b827e4f.jpg,tulip,dandelion
E:/8semproject/dataset_split/test\tulip\13529687904_3d60abb479_n.jpg,tulip,rose
E:/8semproject/dataset_split/test\tulip\13530687085_9b515735ef_m.jpg,tulip,rose
E:/8semproject/dataset_split/test\tulip\13530690445_9f1f5cf43a_n.jpg,tulip,tulip
E:/8semproject/dataset_split/test\tulip\13530796853_e5993f57d6_n.jpg,tulip,tulip
E:/8semproject/dataset_split/test\tulip\13531007054_c88deaf302_n.jpg,tulip,tulip
E:/8semproject/dataset_split/test\tulip\1353748522_b9c630b162.jpg,tulip,gulbahar
E:/8semproject/dataset_split/test\tulip\13539404903_cd113e3e9b.jpg,tulip,tulip
E:/8semproject/dataset_split/test\tulip\13561908485_7e4f8d508b.jpg,tulip,japakusum
E:/8semproject/dataset_split/test\tulip\13561912705_e5eeb41433_z.jpg,tulip,dandelion
E:/8semproject/dataset_split/test\tulip\13562266594_69b807f90c.jpg,tulip,tulip
E:/8semproject/dataset_split/test\tulip\135994133_4f306fe4bf_n.jpg,tulip,rose
E:/8semproject/dataset_split/test\tulip\13888320717_d2919a879b_m.jpg,tulip,tulip
E:/8semproject/dataset_split/test\tulip\13903937027_44b9f2f5b8.jpg,tulip,tulip
E:/8semproject/dataset_split/test\tulip\13910028149_6c9d5485ef.jpg,tulip,tulip
E:/8semproject/dataset_split/test\tulip\13910544560_9140dd547e.jpg,tulip,japakusum
E:/8semproject/dataset_split/test\tulip\13910678178_25e8b1a5e5.jpg,tulip,tulip
E:/8semproject/dataset_split/test\tulip\13910719110_1b21d1fc81.jpg,tulip,tulip
E:/8semproject/dataset_split/test\tulip\13923539227_bdab038dc8.jpg,tulip,gulbahar
E:/8semproject/dataset_split/test\tulip\13954659583_03981dea99_n.jpg,tulip,tulip
E:/8semproject/dataset_split/test\tulip\13976206001_fd1c2cbd60.jpg,tulip,japakusum
E:/8semproject/dataset_split/test\tulip\13976522214_ccec508fe7.jpg,tulip,rose
E:/8semproject/dataset_split/test\tulip\13979098645_50b9eebc02_n.jpg,tulip,tulip
E:/8semproject/dataset_split/test\tulip\13979840624_28466cb3ec_n.jpg,tulip,tulip
E:/8semproject/dataset_split/test\tulip\13997627965_22d81601ce_n.jpg,tulip,tulip
E:/8semproject/dataset_split/test\tulip\13999392173_b1411f8b23_n.jpg,tulip,tulip
E:/8semproject/dataset_split/test\tulip\13999402743_f563f6b685_n.jpg,tulip,tulip
E:/8semproject/dataset_split/test\tulip\14014595475_5892fcda51_n.jpg,tulip,dandelion
E:/8semproject/dataset_split/test\tulip\14017640283_c417141832_n.jpg,tulip,tulip
E:/8semproject/dataset_split/test\tulip\14039129738_cc3ac0a623_n.jpg,tulip,tulip
E:/8semproject/dataset_split/test\tulip\14039130008_f4b2807607_n.jpg,tulip,dandelion
E:/8semproject/dataset_split/test\tulip\14054827391_139fb54432.jpg,tulip,tulip
E:/8semproject/dataset_split/test\tulip\14055533888_f8e66b5693_n.jpg,tulip,dandelion
E:/8semproject/dataset_split/test\tulip\14061132852_89122de5f9_n.jpg,tulip,tulip
E:/8semproject/dataset_split/test\tulip\14064731501_ea14b58161.jpg,tulip,japakusum
E:/8semproject/dataset_split/test\tulip\14066056226_d8564a083e_m.jpg,tulip,tulip
E:/8semproject/dataset_split/test\tulip\14067456066_87e15792d0.jpg,tulip,tulip
E:/8semproject/dataset_split/test\tulip\14067476586_36bcddf111.jpg,tulip,tulip
E:/8semproject/dataset_split/test\tulip\14067778605_0285b7cc3a.jpg,tulip,dandelion
E:/8semproject/dataset_split/test\tulip\14068200854_5c13668df9_m.jpg,tulip,tulip
E:/8semproject/dataset_split/test\tulip\14068348874_7b36c99f6a.jpg,tulip,japakusum
E:/8semproject/dataset_split/test\tulip\14068378204_7b26baa30d_n.jpg,tulip,tulip
E:/8semproject/dataset_split/test\tulip\14069838099_53d9d1f4af_n.jpg,tulip,tulip
E:/8semproject/dataset_split/test\tulip\14069838529_152b5f559d_n.jpg,tulip,tulip
E:/8semproject/dataset_split/test\tulip\14069913627_6e87392642_n.jpg,tulip,tulip
E:/8semproject/dataset_split/test\tulip\14069914647_0296f003c0_n.jpg,tulip,gulbahar
E:/8semproject/dataset_split/test\tulip\14078067843_3573fcfc85_n.jpg,tulip,tulip
E:/8semproject/dataset_split/test\tulip\14084211971_0f921f11fe_n.jpg,tulip,dandelion
E:/8semproject/dataset_split/test\tulip\14087860553_bf4f8ec56d.jpg,tulip,dandelion
E:/8semproject/dataset_split/test\tulip\14088017343_dd158d2eb5.jpg,tulip,dandelion
E:/8semproject/dataset_split/test\tulip\14093565032_a8f1e349d1.jpg,tulip,rose
E:/8semproject/dataset_split/test\tulip\14093884601_c87b5cd663_n.jpg,tulip,daisy
E:/8semproject/dataset_split/test\tulip\14094146241_0b9fa7b3e0.jpg,tulip,tulip
E:/8semproject/dataset_split/test\tulip\14097366955_84ef6369f2.jpg,tulip,rose
E:/8semproject/dataset_split/test\tulip\14097676864_4ca8e8b20d_n.jpg,tulip,rose
E:/8semproject/dataset_split/test\tulip\14099204939_60e6ffa4c3_n.jpg,tulip,dandelion
E:/8semproject/dataset_split/test\tulip\14116826873_d4bab623bf_n.jpg,tulip,gulbahar
E:/8semproject/dataset_split/test\tulip\14127532150_112823a8f6.jpg,tulip,tulip
E:/8semproject/dataset_split/test\tulip\14171673854_1208c19be3_m.jpg,tulip,tulip
E:/8semproject/dataset_split/test\tulip\142235017_07816937c6.jpg,tulip,tulip
E:/8semproject/dataset_split/test\tulip\14233348826_89949b4784_n.jpg,tulip,tulip
E:/8semproject/dataset_split/test\tulip\14235021006_dd001ea8ed_n.jpg,tulip,dandelion
E:/8semproject/dataset_split/test\tulip\14238880561_7181ccb9fb_n.jpg,tulip,dandelion
E:/8semproject/dataset_split/test\tulip\14239946452_b0c8f018fe_n.jpg,tulip,tulip
E:/8semproject/dataset_split/test\tulip\14241883744_ff69de8b7f_n.jpg,tulip,dandelion
E:/8semproject/dataset_split/test\tulip\14254329062_140c0f4f4f_n.jpg,tulip,tulip
E:/8semproject/dataset_split/test\tulip\14254329512_8b4229b898_n.jpg,tulip,tulip
E:/8semproject/dataset_split/test\tulip\14256112284_5f9d6d1aae_n.jpg,tulip,rose
E:/8semproject/dataset_split/test\tulip\14256494455_0718057a48_n.jpg,tulip,tulip
E:/8semproject/dataset_split/test\tulip\14256494935_0ee69cfa03_n.jpg,tulip,tulip
E:/8semproject/dataset_split/test\tulip\14262354955_cc2ab3b112_m.jpg,tulip,gulbahar
E:/8semproject/dataset_split/test\tulip\14266093711_66d18a1e44_n.jpg,tulip,rose
E:/8semproject/dataset_split/test\tulip\14276668513_f205b5270d_n.jpg,tulip,dandelion
E:/8semproject/dataset_split/test\tulip\14487705209_ea723109e1_m.jpg,tulip,dandelion
E:/8semproject/dataset_split/test\tulip\14487943607_651e8062a1_m.jpg,tulip,gulbahar
E:/8semproject/dataset_split/test\tulip\14491997336_36ba524713.jpg,tulip,tulip
E:/8semproject/dataset_split/test\tulip\14674067742_73c2602aa6_m.jpg,tulip,dandelion
E:/8semproject/dataset_split/test\tulip\14674071872_2df55466d5_m.jpg,tulip,dandelion
E:/8semproject/dataset_split/test\tulip\146884869_b1a8fa9c4e_n.jpg,tulip,rose
E:/8semproject/dataset_split/test\tulip\14746916178_40403cc57e.jpg,tulip,dandelion
E:/8semproject/dataset_split/test\tulip\14861513337_4ef0bfa40d.jpg,tulip,gulbahar
E:/8semproject/dataset_split/test\tulip\15029962436_3e50c1f30f_n.jpg,tulip,tulip
E:/8semproject/dataset_split/test\tulip\15049902081_dd85361f8c_m.jpg,tulip,rose
E:/8semproject/dataset_split/test\tulip\15082212714_ff87e8fcb1_m.jpg,tulip,dandelion
E:/8semproject/dataset_split/test\tulip\15096307668_589504b03f_n.jpg,tulip,tulip
E:/8semproject/dataset_split/test\tulip\15147464747_594599c855_m.jpg,tulip,dandelion
E:/8semproject/dataset_split/test\tulip\15275504998_ca9eb82998.jpg,tulip,tulip
E:/8semproject/dataset_split/test\tulip\15452909878_0c4941f729_m.jpg,tulip,gulbahar
E:/8semproject/dataset_split/test\tulip\15756524087_823cf86bd8_m.jpg,tulip,rhododendron
E:/8semproject/dataset_split/test\tulip\16055807744_000bc07afc_m.jpg,tulip,japakusum
E:/8semproject/dataset_split/test\tulip\16062072523_1be3c0b61f.jpg,tulip,amala
E:/8semproject/dataset_split/test\tulip\16098264209_38fe491093.jpg,tulip,gulbahar
E:/8semproject/dataset_split/test\tulip\16133946004_2e935d9433_n.jpg,tulip,daisy
E:/8semproject/dataset_split/test\tulip\16138212287_643bf336e1_m.jpg,tulip,tulip
E:/8semproject/dataset_split/test\tulip\16139439153_fbdee29a10_n.jpg,tulip,japakusum
E:/8semproject/dataset_split/test\tulip\16169741783_deeab1a679_m.jpg,tulip,gulbahar
E:/8semproject/dataset_split/test\tulip\16282277874_b92776b194.jpg,tulip,tulip
E:/8semproject/dataset_split/test\tulip\16309287412_5cc4d58bd1_n.jpg,tulip,tulip
E:/8semproject/dataset_split/test\tulip\16568439688_4f166e8d90_n.jpg,tulip,tulip
E:/8semproject/dataset_split/test\tulip\16568481088_dfcfccefea_n.jpg,tulip,rose
E:/8semproject/dataset_split/test\tulip\16568537758_67eb281aab_n.jpg,tulip,daisy
E:/8semproject/dataset_split/test\tulip\16568820360_a938311dd3_n.jpg,tulip,tulip
E:/8semproject/dataset_split/test\tulip\16644790896_7b296ecd67_n.jpg,tulip,tulip
E:/8semproject/dataset_split/test\tulip\16677199221_eab3f22378_n.jpg,tulip,gulbahar
E:/8semproject/dataset_split/test\tulip\16677542612_a78a8ca8b3_m.jpg,tulip,japakusum
E:/8semproject/dataset_split/test\tulip\16700863150_ddaa4d89b4_n.jpg,tulip,tulip
E:/8semproject/dataset_split/test\tulip\16717320956_d4b00807f2.jpg,tulip,dandelion
E:/8semproject/dataset_split/test\tulip\16754984282_3a801bfa50_n.jpg,tulip,rose
E:/8semproject/dataset_split/test\tulip\16755061382_f6531150c1_n.jpg,tulip,gulbahar
E:/8semproject/dataset_split/test\tulip\16765283686_0315ae00a8.jpg,tulip,dandelion
E:/8semproject/dataset_split/test\tulip\16862349256_0a1f91ab53.jpg,tulip,tulip
E:/8semproject/dataset_split/test\tulip\16862374316_4135908d4c_m.jpg,tulip,gulbahar
E:/8semproject/dataset_split/test\tulip\16930121391_a4092ecf00_n.jpg,tulip,gulbahar
E:/8semproject/dataset_split/test\tulip\17066864992_1cbc4fc908.jpg,tulip,gulbahar
E:/8semproject/dataset_split/test\tulip\17094167287_865840060d_n.jpg,tulip,tulip
E:/8semproject/dataset_split/test\tulip\17105644339_e301a8a6be_n.jpg,tulip,gulbahar
E:/8semproject/dataset_split/test\tulip\17146928665_600fa3a1f1_n.jpg,tulip,tulip
E:/8semproject/dataset_split/test\tulip\17167151059_a53bfe0b02.jpg,tulip,rose
E:/8semproject/dataset_split/test\tulip\17202535346_ab828e779b.jpg,tulip,gulbahar
E:/8semproject/dataset_split/test\tulip\17224410762_402455ed8f.jpg,tulip,sunflower
E:/8semproject/dataset_split/test\tulip\17282288501_e8738c9cfb_n.jpg,tulip,tulip
E:/8semproject/dataset_split/test\tulip\17291451621_0e39f08b9e_n.jpg,tulip,rose
E:/8semproject/dataset_split/test\tulip\17291930305_79deae6a90_n.jpg,tulip,tulip
E:/8semproject/dataset_split/test\tulip\17309017866_b6b290b970_n.jpg,tulip,rose
E:/8semproject/dataset_split/test\tulip\17324469461_2b318aff8d_m.jpg,tulip,dandelion
E:/8semproject/dataset_split/test\tulip\17408197905_829c4d7940_m.jpg,tulip,tulip
E:/8semproject/dataset_split/test\tulip\17720403638_94cfcd8d5c_n.jpg,tulip,dandelion
E:/8semproject/dataset_split/test\tulip\17730239562_9aa0fc0738_n.jpg,tulip,tulip
E:/8semproject/dataset_split/test\tulip\17733480801_bffa0a30c0_n.jpg,tulip,dandelion
E:/8semproject/dataset_split/test\tulip\17781940352_a45e4289a5.jpg,tulip,tulip
E:/8semproject/dataset_split/test\tulip\17844723633_da85357fe3.jpg,tulip,gulbahar
E:/8semproject/dataset_split/test\tulip\17907238905_1ae121f8d9_m.jpg,tulip,gulbahar
E:/8semproject/dataset_split/test\tulip\18378582936_ee7085c850.jpg,tulip,tulip
E:/8semproject/dataset_split/test\tulip\18406629611_4d1edcf23b_n.jpg,tulip,tulip
E:/8semproject/dataset_split/test\tulip\19315333834_cfed7ae637_n.jpg,tulip,dandelion
E:/8semproject/dataset_split/test\tulip\19324610724_1facd379ed_n.jpg,tulip,dandelion
E:/8semproject/dataset_split/test\tulip\19413898445_69344f9956_n.jpg,tulip,tulip
E:/8semproject/dataset_split/test\tulip\19660257424_e9080d2ddc_n.jpg,tulip,rose
E:/8semproject/dataset_split/test\tulip\19689668684_15089ae2fa_n.jpg,tulip,gulbahar
E:/8semproject/dataset_split/test\tulip\19722589898_233a0235af_n.jpg,tulip,gulbahar
E:/8semproject/dataset_split/test\tulip\19732081840_f573a3827d_n.jpg,tulip,gulbahar
E:/8semproject/dataset_split/test\tulip\19912513252_93d8df17cf_n.jpg,tulip,rose
E:/8semproject/dataset_split/test\tulip\20111973586_2987a89bed_n.jpg,tulip,japakusum
E:/8semproject/dataset_split/test\tulip\20265958876_edb70c4553_n.jpg,tulip,gulbahar
E:/8semproject/dataset_split/test\tulip\20283873362_fece39a33e_n.jpg,tulip,gulbahar
E:/8semproject/dataset_split/test\tulip\20304518589_8bac64c536_n.jpg,tulip,dandelion
E:/8semproject/dataset_split/test\tulip\20488590303_24fa3c9015_n.jpg,tulip,gulbahar
E:/8semproject/dataset_split/test\tulip\20489160931_3c445b6b02_n.jpg,tulip,dandelion
E:/8semproject/dataset_split/test\tulip\20535484712_8fc5c2a4e8_n.jpg,tulip,gulbahar
E:/8semproject/dataset_split/test\tulip\20692409652_25da3e5839_n.jpg,tulip,rose
E:/8semproject/dataset_split/test\tulip\20692436712_75b2deaedf_n.jpg,tulip,rose
E:/8semproject/dataset_split/test\tulip\20708492111_35757c490f_n.jpg,tulip,rose
E:/8semproject/dataset_split/test\tulip\20711107885_98d96a705b_n.jpg,tulip,gulbahar
E:/8semproject/dataset_split/test\tulip\20733335929_0100f38c4a_n.jpg,tulip,tulip
E:/8semproject/dataset_split/test\tulip\20877119138_c0fde9d53f_n.jpg,tulip,gulbahar
E:/8semproject/dataset_split/test\tulip\20921546830_1d79fd07f7_n.jpg,tulip,rose
E:/8semproject/dataset_split/test\tulip\2220085701_896054d263_n.jpg,tulip,tulip
E:/8semproject/dataset_split/test\tulip\2232289392_9a79a0c5cb_n.jpg,tulip,tulip
E:/8semproject/dataset_split/test\tulip\2243427551_809b603992_z.jpg,tulip,japakusum
E:/8semproject/dataset_split/test\tulip\2249756775_02e693beda_n.jpg,tulip,japakusum
E:/8semproject/dataset_split/test\tulip\2254152047_d3bf8903cd_n.jpg,tulip,tulip
E:/8semproject/dataset_split/test\tulip\2256230386_08b54ca760.jpg,tulip,tulip
E:/8semproject/dataset_split/test\tulip\2272006181_785f1be94f_n.jpg,tulip,gulbahar
E:/8semproject/dataset_split/test\tulip\2322670828_34115a7050.jpg,tulip,dandelion
E:/8semproject/dataset_split/test\tulip\2344751399_71620039f2_n.jpg,tulip,rhododendron
E:/8semproject/dataset_split/test\tulip\2418823693_72eec80f42_n.jpg,tulip,tulip
E:/8semproject/dataset_split/test\tulip\2431737309_1468526f8b.jpg,tulip,tulip
E:/8semproject/dataset_split/test\tulip\2432389721_4d14971060_n.jpg,tulip,rose
E:/8semproject/dataset_split/test\tulip\2440874162_27a7030402_n.jpg,tulip,tulip
E:/8semproject/dataset_split/test\tulip\2447151631_7551e6377b_n.jpg,tulip,rose
E:/8semproject/dataset_split/test\tulip\25429468133_6bfba75d94_n.jpg,tulip,dandelion
E:/8semproject/dataset_split/test\tulip\25429501953_a1f9ce09e6_n.jpg,tulip,tulip
E:/8semproject/dataset_split/test\tulip\25759191500_1c0da35828_n.jpg,tulip,gulbahar
E:/8semproject/dataset_split/test\tulip\25965548411_dbbe26262b_n.jpg,tulip,gulbahar
E:/8semproject/dataset_split/test\tulip\26685647236_8211cb3e95_n.jpg,tulip,tulip
E:/8semproject/dataset_split/test\tulip\2785458179_9130812eef_m.jpg,tulip,tulip
E:/8semproject/dataset_split/test\tulip\2834890466_1cf220fba1.jpg,tulip,rose
E:/8semproject/dataset_split/test\tulip\2936181186_38ff43492e.jpg,tulip,gulbahar
E:/8semproject/dataset_split/test\tulip\3011223301_09b4e3edb7.jpg,tulip,tulip
E:/8semproject/dataset_split/test\tulip\3210019014_1bbd8bff20_n.jpg,tulip,rose
E:/8semproject/dataset_split/test\tulip\3238068295_b2a7b17f48_n.jpg,tulip,gulbahar
E:/8semproject/dataset_split/test\tulip\3282751630_45c2665034_m.jpg,tulip,tulip
E:/8semproject/dataset_split/test\tulip\3396033831_bb88d93630.jpg,tulip,tulip
E:/8semproject/dataset_split/test\tulip\3422915985_9bf7264d36.jpg,tulip,japakusum
E:/8semproject/dataset_split/test\tulip\3430229687_32645b5738.jpg,tulip,gulbahar
E:/8semproject/dataset_split/test\tulip\3449794006_8c289840aa.jpg,tulip,tulip
E:/8semproject/dataset_split/test\tulip\3474066174_8d3b3e8f97_n.jpg,tulip,tulip
E:/8semproject/dataset_split/test\tulip\3476945045_97ff41e8ec_n.jpg,tulip,tulip
E:/8semproject/dataset_split/test\tulip\3498663243_42b39b4185_m.jpg,tulip,rhododendron
E:/8semproject/dataset_split/test\tulip\3502251824_3be758edc6_m.jpg,tulip,tulip
E:/8semproject/dataset_split/test\tulip\3502632842_791dd4be18_n.jpg,tulip,rose
E:/8semproject/dataset_split/test\tulip\3510799169_0ed6ae9669_n.jpg,tulip,tulip
E:/8semproject/dataset_split/test\tulip\3523398585_376960a611_m.jpg,tulip,rose
E:/8semproject/dataset_split/test\tulip\3524204544_7233737b4f_m.jpg,tulip,rose
E:/8semproject/dataset_split/test\tulip\3529889389_ab4cb6c43b.jpg,tulip,gulbahar
E:/8semproject/dataset_split/test\tulip\3600510954_a51bfc5440_n.jpg,tulip,gulbahar
E:/8semproject/dataset_split/test\tulip\3614805920_7a6610aa4b_n.jpg,tulip,tulip
E:/8semproject/dataset_split/test\tulip\3637371174_a8dfcc1b35.jpg,tulip,dandelion
E:/8semproject/dataset_split/test\tulip\38287568_627de6ca20.jpg,tulip,tulip
E:/8semproject/dataset_split/test\tulip\3990746027_338ee436d2_n.jpg,tulip,tulip
E:/8semproject/dataset_split/test\tulip\402525114_eaa60c8341_m.jpg,tulip,tulip
E:/8semproject/dataset_split/test\tulip\4209052442_7e754f617c_n.jpg,tulip,tulip
E:/8semproject/dataset_split/test\tulip\4263272885_1a49ea5209.jpg,tulip,tulip
E:/8semproject/dataset_split/test\tulip\434146736_310a42d9cb_m.jpg,tulip,tulip
E:/8semproject/dataset_split/test\tulip\4353419275_79d3904074_n.jpg,tulip,tulip
E:/8semproject/dataset_split/test\tulip\4395433872_e073d8c721_n.jpg,tulip,tulip
E:/8semproject/dataset_split/test\tulip\440714501_9f8268e1b0.jpg,tulip,tulip
E:/8semproject/dataset_split/test\tulip\443600168_cb08d56511.jpg,tulip,tulip
E:/8semproject/dataset_split/test\tulip\444963906_e41492b692.jpg,tulip,tulip
E:/8semproject/dataset_split/test\tulip\4497976955_3f8c2a21c1_m.jpg,tulip,gulbahar
E:/8semproject/dataset_split/test\tulip\450607536_4fd9f5d17c_m.jpg,tulip,tulip
E:/8semproject/dataset_split/test\tulip\4520582070_d14a14f038.jpg,tulip,dandelion
E:/8semproject/dataset_split/test\tulip\4521496161_2b41d4182e.jpg,tulip,tulip
E:/8semproject/dataset_split/test\tulip\4522130258_9ee44cf73f_m.jpg,tulip,rhododendron
E:/8semproject/dataset_split/test\tulip\4550117239_5907aaba4c.jpg,tulip,tulip
E:/8semproject/dataset_split/test\tulip\4550278535_dfdf7b74ef.jpg,tulip,tulip
E:/8semproject/dataset_split/test\tulip\4562423077_00b16240dc_n.jpg,tulip,tulip
E:/8semproject/dataset_split/test\tulip\4571353297_5634177744_n.jpg,tulip,japakusum
E:/8semproject/dataset_split/test\tulip\4572955407_87f4805c7b.jpg,tulip,tulip
E:/8semproject/dataset_split/test\tulip\4579079143_f65b39dd9f.jpg,tulip,tulip
E:/8semproject/dataset_split/test\tulip\4587872443_a86c692cb8.jpg,tulip,gulbahar
E:/8semproject/dataset_split/test\tulip\4590702749_e1df8e0c1b.jpg,tulip,japakusum
E:/8semproject/dataset_split/test\tulip\4644110077_ff252cd7c4.jpg,tulip,tulip
E:/8semproject/dataset_split/test\tulip\4681062529_36186617d9.jpg,tulip,rose
E:/8semproject/dataset_split/test\tulip\480228053_513791d474.jpg,tulip,gulbahar
E:/8semproject/dataset_split/test\tulip\485266837_671def8627.jpg,tulip,tulip
E:/8semproject/dataset_split/test\tulip\4890786831_91bb82a9e4_n.jpg,tulip,tulip
E:/8semproject/dataset_split/test\tulip\489506904_9b68ba211c.jpg,tulip,dandelion
E:/8semproject/dataset_split/test\tulip\490541142_c37e2b4191_n.jpg,tulip,tulip
E:/8semproject/dataset_split/test\tulip\4945315538_97bdd873c4.jpg,tulip,tulip
E:/8semproject/dataset_split/test\tulip\5012813078_99fb977616_n.jpg,tulip,rose
E:/8semproject/dataset_split/test\tulip\5043225469_0aa23f3c8f_n.jpg,tulip,rose
E:/8semproject/dataset_split/test\tulip\518256494_368a72db37.jpg,tulip,tulip
E:/8semproject/dataset_split/test\tulip\5388013398_09a8a0f166_m.jpg,tulip,dandelion
E:/8semproject/dataset_split/test\tulip\5574219476_1f46775487_n.jpg,tulip,gulbahar
E:/8semproject/dataset_split/test\tulip\5632006303_15acd2cf1e_n.jpg,tulip,tulip
E:/8semproject/dataset_split/test\tulip\5634767665_0ae724774d.jpg,tulip,dandelion
E:/8semproject/dataset_split/test\tulip\5635347336_bc1400e939_n.jpg,tulip,tulip
E:/8semproject/dataset_split/test\tulip\5635348214_a4e2b19ffe.jpg,tulip,dandelion
E:/8semproject/dataset_split/test\tulip\5653364300_bc557236c7_n.jpg,tulip,tulip
E:/8semproject/dataset_split/test\tulip\5661431592_cea1108261_n.jpg,tulip,gulbahar
E:/8semproject/dataset_split/test\tulip\5666286130_1dc6f66f09_n.jpg,tulip,dandelion
E:/8semproject/dataset_split/test\tulip\5670916806_df4316006f_n.jpg,tulip,dandelion
E:/8semproject/dataset_split/test\tulip\5674127693_1ddbd81097.jpg,tulip,tulip
E:/8semproject/dataset_split/test\tulip\5674134129_2db5136cba.jpg,tulip,dandelion
E:/8semproject/dataset_split/test\tulip\5674167473_ac696c8989_n.jpg,tulip,dandelion
E:/8semproject/dataset_split/test\tulip\5674170543_73e3f403fb.jpg,tulip,dandelion
E:/8semproject/dataset_split/test\tulip\5680695867_baff72fc7c.jpg,tulip,tulip
E:/8semproject/dataset_split/test\tulip\5682463466_d3e641cb8b.jpg,tulip,tulip
E:/8semproject/dataset_split/test\tulip\5691090657_2f1e9bf49e_n.jpg,tulip,tulip
E:/8semproject/dataset_split/test\tulip\5697471591_200ff951fa_n.jpg,tulip,dandelion
E:/8semproject/dataset_split/test\tulip\5700394524_dc6f8fa9cd_n.jpg,tulip,dandelion
E:/8semproject/dataset_split/test\tulip\5700466891_2bcb17fa68_n.jpg,tulip,tulip
E:/8semproject/dataset_split/test\tulip\5716293002_a8be6a6dd3_n.jpg,tulip,tulip
E:/8semproject/dataset_split/test\tulip\5717949231_23e2d4c297_n.jpg,tulip,dandelion
E:/8semproject/dataset_split/test\tulip\5717950375_063b937e29_n.jpg,tulip,tulip
E:/8semproject/dataset_split/test\tulip\5717951019_739d8307d4_n.jpg,tulip,tulip
E:/8semproject/dataset_split/test\tulip\5717951105_72b6f58838_n.jpg,tulip,dandelion
E:/8semproject/dataset_split/test\tulip\5717951287_124cac32b1_n.jpg,tulip,tulip
E:/8semproject/dataset_split/test\tulip\5717951743_365f3f64b9_n.jpg,tulip,dandelion
E:/8semproject/dataset_split/test\tulip\5717951871_4af1b319eb_n.jpg,tulip,dandelion
E:/8semproject/dataset_split/test\tulip\5718511402_c20cb11cef_n.jpg,tulip,tulip
E:/8semproject/dataset_split/test\tulip\5718512060_b78a25c084_n.jpg,tulip,tulip
E:/8semproject/dataset_split/test\tulip\5718512892_a175a94c45_n.jpg,tulip,tulip
E:/8semproject/dataset_split/test\tulip\5718513040_8ea13a3599_n.jpg,tulip,dandelion
E:/8semproject/dataset_split/test\tulip\5718513354_673b6e8306_n.jpg,tulip,daisy
E:/8semproject/dataset_split/test\tulip\5719416820_3060e3c1f0.jpg,tulip,sunflower
E:/8semproject/dataset_split/test\tulip\5811004432_266f0f0c6f.jpg,tulip,dandelion
E:/8semproject/dataset_split/test\tulip\5813495998_64be1b8ab6_n.jpg,tulip,tulip
E:/8semproject/dataset_split/test\tulip\6187740107_9813ccc41e.jpg,tulip,amala
E:/8semproject/dataset_split/test\tulip\6227136437_6117068599_m.jpg,tulip,tulip
E:/8semproject/dataset_split/test\tulip\6770436217_281da51e49_n.jpg,tulip,daisy
E:/8semproject/dataset_split/test\tulip\6799076717_575944af91_m.jpg,tulip,tulip
E:/8semproject/dataset_split/test\tulip\6808860548_53796b90ca_n.jpg,tulip,tulip
E:/8semproject/dataset_split/test\tulip\6876631336_54bf150990.jpg,tulip,rose
E:/8semproject/dataset_split/test\tulip\6905876618_12732b74de_b.jpg,tulip,dandelion
E:/8semproject/dataset_split/test\tulip\6931489544_2f35025f7b_m.jpg,tulip,gulbahar
E:/8semproject/dataset_split/test\tulip\6931674908_8e93bd4554.jpg,tulip,tulip
E:/8semproject/dataset_split/test\tulip\6931708704_fccb06fea8.jpg,tulip,rose
E:/8semproject/dataset_split/test\tulip\6931715360_34edc5a372_m.jpg,tulip,gulbahar
E:/8semproject/dataset_split/test\tulip\6948277038_89d7ff42e2_m.jpg,tulip,gulbahar
E:/8semproject/dataset_split/test\tulip\6958343928_7e596da4ed_m.jpg,tulip,rose
E:/8semproject/dataset_split/test\tulip\6970683464_f70838ca3a_n.jpg,tulip,gulbahar
E:/8semproject/dataset_split/test\tulip\6982913043_3b873c6a25.jpg,tulip,gulbahar
E:/8semproject/dataset_split/test\tulip\7055500907_dcf2bb50e0.jpg,tulip,gulbahar
E:/8semproject/dataset_split/test\tulip\7064778965_ddcc6ee9f2.jpg,tulip,tulip
E:/8semproject/dataset_split/test\tulip\7094415739_6b29e5215c_m.jpg,tulip,gulbahar
E:/8semproject/dataset_split/test\tulip\7136973281_b2a935ce20.jpg,tulip,tulip
E:/8semproject/dataset_split/test\tulip\7144016605_e159b6c06b_m.jpg,tulip,tulip
E:/8semproject/dataset_split/test\tulip\7145978709_2d1596f462.jpg,tulip,gulbahar
E:/8semproject/dataset_split/test\tulip\7166544280_9d975c4d9a_n.jpg,tulip,rose
E:/8semproject/dataset_split/test\tulip\7166546934_c97b08c9d9_n.jpg,tulip,daisy
E:/8semproject/dataset_split/test\tulip\7166554924_432aaae4b2_n.jpg,tulip,dandelion
E:/8semproject/dataset_split/test\tulip\7166558370_f7f68983ea_n.jpg,tulip,dandelion
E:/8semproject/dataset_split/test\tulip\7166560822_27b1d1d132_n.jpg,tulip,dandelion
E:/8semproject/dataset_split/test\tulip\7166574936_3d93a510c5_n.jpg,tulip,dandelion
E:/8semproject/dataset_split/test\tulip\7166591854_93c0dd6f8d_n.jpg,tulip,gulbahar
E:/8semproject/dataset_split/test\tulip\7166596680_a01961a618_n.jpg,tulip,tulip
E:/8semproject/dataset_split/test\tulip\7166612682_711e680027_n.jpg,tulip,gulbahar
E:/8semproject/dataset_split/test\tulip\7166614014_5f0f8d715b_n.jpg,tulip,gulbahar
E:/8semproject/dataset_split/test\tulip\7166616072_1233051d98_n.jpg,tulip,gulbahar
E:/8semproject/dataset_split/test\tulip\7166620850_8a37b95972_n.jpg,tulip,tulip
E:/8semproject/dataset_split/test\tulip\7166635566_ee240b5408_n.jpg,tulip,dandelion
E:/8semproject/dataset_split/test\tulip\7179796338_05e8b1c87b.jpg,tulip,tulip
E:/8semproject/dataset_split/test\tulip\7205145492_baec4dbb94.jpg,tulip,tulip
E:/8semproject/dataset_split/test\tulip\7247182064_f8d6759446_n.jpg,tulip,tulip
E:/8semproject/dataset_split/test\tulip\7266196114_c2a736a15a_m.jpg,tulip,dandelion
E:/8semproject/dataset_split/test\tulip\7448453762_aea8739f1b.jpg,tulip,tulip
E:/8semproject/dataset_split/test\tulip\7481204112_e3c57dd40a_n.jpg,tulip,tulip
E:/8semproject/dataset_split/test\tulip\7481217920_6f65766a1c_n.jpg,tulip,tulip
E:/8semproject/dataset_split/test\tulip\8394186551_28eed83a94_m.jpg,tulip,gulbahar
E:/8semproject/dataset_split/test\tulip\8511683706_4173683d45_m.jpg,tulip,tulip
E:/8semproject/dataset_split/test\tulip\8520488975_a50d377f91.jpg,tulip,tulip
E:/8semproject/dataset_split/test\tulip\8521597402_4b6169ba05.jpg,tulip,gulbahar
E:/8semproject/dataset_split/test\tulip\8523133474_d2c0845b54.jpg,tulip,tulip
E:/8semproject/dataset_split/test\tulip\8572847041_d0cc07861f_n.jpg,tulip,gulbahar
E:/8semproject/dataset_split/test\tulip\8585102913_d80d3e2ff7_n.jpg,tulip,gulbahar
E:/8semproject/dataset_split/test\tulip\8585103457_d64697c3cf_n.jpg,tulip,gulbahar
E:/8semproject/dataset_split/test\tulip\8586205446_8953a6c70e_n.jpg,tulip,dandelion
E:/8semproject/dataset_split/test\tulip\8586205946_cda045f3f8_n.jpg,tulip,tulip
E:/8semproject/dataset_split/test\tulip\8601596054_33e40c2a7a.jpg,tulip,dandelion
E:/8semproject/dataset_split/test\tulip\8603340662_0779bd87fd.jpg,tulip,dandelion
E:/8semproject/dataset_split/test\tulip\8605564823_7a59d3d92a.jpg,tulip,dandelion
E:/8semproject/dataset_split/test\tulip\8614237582_74417799f4_m.jpg,tulip,gulbahar
E:/8semproject/dataset_split/test\tulip\8622237974_b362574785_n.jpg,tulip,tulip
E:/8semproject/dataset_split/test\tulip\8628453641_6f87755815_m.jpg,tulip,tulip
E:/8semproject/dataset_split/test\tulip\8669794378_97dda6036f_n.jpg,tulip,dandelion
E:/8semproject/dataset_split/test\tulip\8673412732_f8fd690ee4_n.jpg,tulip,tulip
E:/8semproject/dataset_split/test\tulip\8673416166_620fc18e2f_n.jpg,tulip,gulbahar
E:/8semproject/dataset_split/test\tulip\8686332852_c6dcb2e86b.jpg,tulip,dandelion
E:/8semproject/dataset_split/test\tulip\8687675254_c93f50d8b0_m.jpg,tulip,tulip
E:/8semproject/dataset_split/test\tulip\8688502760_1c8d6de921_m.jpg,tulip,dandelion
E:/8semproject/dataset_split/test\tulip\8689672277_b289909f97_n.jpg,tulip,tulip
E:/8semproject/dataset_split/test\tulip\8690789564_394eb04982_n.jpg,tulip,tulip
E:/8semproject/dataset_split/test\tulip\8695372372_302135aeb2.jpg,tulip,rose
E:/8semproject/dataset_split/test\tulip\8706523526_a0f161b72b.jpg,tulip,tulip
E:/8semproject/dataset_split/test\tulip\8708209606_d3aede4801.jpg,tulip,tulip
E:/8semproject/dataset_split/test\tulip\8710148289_6fc196a0f8_n.jpg,tulip,rose
E:/8semproject/dataset_split/test\tulip\8712244311_da8e90bf8e_n.jpg,tulip,tulip
E:/8semproject/dataset_split/test\tulip\8712267391_c756f18ee7_n.jpg,tulip,tulip
E:/8semproject/dataset_split/test\tulip\8712270243_8512cf4fbd.jpg,tulip,tulip
E:/8semproject/dataset_split/test\tulip\8713357842_9964a93473_n.jpg,tulip,tulip
E:/8semproject/dataset_split/test\tulip\8713387500_6a9138b41b_n.jpg,tulip,tulip
E:/8semproject/dataset_split/test\tulip\8713388322_e5ae26263b_n.jpg,tulip,tulip
E:/8semproject/dataset_split/test\tulip\8713390684_041148dd3e_n.jpg,tulip,tulip
E:/8semproject/dataset_split/test\tulip\8713392604_90631fb809_n.jpg,tulip,rose
E:/8semproject/dataset_split/test\tulip\8713397694_bcbcbba2c2_n.jpg,tulip,rose
E:/8semproject/dataset_split/test\tulip\8729501081_b993185542_m.jpg,tulip,dandelion
E:/8semproject/dataset_split/test\tulip\8757486380_90952c5377.jpg,tulip,tulip
E:/8semproject/dataset_split/test\tulip\8758464923_75a5ffe320_n.jpg,tulip,sunflower
E:/8semproject/dataset_split/test\tulip\8759597778_7fca5d434b_n.jpg,tulip,tulip
E:/8semproject/dataset_split/test\tulip\8759601388_36e2a50d98_n.jpg,tulip,tulip
E:/8semproject/dataset_split/test\tulip\8817622133_a42bb90e38_n.jpg,tulip,tulip
E:/8semproject/dataset_split/test\tulip\8838354855_c474fc66a3_m.jpg,tulip,gulbahar
E:/8semproject/dataset_split/test\tulip\8838914676_8ef4db7f50_n.jpg,tulip,tulip
E:/8semproject/dataset_split/test\tulip\9019694597_2d3bbedb17.jpg,tulip,tulip
E:/8semproject/dataset_split/test\tulip\9030467406_05e93ff171_n.jpg,tulip,tulip
E:/8semproject/dataset_split/test\tulip\9444202147_405290415b_n.jpg,tulip,rose
E:/8semproject/dataset_split/test\tulip\9870557734_88eb3b9e3b_n.jpg,tulip,daisy
E:/8semproject/dataset_split/test\tulip\9947374414_fdf1d0861c_n.jpg,tulip,dandelion
E:/8semproject/dataset_split/test\tulsi\3096px-Ocimum_tenuiflorum_28Tulsi29_Flower.jpeg,tulsi,gulbahar
E:/8semproject/dataset_split/test\tulsi\3456px-Flower_of_Tulsi.JPG.jpg,tulsi,gulbahar
E:/8semproject/dataset_split/test\tulsi\555811-tulsi.jpg,tulsi,dandelion
E:/8semproject/dataset_split/test\tulsi\HD-wallpaper-tulsi-flower-bloom-beautiful-flores-flower-leaves-spring-tulsi.jpg,tulsi,dandelion
E:/8semproject/dataset_split/test\tulsi\Holy-Basil.jpg,tulsi,gulbahar
E:/8semproject/dataset_split/test\tulsi\Ocimum_tenuiflorum2.jpg,tulsi,dandelion
E:/8semproject/dataset_split/test\tulsi\SQUARE-Tulsi_or_Tulasi_Holy_basil-1.jpg,tulsi,dandelion
E:/8semproject/dataset_split/test\tulsi\Temperate_tulsi_flowering_500.jpg,tulsi,gulbahar
E:/8semproject/dataset_split/test\tulsi\Tulsi-3.jpg,tulsi,gulbahar
E:/8semproject/dataset_split/test\tulsi\Tulsi-Holy-Basil-Flower-Herb.jpg,tulsi,dandelion
E:/8semproject/dataset_split/test\tulsi\Tulsi-flower.JPG.jpg,tulsi,dandelion
E:/8semproject/dataset_split/test\tulsi\Tulsi_Flower.jpg,tulsi,japakusum
E:/8semproject/dataset_split/test\tulsi\What-is-Tulsi-Mono-flora-Honey.jpg,tulsi,japakusum
E:/8semproject/dataset_split/test\tulsi\basil2.jpg,tulsi,dandelion
E:/8semproject/dataset_split/test\tulsi\basil3.jpg,tulsi,dandelion
E:/8semproject/dataset_split/test\tulsi\depositphotos_34634711-stock-photo-holy-basil.jpg,tulsi,dandelion
E:/8semproject/dataset_split/test\tulsi\depositphotos_358193726-stock-photo-indian-tulsi-ocimum-tenuiflorum-holy.jpg,tulsi,dandelion
E:/8semproject/dataset_split/test\tulsi\depositphotos_36520431-stock-photo-holy-basil-flowers-and-leaves.jpg,tulsi,gulbahar
E:/8semproject/dataset_split/test\tulsi\dry-holy-basil-or-tulsi-leaves-with-flower-over-white-background-HKNRY5.jpg,tulsi,gulbahar
E:/8semproject/dataset_split/test\tulsi\holy-basil-tulsi-fresh-green-260nw-1821952037.jpg,tulsi,amala
E:/8semproject/dataset_split/test\tulsi\il_fullxfull.2700165020_gqa9.jpg,tulsi,dandelion
E:/8semproject/dataset_split/test\tulsi\image10.jpeg,tulsi,tulsi
E:/8semproject/dataset_split/test\tulsi\image14.jpeg,tulsi,rose
E:/8semproject/dataset_split/test\tulsi\image15.jpeg,tulsi,dandelion
E:/8semproject/dataset_split/test\tulsi\image21.jpeg,tulsi,gulbahar
E:/8semproject/dataset_split/test\tulsi\image25.jpeg,tulsi,gulbahar
E:/8semproject/dataset_split/test\tulsi\image26.jpeg,tulsi,gulbahar
E:/8semproject/dataset_split/test\tulsi\image3.jpeg,tulsi,dandelion
E:/8semproject/dataset_split/test\tulsi\image30.jpeg,tulsi,dandelion
E:/8semproject/dataset_split/test\tulsi\image31.jpeg,tulsi,gulbahar
E:/8semproject/dataset_split/test\tulsi\image6.jpeg,tulsi,gulbahar
E:/8semproject/dataset_split/test\tulsi\image7.jpeg,tulsi,dandelion
E:/8semproject/dataset_split/test\tulsi\images.jpg,tulsi,amala
E:/8semproject/dataset_split/test\tulsi\images10.jpg,tulsi,gulbahar
E:/8semproject/dataset_split/test\tulsi\images101.jpg,tulsi,gulbahar
E:/8semproject/dataset_split/test\tulsi\images112.jpg,tulsi,daisy
E:/8semproject/dataset_split/test\tulsi\images117.jpg,tulsi,gulbahar
E:/8semproject/dataset_split/test\tulsi\images118.jpg,tulsi,dandelion
E:/8semproject/dataset_split/test\tulsi\images119.jpg,tulsi,dandelion
E:/8semproject/dataset_split/test\tulsi\images122.jpg,tulsi,tulsi
E:/8semproject/dataset_split/test\tulsi\images126.jpg,tulsi,gulbahar
E:/8semproject/dataset_split/test\tulsi\images127.jpg,tulsi,gulbahar
E:/8semproject/dataset_split/test\tulsi\images13.jpg,tulsi,gulbahar
E:/8semproject/dataset_split/test\tulsi\images130.jpg,tulsi,gulbahar
E:/8semproject/dataset_split/test\tulsi\images132.jpg,tulsi,gulbahar
E:/8semproject/dataset_split/test\tulsi\images134.jpg,tulsi,dandelion
E:/8semproject/dataset_split/test\tulsi\images139.jpg,tulsi,dandelion
E:/8semproject/dataset_split/test\tulsi\images14.jpg,tulsi,dandelion
E:/8semproject/dataset_split/test\tulsi\images140.jpg,tulsi,dandelion
E:/8semproject/dataset_split/test\tulsi\images147.jpg,tulsi,dandelion
E:/8semproject/dataset_split/test\tulsi\images148.jpg,tulsi,dandelion
E:/8semproject/dataset_split/test\tulsi\images159.jpg,tulsi,dandelion
E:/8semproject/dataset_split/test\tulsi\images165.jpg,tulsi,dandelion
E:/8semproject/dataset_split/test\tulsi\images166.jpg,tulsi,gulbahar
E:/8semproject/dataset_split/test\tulsi\images168.jpg,tulsi,dandelion
E:/8semproject/dataset_split/test\tulsi\images182.jpg,tulsi,dandelion
E:/8semproject/dataset_split/test\tulsi\images184.jpg,tulsi,amala
E:/8semproject/dataset_split/test\tulsi\images193.jpg,tulsi,gulbahar
E:/8semproject/dataset_split/test\tulsi\images196.jpg,tulsi,dandelion
E:/8semproject/dataset_split/test\tulsi\images198.jpg,tulsi,tulsi
E:/8semproject/dataset_split/test\tulsi\images199.jpg,tulsi,amala
E:/8semproject/dataset_split/test\tulsi\images201.jpg,tulsi,dandelion
E:/8semproject/dataset_split/test\tulsi\images203.jpg,tulsi,rhododendron
E:/8semproject/dataset_split/test\tulsi\images211.jpg,tulsi,dandelion
E:/8semproject/dataset_split/test\tulsi\images218.jpg,tulsi,gulbahar
E:/8semproject/dataset_split/test\tulsi\images219.jpg,tulsi,dandelion
E:/8semproject/dataset_split/test\tulsi\images225.jpg,tulsi,tulsi
E:/8semproject/dataset_split/test\tulsi\images226.jpg,tulsi,gulbahar
E:/8semproject/dataset_split/test\tulsi\images230.jpg,tulsi,daisy
E:/8semproject/dataset_split/test\tulsi\images233.jpg,tulsi,gulbahar
E:/8semproject/dataset_split/test\tulsi\images236.jpg,tulsi,dandelion
E:/8semproject/dataset_split/test\tulsi\images240.jpg,tulsi,gulbahar
E:/8semproject/dataset_split/test\tulsi\images242.jpg,tulsi,gulbahar
E:/8semproject/dataset_split/test\tulsi\images244.jpg,tulsi,tulsi
E:/8semproject/dataset_split/test\tulsi\images245.jpg,tulsi,gulbahar
E:/8semproject/dataset_split/test\tulsi\images246.jpg,tulsi,gulbahar
E:/8semproject/dataset_split/test\tulsi\images247.jpg,tulsi,dandelion
E:/8semproject/dataset_split/test\tulsi\images252.jpg,tulsi,tulsi
E:/8semproject/dataset_split/test\tulsi\images262.jpg,tulsi,dandelion
E:/8semproject/dataset_split/test\tulsi\images265.jpg,tulsi,gulbahar
E:/8semproject/dataset_split/test\tulsi\images27.jpg,tulsi,amala
E:/8semproject/dataset_split/test\tulsi\images270.jpg,tulsi,gulbahar
E:/8semproject/dataset_split/test\tulsi\images271.jpg,tulsi,dandelion
E:/8semproject/dataset_split/test\tulsi\images273.jpg,tulsi,dandelion
E:/8semproject/dataset_split/test\tulsi\images285.jpg,tulsi,gulbahar
E:/8semproject/dataset_split/test\tulsi\images286.jpg,tulsi,gulbahar
E:/8semproject/dataset_split/test\tulsi\images287.jpg,tulsi,gulbahar
E:/8semproject/dataset_split/test\tulsi\images289.jpg,tulsi,dandelion
E:/8semproject/dataset_split/test\tulsi\images290.jpg,tulsi,rhododendron
E:/8semproject/dataset_split/test\tulsi\images292.jpg,tulsi,tulsi
E:/8semproject/dataset_split/test\tulsi\images294.jpg,tulsi,gulbahar
E:/8semproject/dataset_split/test\tulsi\images296.jpg,tulsi,dandelion
E:/8semproject/dataset_split/test\tulsi\images3.jpg,tulsi,gulbahar
E:/8semproject/dataset_split/test\tulsi\images301.jpg,tulsi,gulbahar
E:/8semproject/dataset_split/test\tulsi\images302.jpg,tulsi,dandelion
E:/8semproject/dataset_split/test\tulsi\images305.jpg,tulsi,gulbahar
E:/8semproject/dataset_split/test\tulsi\images306.jpg,tulsi,gulbahar
E:/8semproject/dataset_split/test\tulsi\images307.jpg,tulsi,gulbahar
E:/8semproject/dataset_split/test\tulsi\images310.jpg,tulsi,tulsi
E:/8semproject/dataset_split/test\tulsi\images322.jpg,tulsi,gulbahar
E:/8semproject/dataset_split/test\tulsi\images324.jpg,tulsi,gulbahar
E:/8semproject/dataset_split/test\tulsi\images329.jpg,tulsi,dandelion
E:/8semproject/dataset_split/test\tulsi\images333.jpg,tulsi,gulbahar
E:/8semproject/dataset_split/test\tulsi\images337.jpg,tulsi,gulbahar
E:/8semproject/dataset_split/test\tulsi\images346.jpg,tulsi,gulbahar
E:/8semproject/dataset_split/test\tulsi\images350.jpg,tulsi,tulsi
E:/8semproject/dataset_split/test\tulsi\images352.jpg,tulsi,gulbahar
E:/8semproject/dataset_split/test\tulsi\images353.jpg,tulsi,gulbahar
E:/8semproject/dataset_split/test\tulsi\images358.jpg,tulsi,gulbahar
E:/8semproject/dataset_split/test\tulsi\images36.jpg,tulsi,gulbahar
E:/8semproject/dataset_split/test\tulsi\images360.jpg,tulsi,gulbahar
E:/8semproject/dataset_split/test\tulsi\images364.jpg,tulsi,amala
E:/8semproject/dataset_split/test\tulsi\images370.jpg,tulsi,gulbahar
E:/8semproject/dataset_split/test\tulsi\images371.jpg,tulsi,gulbahar
E:/8semproject/dataset_split/test\tulsi\images373.jpg,tulsi,gulbahar
E:/8semproject/dataset_split/test\tulsi\images374.jpg,tulsi,gulbahar
E:/8semproject/dataset_split/test\tulsi\images379.jpg,tulsi,rhododendron
E:/8semproject/dataset_split/test\tulsi\images380.jpg,tulsi,dandelion
E:/8semproject/dataset_split/test\tulsi\images383.jpg,tulsi,gulbahar
E:/8semproject/dataset_split/test\tulsi\images39.jpg,tulsi,gulbahar
E:/8semproject/dataset_split/test\tulsi\images391.jpg,tulsi,rhododendron
E:/8semproject/dataset_split/test\tulsi\images395.jpg,tulsi,dandelion
E:/8semproject/dataset_split/test\tulsi\images401.jpg,tulsi,dandelion
E:/8semproject/dataset_split/test\tulsi\images402.jpg,tulsi,gulbahar
E:/8semproject/dataset_split/test\tulsi\images403.jpg,tulsi,dandelion
E:/8semproject/dataset_split/test\tulsi\images404.jpg,tulsi,gulbahar
E:/8semproject/dataset_split/test\tulsi\images407.jpg,tulsi,tulsi
E:/8semproject/dataset_split/test\tulsi\images411.jpg,tulsi,dandelion
E:/8semproject/dataset_split/test\tulsi\images419.jpg,tulsi,tulsi
E:/8semproject/dataset_split/test\tulsi\images422.jpg,tulsi,tulsi
E:/8semproject/dataset_split/test\tulsi\images423.jpg,tulsi,dandelion
E:/8semproject/dataset_split/test\tulsi\images425.jpg,tulsi,amala
E:/8semproject/dataset_split/test\tulsi\images429.jpg,tulsi,gulbahar
E:/8semproject/dataset_split/test\tulsi\images431.jpg,tulsi,dandelion
E:/8semproject/dataset_split/test\tulsi\images432.jpg,tulsi,amala
E:/8semproject/dataset_split/test\tulsi\images440.jpg,tulsi,tulsi
E:/8semproject/dataset_split/test\tulsi\images442.jpg,tulsi,gulbahar
E:/8semproject/dataset_split/test\tulsi\images449.jpg,tulsi,gulbahar
E:/8semproject/dataset_split/test\tulsi\images456.jpg,tulsi,tulsi
E:/8semproject/dataset_split/test\tulsi\images46.jpg,tulsi,gulbahar
E:/8semproject/dataset_split/test\tulsi\images462.jpg,tulsi,dandelion
E:/8semproject/dataset_split/test\tulsi\images465.jpg,tulsi,gulbahar
E:/8semproject/dataset_split/test\tulsi\images466.jpg,tulsi,dandelion
E:/8semproject/dataset_split/test\tulsi\images469.jpg,tulsi,amala
E:/8semproject/dataset_split/test\tulsi\images473.jpg,tulsi,gulbahar
E:/8semproject/dataset_split/test\tulsi\images475.jpg,tulsi,gulbahar
E:/8semproject/dataset_split/test\tulsi\images476.jpg,tulsi,gulbahar
E:/8semproject/dataset_split/test\tulsi\images479.jpg,tulsi,dandelion
E:/8semproject/dataset_split/test\tulsi\images48.jpg,tulsi,dandelion
E:/8semproject/dataset_split/test\tulsi\images483.jpg,tulsi,amala
E:/8semproject/dataset_split/test\tulsi\images488.jpg,tulsi,gulbahar
E:/8semproject/dataset_split/test\tulsi\images489.jpg,tulsi,dandelion
E:/8semproject/dataset_split/test\tulsi\images49.jpg,tulsi,gulbahar
E:/8semproject/dataset_split/test\tulsi\images493.jpg,tulsi,gulbahar
E:/8semproject/dataset_split/test\tulsi\images499.jpg,tulsi,gulbahar
E:/8semproject/dataset_split/test\tulsi\images504.jpg,tulsi,gulbahar
E:/8semproject/dataset_split/test\tulsi\images510.jpg,tulsi,gulbahar
E:/8semproject/dataset_split/test\tulsi\images512.jpg,tulsi,rose
E:/8semproject/dataset_split/test\tulsi\images513.jpg,tulsi,dandelion
E:/8semproject/dataset_split/test\tulsi\images527.jpg,tulsi,gulbahar
E:/8semproject/dataset_split/test\tulsi\images531.jpg,tulsi,dandelion
E:/8semproject/dataset_split/test\tulsi\images534.jpg,tulsi,tulip
E:/8semproject/dataset_split/test\tulsi\images536.jpg,tulsi,gulbahar
E:/8semproject/dataset_split/test\tulsi\images54.jpg,tulsi,dandelion
E:/8semproject/dataset_split/test\tulsi\images543.jpg,tulsi,gulbahar
E:/8semproject/dataset_split/test\tulsi\images551.jpg,tulsi,gulbahar
E:/8semproject/dataset_split/test\tulsi\images560.jpg,tulsi,gulbahar
E:/8semproject/dataset_split/test\tulsi\images561.jpg,tulsi,japakusum
E:/8semproject/dataset_split/test\tulsi\images568.jpg,tulsi,gulbahar
E:/8semproject/dataset_split/test\tulsi\images569.jpg,tulsi,gulbahar
E:/8semproject/dataset_split/test\tulsi\images570.jpg,tulsi,gulbahar
E:/8semproject/dataset_split/test\tulsi\images571.jpg,tulsi,dandelion
E:/8semproject/dataset_split/test\tulsi\images572.jpg,tulsi,dandelion
E:/8semproject/dataset_split/test\tulsi\images581.jpg,tulsi,dandelion
E:/8semproject/dataset_split/test\tulsi\images582.jpg,tulsi,tulsi
E:/8semproject/dataset_split/test\tulsi\images591.jpg,tulsi,tulsi
E:/8semproject/dataset_split/test\tulsi\images595.jpg,tulsi,dandelion
E:/8semproject/dataset_split/test\tulsi\images603.jpg,tulsi,amala
E:/8semproject/dataset_split/test\tulsi\images612.jpg,tulsi,gulbahar
E:/8semproject/dataset_split/test\tulsi\images613.jpg,tulsi,dandelion
E:/8semproject/dataset_split/test\tulsi\images615.jpg,tulsi,dandelion
E:/8semproject/dataset_split/test\tulsi\images617.jpg,tulsi,dandelion
E:/8semproject/dataset_split/test\tulsi\images619.jpg,tulsi,gulbahar
E:/8semproject/dataset_split/test\tulsi\images62.jpg,tulsi,dandelion
E:/8semproject/dataset_split/test\tulsi\images620.jpg,tulsi,gulbahar
E:/8semproject/dataset_split/test\tulsi\images621.jpg,tulsi,dandelion
E:/8semproject/dataset_split/test\tulsi\images622.jpg,tulsi,rhododendron
E:/8semproject/dataset_split/test\tulsi\images623.jpg,tulsi,daisy
E:/8semproject/dataset_split/test\tulsi\images624.jpg,tulsi,gulbahar
E:/8semproject/dataset_split/test\tulsi\images625.jpg,tulsi,gulbahar
E:/8semproject/dataset_split/test\tulsi\images628.jpg,tulsi,tulsi
E:/8semproject/dataset_split/test\tulsi\images629.jpg,tulsi,baganbilas
E:/8semproject/dataset_split/test\tulsi\images631.jpg,tulsi,tulip
E:/8semproject/dataset_split/test\tulsi\images642.jpg,tulsi,gulbahar
E:/8semproject/dataset_split/test\tulsi\images645.jpg,tulsi,dandelion
E:/8semproject/dataset_split/test\tulsi\images646.jpg,tulsi,gulbahar
E:/8semproject/dataset_split/test\tulsi\images647.jpg,tulsi,dandelion
E:/8semproject/dataset_split/test\tulsi\images653.jpg,tulsi,gulbahar
E:/8semproject/dataset_split/test\tulsi\images656.jpg,tulsi,dandelion
E:/8semproject/dataset_split/test\tulsi\images657.jpg,tulsi,gulbahar
E:/8semproject/dataset_split/test\tulsi\images658.jpg,tulsi,dandelion
E:/8semproject/dataset_split/test\tulsi\images66.jpg,tulsi,dandelion
E:/8semproject/dataset_split/test\tulsi\images660.jpg,tulsi,gulbahar
E:/8semproject/dataset_split/test\tulsi\images661.jpg,tulsi,tulsi
E:/8semproject/dataset_split/test\tulsi\images665.jpg,tulsi,dandelion
E:/8semproject/dataset_split/test\tulsi\images671.jpg,tulsi,dandelion
E:/8semproject/dataset_split/test\tulsi\images672.jpg,tulsi,gulbahar
E:/8semproject/dataset_split/test\tulsi\images673.jpg,tulsi,gulbahar
E:/8semproject/dataset_split/test\tulsi\images679.jpg,tulsi,gulbahar
E:/8semproject/dataset_split/test\tulsi\images687.jpg,tulsi,dandelion
E:/8semproject/dataset_split/test\tulsi\images72.jpg,tulsi,gulbahar
E:/8semproject/dataset_split/test\tulsi\images76.jpg,tulsi,dandelion
E:/8semproject/dataset_split/test\tulsi\images77.jpg,tulsi,dandelion
E:/8semproject/dataset_split/test\tulsi\images78.jpg,tulsi,gulbahar
E:/8semproject/dataset_split/test\tulsi\images83.jpg,tulsi,dandelion
E:/8semproject/dataset_split/test\tulsi\images86.jpg,tulsi,amala
E:/8semproject/dataset_split/test\tulsi\images94.jpg,tulsi,dandelion
E:/8semproject/dataset_split/test\tulsi\images97.jpg,tulsi,gulbahar
E:/8semproject/dataset_split/test\tulsi\isolated-holy-basil-plant-green-260nw-2005880138.jpg,tulsi,gulbahar
E:/8semproject/dataset_split/test\tulsi\kapoor-tulsi.jpg,tulsi,dandelion
E:/8semproject/dataset_split/test\tulsi\maxresdefault.jpg,tulsi,dandelion
E:/8semproject/dataset_split/test\tulsi\plant.jpg,tulsi,dandelion
E:/8semproject/dataset_split/test\tulsi\shutterstock_389593348.jpg,tulsi,dandelion
E:/8semproject/dataset_split/test\tulsi\tulasi-4709017_960_720.jpg,tulsi,gulbahar
E:/8semproject/dataset_split/test\tulsi\tulasi-flower-250x250.jpg,tulsi,tulsi
E:/8semproject/dataset_split/test\tulsi\tulsi.jpg,tulsi,dandelion
E:/8semproject/dataset_split/test\tulsi\viber_image_2025-09-23_19-26-35-397.jpg,tulsi,dandelion
E:/8semproject/dataset_split/test\tulsi\viber_image_2025-09-23_19-26-37-035.jpg,tulsi,dandelion
E:/8semproject/dataset_split/test\tulsi\viber_image_2025-09-23_19-26-37-435.jpg,tulsi,dandelion
E:/8semproject/dataset_split/test\tulsi\viber_image_2025-09-23_19-26-38-680.jpg,tulsi,dandelion
E:/8semproject/dataset_split/test\tulsi\viber_image_2025-09-23_19-26-39-104.jpg,tulsi,dandelion
E:/8semproject/dataset_split/test\tulsi\viber_image_2025-09-23_19-26-40-461.jpg,tulsi,gulbahar
E:/8semproject/dataset_split/test\tulsi\viber_image_2025-09-23_19-26-44-820.jpg,tulsi,dandelion
E:/8semproject/dataset_split/test\tulsi\viber_image_2025-09-23_19-26-46-659.jpg,tulsi,dandelion
E:/8semproject/dataset_split/test\tulsi\viber_image_2025-09-23_19-26-49-116.jpg,tulsi,gulbahar
E:/8semproject/dataset_split/test\tulsi\viber_image_2025-09-23_19-26-49-539.jpg,tulsi,dandelion
E:/8semproject/dataset_split/test\tulsi\viber_image_2025-09-23_19-26-51-991.jpg,tulsi,gulbahar
E:/8semproject/dataset_split/test\tulsi\viber_image_2025-09-23_19-26-52-418.jpg,tulsi,gulbahar
E:/8semproject/dataset_split/test\tulsi\whatistulsi2-1.jpg,tulsi,dandelion
